CANAL,ORDEN,SKU,TITULO_MKT,CANTIDAD,MONTO,FECHA
PARIS,3040814000,KLEF0091,ENFRIADOR DE AIRE MISTRAL,14,1399860.0,2025-09-01
FALABELLA,2107678294,KLBC0074,POOLTEMP NEO INVERTER 13,1,1249990.0,2023-10-08
FALABELLA,2125822349,KLBC0074,POOLTEMP NEO INVERTER 13,1,1249990.0,2023-11-25
FALABELLA,2125939751,KLBC0074,POOLTEMP NEO INVERTER 13,1,1249990.0,2023-11-25
FALABELLA,2117084678,KLBC0073,POOLTEMP NEO INVERTER 9,1,1199990.0,2023-11-06
FALABELLA,2136393299,KLBC0073,POOLTEMP NEO INVERTER 9,1,1199990.0,2023-11-12
FALABELLA,2156468672,KLBC0073,POOLTEMP NEO INVERTER 9,1,1199990.0,2024-01-21
FALABELLA,2136147677,KLGE0003,WATSON 2200,2,999980.0,2023-11-12
FALABELLA,2102576612,KLBC0072,POOLTEMP NEO INVERTER 7,1,899990.0,2023-10-02
PARIS,2747957350,KLPB0018,4.27 X 2.75 X 1 m 8 m3,2,839980.0,2024-10-13
FALABELLA,2576335909,KLES0012,CALEFACTOR BIOSMART IR04,3,749970.0,2024-09-14
PARIS,2747055930,KLPB0018,4.27 X 2.75 X 1 m 8 m3,2,739980.0,2024-10-06
PARIS,2741247740,KLPB0018,4.27 X 2.75 X 1 m 8 m3,2,719980.0,2024-09-30
FALABELLA,2596284412,KLPB0018,4.27 X 2.75 X 1 m 8 m3,2,699980.0,2024-10-02
MERCADOLIBRE,2000012597496030,KLES0036,WALLY 1000 INVERTER,5,679220.0,2026-04-20
FALABELLA,2627601122,KLPB0029,"Ventanas 4x2,07x1,22 8 m3",1,649990.0,2024-11-13
FALABELLA,2627673592,KLPB0029,"Ventanas 4x2,07x1,22 8 m3",1,649990.0,2024-11-13
FALABELLA,2633259950,KLPB0029,"Ventanas 4x2,07x1,22 8 m3",1,649990.0,2024-11-21
FALABELLA,2633269074,KLPB0029,"Ventanas 4x2,07x1,22 8 m3",1,649990.0,2024-11-21
FALABELLA,2637453317,KLPB0029,"Ventanas 4x2,07x1,22 8 m3",1,649990.0,2024-11-27
FALABELLA,2637459677,KLPB0029,"Ventanas 4x2,07x1,22 8 m3",1,649990.0,2024-11-27
FALABELLA,2644731399,KLPB0029,"Ventanas 4x2,07x1,22 8 m3",1,649990.0,2024-11-30
FALABELLA,2674702820,KLPB0029,"Ventanas 4x2,07x1,22 8 m3",1,649990.0,2024-12-18
FALABELLA,2678604652,KLPB0029,"Ventanas 4x2,07x1,22 8 m3",1,649990.0,2024-12-21
FALABELLA,2679463735,KLPB0029,"Ventanas 4x2,07x1,22 8 m3",1,649990.0,2024-12-22
FALABELLA,2679628917,KLPB0029,"Ventanas 4x2,07x1,22 8 m3",1,649990.0,2024-12-22
FALABELLA,2680622659,KLPB0029,"Ventanas 4x2,07x1,22 8 m3",1,649990.0,2024-12-23
FALABELLA,2569592489,KLPB0018,4.27 X 2.75 X 1 m 8 m3,1,639990.0,2024-09-05
FALABELLA,2575684668,KLPB0018,4.27 X 2.75 X 1 m 8 m3,1,639990.0,2024-09-13
MERCADOLIBRE,2000005479775074,KLSU0008,ZRAY R2,1,639990.0,2023-04-17
FALABELLA,2642595174,KLPB0029,"Ventanas 4x2,07x1,22 8 m3",1,619990.0,2024-11-29
FALABELLA,2656322731,KLPB0029,"Ventanas 4x2,07x1,22 8 m3",1,619990.0,2024-12-06
FALABELLA,2659364394,KLPB0029,"Ventanas 4x2,07x1,22 8 m3",1,619990.0,2024-12-08
PARIS,2769565800,KLPB0029,"Ventanas 4x2,07x1,22 8 m3",1,619990.0,2025-01-16
PARIS,2769746091,KLPB0029,"Ventanas 4x2,07x1,22 8 m3",1,619990.0,2025-01-17
PARIS,2770172350,KLPB0029,"Ventanas 4x2,07x1,22 8 m3",1,619990.0,2025-01-21
PARIS,2770514661,KLPB0029,"Ventanas 4x2,07x1,22 8 m3",1,619990.0,2025-01-23
PARIS,2770836540,KLPB0029,"Ventanas 4x2,07x1,22 8 m3",1,619990.0,2025-01-25
FALABELLA,2565619752,KLPB0021,4 x 2.07 x 1.22 cm 8 m3,1,599990.0,2024-09-01
FALABELLA,2158164102,KLPB0029,"Ventanas 4x2,07x1,22 8 m3",1,599990.0,2024-01-25
FALABELLA,2577971379,KLPB0029,"Ventanas 4x2,07x1,22 8 m3",1,599990.0,2024-09-16
FALABELLA,2582439645,KLPB0029,"Ventanas 4x2,07x1,22 8 m3",1,599990.0,2024-09-24
PARIS,2766011580,KLPB0029,"Ventanas 4x2,07x1,22 8 m3",1,599990.0,2024-12-25
FALABELLA,2078528315,KLGE0003,WATSON 2200,1,599990.0,2023-07-20
FALABELLA,2199444256,KLGE0003,WATSON 2200,1,599990.0,2024-04-28
FALABELLA,2220032418,KLGE0003,WATSON 2200,1,599990.0,2024-05-26
FALABELLA,2257993361,KLGE0003,WATSON 2200,1,599990.0,2024-06-22
FALABELLA,2544150530,KLGE0003,WATSON 2200,1,599990.0,2024-08-05
FALABELLA,2545893468,KLGE0003,WATSON 2200,1,599990.0,2024-08-07
FALABELLA,2546093888,KLGE0003,WATSON 2200,1,599990.0,2024-08-07
FALABELLA,2547150895,KLGE0003,WATSON 2200,1,599990.0,2024-08-08
FALABELLA,2547627040,KLGE0003,WATSON 2200,1,599990.0,2024-08-09
FALABELLA,2161721429,KLPB0029,"Ventanas 4x2,07x1,22 8 m3",1,569990.0,2024-02-03
FALABELLA,2553541049,KLPB0029,"Ventanas 4x2,07x1,22 8 m3",1,569990.0,2024-08-17
FALABELLA,2133358495,KLPB0021,4 x 2.07 x 1.22 cm 8 m3,1,559990.0,2023-06-12
FALABELLA,2136745215,KLPB0021,4 x 2.07 x 1.22 cm 8 m3,1,559990.0,2023-12-12
FALABELLA,2149341603,KLPB0021,4 x 2.07 x 1.22 cm 8 m3,1,559990.0,2024-01-04
FALABELLA,2154374660,KLPB0021,4 x 2.07 x 1.22 cm 8 m3,1,559990.0,2024-01-16
FALABELLA,2154868229,KLPB0021,4 x 2.07 x 1.22 cm 8 m3,1,559990.0,2024-01-17
FALABELLA,2155358586,KLPB0021,4 x 2.07 x 1.22 cm 8 m3,1,559990.0,2024-01-18
FALABELLA,2159384694,KLPB0021,4 x 2.07 x 1.22 cm 8 m3,1,559990.0,2024-01-29
FALABELLA,2123649632,KLPB0029,"Ventanas 4x2,07x1,22 8 m3",1,549990.0,2023-11-23
FALABELLA,2124668588,KLPB0029,"Ventanas 4x2,07x1,22 8 m3",1,549990.0,2023-11-24
FALABELLA,2125694337,KLPB0029,"Ventanas 4x2,07x1,22 8 m3",1,549990.0,2023-11-25
FALABELLA,2131479423,KLPB0029,"Ventanas 4x2,07x1,22 8 m3",1,549990.0,2023-03-12
FALABELLA,2131501746,KLPB0029,"Ventanas 4x2,07x1,22 8 m3",1,549990.0,2023-03-12
FALABELLA,2135329566,KLPB0029,"Ventanas 4x2,07x1,22 8 m3",1,549990.0,2023-10-12
FALABELLA,2135668404,KLPB0029,"Ventanas 4x2,07x1,22 8 m3",1,549990.0,2023-10-12
FALABELLA,2135952949,KLPB0029,"Ventanas 4x2,07x1,22 8 m3",1,549990.0,2023-11-12
FALABELLA,2153721336,KLPB0029,"Ventanas 4x2,07x1,22 8 m3",1,549990.0,2024-01-14
FALABELLA,2153898483,KLPB0029,"Ventanas 4x2,07x1,22 8 m3",1,549990.0,2024-01-15
FALABELLA,2160942533,KLPB0029,"Ventanas 4x2,07x1,22 8 m3",1,549990.0,2024-02-01
FALABELLA,2161993176,KLPB0029,"Ventanas 4x2,07x1,22 8 m3",1,549990.0,2024-02-04
FALABELLA,2163774442,KLPB0029,"Ventanas 4x2,07x1,22 8 m3",1,549990.0,2024-02-08
FALABELLA,2168572934,KLPB0029,"Ventanas 4x2,07x1,22 8 m3",1,549990.0,2024-02-20
FALABELLA,2168948249,KLPB0029,"Ventanas 4x2,07x1,22 8 m3",1,549990.0,2024-02-21
PARIS,2739779651,KLPB0029,"Ventanas 4x2,07x1,22 8 m3",1,549990.0,2024-09-29
PARIS,2743715940,KLPB0029,"Ventanas 4x2,07x1,22 8 m3",1,549990.0,2024-10-01
PARIS,2745626170,KLPB0029,"Ventanas 4x2,07x1,22 8 m3",1,549990.0,2024-10-02
PARIS,2746827900,KLPB0029,"Ventanas 4x2,07x1,22 8 m3",1,549990.0,2024-10-05
FALABELLA,2070776445,KLGE0003,WATSON 2200,1,539990.0,2023-06-13
FALABELLA,2072476759,KLGE0003,WATSON 2200,1,539990.0,2023-06-22
FALABELLA,2087769432,KLGE0003,WATSON 2200,1,539990.0,2023-08-29
FALABELLA,2091688818,KLGE0003,WATSON 2200,1,539990.0,2023-09-07
FALABELLA,2094868033,KLGE0003,WATSON 2200,1,539990.0,2023-09-15
FALABELLA,2111978375,KLGE0003,WATSON 2200,1,539990.0,2023-10-23
FALABELLA,2119634846,KLGE0003,WATSON 2200,1,539990.0,2023-11-13
FALABELLA,2556401438,KLPB0021,4 x 2.07 x 1.22 cm 8 m3,1,529990.0,2024-08-21
FALABELLA,2559747320,KLPB0021,4 x 2.07 x 1.22 cm 8 m3,1,529990.0,2024-08-25
FALABELLA,2120873653,KLPB0029,"Ventanas 4x2,07x1,22 8 m3",1,529990.0,2023-11-16
FALABELLA,2126429098,KLPB0029,"Ventanas 4x2,07x1,22 8 m3",1,529990.0,2023-11-26
FALABELLA,2502726476,KLPB0029,"Ventanas 4x2,07x1,22 8 m3",1,529990.0,2024-06-29
FALABELLA,2124682478,KLPB0021,4 x 2.07 x 1.22 cm 8 m3,1,519990.0,2023-11-24
FALABELLA,2150128283,KLPB0021,4 x 2.07 x 1.22 cm 8 m3,1,519990.0,2024-01-06
FALABELLA,2150437703,KLPB0021,4 x 2.07 x 1.22 cm 8 m3,1,519990.0,2024-01-07
FALABELLA,2153225840,KLPB0029,"Ventanas 4x2,07x1,22 8 m3",1,519990.0,2024-01-13
FALABELLA,2153520108,KLPB0029,"Ventanas 4x2,07x1,22 8 m3",1,519990.0,2024-01-14
FALABELLA,2167509372,KLPB0029,"Ventanas 4x2,07x1,22 8 m3",1,519990.0,2024-02-18
FALABELLA,2167632158,KLPB0029,"Ventanas 4x2,07x1,22 8 m3",1,519990.0,2024-02-18
FALABELLA,2167671265,KLPB0029,"Ventanas 4x2,07x1,22 8 m3",1,519990.0,2024-02-18
FALABELLA,2174075071,KLPB0029,"Ventanas 4x2,07x1,22 8 m3",1,519990.0,2024-03-04
FALABELLA,2177847517,KLPB0029,"Ventanas 4x2,07x1,22 8 m3",1,519990.0,2024-03-12
FALABELLA,2586024586,KLPB0029,"Ventanas 4x2,07x1,22 8 m3",1,519990.0,2024-09-30
FALABELLA,2586500323,KLPB0029,"Ventanas 4x2,07x1,22 8 m3",1,519990.0,2024-09-30
FALABELLA,2586995751,KLPB0029,"Ventanas 4x2,07x1,22 8 m3",1,519990.0,2024-09-30
FALABELLA,2587149990,KLPB0029,"Ventanas 4x2,07x1,22 8 m3",1,519990.0,2024-09-30
FALABELLA,2587768978,KLPB0029,"Ventanas 4x2,07x1,22 8 m3",1,519990.0,2024-09-30
FALABELLA,2588776181,KLPB0029,"Ventanas 4x2,07x1,22 8 m3",1,519990.0,2024-09-30
FALABELLA,2588942770,KLPB0029,"Ventanas 4x2,07x1,22 8 m3",1,519990.0,2024-09-30
FALABELLA,2588952297,KLPB0029,"Ventanas 4x2,07x1,22 8 m3",1,519990.0,2024-09-30
FALABELLA,2588979191,KLPB0029,"Ventanas 4x2,07x1,22 8 m3",1,519990.0,2024-09-30
FALABELLA,2589326709,KLPB0029,"Ventanas 4x2,07x1,22 8 m3",1,519990.0,2024-09-30
FALABELLA,2589481782,KLPB0029,"Ventanas 4x2,07x1,22 8 m3",1,519990.0,2024-09-30
FALABELLA,2590516952,KLPB0029,"Ventanas 4x2,07x1,22 8 m3",1,519990.0,2024-09-30
PARIS,3083897500,KLVE0001,Purificador Eolia,13,519870.0,2026-02-07
RIPLEY,24184015901,KLPB0029,"Ventanas 4x2,07x1,22 8 m3",1,509990.0,2025-11-30
RIPLEY,24315202801,KLPB0029,"Ventanas 4x2,07x1,22 8 m3",1,509990.0,2025-12-29
MERCADOLIBRE,2000006268929964,KLSU0007,ZRAY R1,1,507831.0,2023-08-15
FALABELLA,2121451573,KLPB0021,4 x 2.07 x 1.22 cm 8 m3,1,499990.0,2023-11-18
FALABELLA,2121630930,KLPB0021,4 x 2.07 x 1.22 cm 8 m3,1,499990.0,2023-11-18
FALABELLA,2129966983,KLPB0021,4 x 2.07 x 1.22 cm 8 m3,1,499990.0,2023-11-30
FALABELLA,2130462684,KLPB0021,4 x 2.07 x 1.22 cm 8 m3,1,499990.0,2023-01-12
FALABELLA,2131594904,KLPB0021,4 x 2.07 x 1.22 cm 8 m3,1,499990.0,2023-03-12
FALABELLA,2132166678,KLPB0021,4 x 2.07 x 1.22 cm 8 m3,1,499990.0,2023-04-12
FALABELLA,2132812562,KLPB0021,4 x 2.07 x 1.22 cm 8 m3,1,499990.0,2023-05-12
FALABELLA,2160270686,KLPB0021,4 x 2.07 x 1.22 cm 8 m3,1,499990.0,2024-01-31
FALABELLA,2678578549,KLPB0018,4.27 X 2.75 X 1 m 8 m3,1,499990.0,2024-12-21
FALABELLA,2233038642,KLPB0029,"Ventanas 4x2,07x1,22 8 m3",1,499990.0,2024-06-03
FALABELLA,2239687641,KLPB0029,"Ventanas 4x2,07x1,22 8 m3",1,499990.0,2024-06-05
FALABELLA,2240966989,KLPB0029,"Ventanas 4x2,07x1,22 8 m3",1,499990.0,2024-06-05
PARIS,3057464270,KLPB0029,"Ventanas 4x2,07x1,22 8 m3",1,499990.0,2025-10-30
PARIS,3058439960,KLPB0029,"Ventanas 4x2,07x1,22 8 m3",1,499990.0,2025-11-05
PARIS,3060797150,KLPB0029,"Ventanas 4x2,07x1,22 8 m3",1,499990.0,2025-11-18
PARIS,3063382100,KLPB0029,"Ventanas 4x2,07x1,22 8 m3",1,499990.0,2025-11-28
PARIS,3068025200,KLPB0029,"Ventanas 4x2,07x1,22 8 m3",1,499990.0,2025-12-03
PARIS,3069736660,KLPB0029,"Ventanas 4x2,07x1,22 8 m3",1,499990.0,2025-12-08
PARIS,3069904840,KLPB0029,"Ventanas 4x2,07x1,22 8 m3",1,499990.0,2025-12-08
FALABELLA,2066169834,KLGE0003,WATSON 2200,1,499990.0,2023-05-29
FALABELLA,2066568537,KLGE0003,WATSON 2200,1,499990.0,2023-05-29
FALABELLA,2067090498,KLGE0003,WATSON 2200,1,499990.0,2023-05-30
FALABELLA,2068581333,KLGE0003,WATSON 2200,1,499990.0,2023-06-01
FALABELLA,2124523535,KLGE0003,WATSON 2200,1,499990.0,2023-11-24
FALABELLA,2125301214,KLGE0003,WATSON 2200,1,499990.0,2023-11-25
FALABELLA,2131494725,KLGE0003,WATSON 2200,1,499990.0,2023-03-12
FALABELLA,2131997360,KLGE0003,WATSON 2200,1,499990.0,2023-04-12
FALABELLA,2132255273,KLGE0003,WATSON 2200,1,499990.0,2023-04-12
FALABELLA,2132706821,KLGE0003,WATSON 2200,1,499990.0,2023-05-12
FALABELLA,2140005742,KLGE0003,WATSON 2200,1,499990.0,2023-12-16
FALABELLA,2233134699,KLGE0003,WATSON 2200,1,499990.0,2024-06-03
FALABELLA,2234041647,KLGE0003,WATSON 2200,1,499990.0,2024-06-03
FALABELLA,2244372088,KLGE0003,WATSON 2200,1,499990.0,2024-06-05
PARIS,3078260780,KLES0037,WALLY 1500 INVERTER,4,499960.0,2026-01-05
FALABELLA,2069540423,KLES0067,WALLY ONE O 1800,5,499950.0,2023-06-06
PARIS,3065427921,KLPB0029,"Ventanas 4x2,07x1,22 8 m3",1,489990.0,2025-11-30
PARIS,3071384280,KLPB0029,"Ventanas 4x2,07x1,22 8 m3",1,489990.0,2025-12-11
PARIS,3072056020,KLPB0029,"Ventanas 4x2,07x1,22 8 m3",1,489990.0,2025-12-13
PARIS,3072208720,KLPB0029,"Ventanas 4x2,07x1,22 8 m3",1,489990.0,2025-12-13
PARIS,3073655920,KLPB0029,"Ventanas 4x2,07x1,22 8 m3",1,489990.0,2025-12-16
PARIS,3074246370,KLPB0029,"Ventanas 4x2,07x1,22 8 m3",1,489990.0,2025-12-18
FALABELLA,2160872162,KLPB0021,4 x 2.07 x 1.22 cm 8 m3,1,479990.0,2024-02-01
FALABELLA,2098390128,KLPB0020,4m x 2m x 99 cm 7 m3,1,479990.0,2023-09-25
FALABELLA,2109012892,KLPB0020,4m x 2m x 99 cm 7 m3,1,479990.0,2023-10-12
FALABELLA,2109448402,KLPB0020,4m x 2m x 99 cm 7 m3,1,479990.0,2023-10-14
FALABELLA,2114584163,KLPB0020,4m x 2m x 99 cm 7 m3,1,479990.0,2023-10-30
FALABELLA,2552230704,KLPB0020,4m x 2m x 99 cm 7 m3,1,479990.0,2024-08-15
RIPLEY,24200628501,KLPB0029,"Ventanas 4x2,07x1,22 8 m3",1,479990.0,2025-12-02
MERCADOLIBRE,2000005835536110,KLES0066,WALLY ONE O 1200,5,474950.0,2024-05-31
RIPLEY,24320134501,KLPB0018,4.27 X 2.75 X 1 m 8 m3,1,449990.0,2026-01-01
RIPLEY,24323170701,KLPB0018,4.27 X 2.75 X 1 m 8 m3,1,449990.0,2026-01-03
RIPLEY,24325670101,KLPB0018,4.27 X 2.75 X 1 m 8 m3,1,449990.0,2026-01-04
FALABELLA,2104012693,KLGE0003,WATSON 2200,1,449990.0,2023-10-03
FALABELLA,2105536476,KLGE0003,WATSON 2200,1,449990.0,2023-10-04
FALABELLA,2105957967,KLGE0003,WATSON 2200,1,449990.0,2023-10-04
PARIS,3078260780,KLES0036,WALLY 1000 INVERTER,5,449950.0,2026-01-05
FALABELLA,2605304319,KLPB0018,4.27 X 2.75 X 1 m 8 m3,1,439990.0,2024-10-13
FALABELLA,2607309753,KLPB0018,4.27 X 2.75 X 1 m 8 m3,1,439990.0,2024-10-16
FALABELLA,2609114484,KLPB0018,4.27 X 2.75 X 1 m 8 m3,1,439990.0,2024-10-19
FALABELLA,2613531130,KLPB0018,4.27 X 2.75 X 1 m 8 m3,1,439990.0,2024-10-26
FALABELLA,2614080536,KLPB0018,4.27 X 2.75 X 1 m 8 m3,1,439990.0,2024-10-27
FALABELLA,2614251967,KLPB0018,4.27 X 2.75 X 1 m 8 m3,1,439990.0,2024-10-28
FALABELLA,2620337166,KLPB0018,4.27 X 2.75 X 1 m 8 m3,1,439990.0,2024-11-05
FALABELLA,2660086638,KLPB0018,4.27 X 2.75 X 1 m 8 m3,1,439990.0,2024-12-09
FALABELLA,2660667337,KLPB0018,4.27 X 2.75 X 1 m 8 m3,1,439990.0,2024-12-09
FALABELLA,2662805950,KLPB0018,4.27 X 2.75 X 1 m 8 m3,1,439990.0,2024-12-11
FALABELLA,2663516285,KLPB0018,4.27 X 2.75 X 1 m 8 m3,1,439990.0,2024-12-11
FALABELLA,2666060680,KLPB0018,4.27 X 2.75 X 1 m 8 m3,1,439990.0,2024-12-13
FALABELLA,2666402472,KLPB0018,4.27 X 2.75 X 1 m 8 m3,1,439990.0,2024-12-13
FALABELLA,2667397918,KLPB0018,4.27 X 2.75 X 1 m 8 m3,1,439990.0,2024-12-14
FALABELLA,2667685110,KLPB0018,4.27 X 2.75 X 1 m 8 m3,1,439990.0,2024-12-14
FALABELLA,2667797640,KLPB0018,4.27 X 2.75 X 1 m 8 m3,1,439990.0,2024-12-14
FALABELLA,2669075093,KLPB0018,4.27 X 2.75 X 1 m 8 m3,1,439990.0,2024-12-15
FALABELLA,2672813383,KLPB0018,4.27 X 2.75 X 1 m 8 m3,1,439990.0,2024-12-17
FALABELLA,2673112673,KLPB0018,4.27 X 2.75 X 1 m 8 m3,1,439990.0,2024-12-18
FALABELLA,2673888900,KLPB0018,4.27 X 2.75 X 1 m 8 m3,1,439990.0,2024-12-18
FALABELLA,2675709347,KLPB0018,4.27 X 2.75 X 1 m 8 m3,1,439990.0,2024-12-19
FALABELLA,2676211142,KLPB0018,4.27 X 2.75 X 1 m 8 m3,1,439990.0,2024-12-19
PARIS,2761549790,KLPB0018,4.27 X 2.75 X 1 m 8 m3,1,439990.0,2024-12-10
PARIS,2764914770,KLPB0018,4.27 X 2.75 X 1 m 8 m3,1,439990.0,2024-12-19
PARIS,2765002610,KLPB0018,4.27 X 2.75 X 1 m 8 m3,1,439990.0,2024-12-19
PARIS,2765247510,KLPB0018,4.27 X 2.75 X 1 m 8 m3,1,439990.0,2024-12-20
PARIS,2766494720,KLPB0018,4.27 X 2.75 X 1 m 8 m3,1,439990.0,2024-12-28
PARIS,2766552420,KLPB0018,4.27 X 2.75 X 1 m 8 m3,1,439990.0,2024-12-28
PARIS,2766896010,KLPB0018,4.27 X 2.75 X 1 m 8 m3,1,439990.0,2024-12-30
PARIS,2767312080,KLPB0018,4.27 X 2.75 X 1 m 8 m3,1,439990.0,2025-01-03
FALABELLA,2134159747,KLPB0016,4.5 m X 90 cm 12 m3 / 17801EU,1,439990.0,2023-08-12
FALABELLA,2134574203,KLPB0016,4.5 m X 90 cm 12 m3 / 17801EU,1,439990.0,2023-08-12
FALABELLA,2154006102,KLPB0016,4.5 m X 90 cm 12 m3 / 17801EU,1,439990.0,2024-01-15
FALABELLA,2154631382,KLPB0016,4.5 m X 90 cm 12 m3 / 17801EU,1,439990.0,2024-01-16
FALABELLA,2157612576,KLPB0016,4.5 m X 90 cm 12 m3 / 17801EU,1,439990.0,2024-01-24
FALABELLA,2160218407,KLPB0016,4.5 m X 90 cm 12 m3 / 17801EU,1,439990.0,2024-01-31
FALABELLA,2160281497,KLPB0016,4.5 m X 90 cm 12 m3 / 17801EU,1,439990.0,2024-01-31
FALABELLA,2127766608,KLPB0020,4m x 2m x 99 cm 7 m3,1,439990.0,2023-11-27
FALABELLA,2133124101,KLPB0020,4m x 2m x 99 cm 7 m3,1,439990.0,2023-06-12
FALABELLA,2133275529,KLPB0020,4m x 2m x 99 cm 7 m3,1,439990.0,2023-06-12
FALABELLA,2135057856,KLPB0020,4m x 2m x 99 cm 7 m3,1,439990.0,2023-09-12
FALABELLA,2137695153,KLPB0020,4m x 2m x 99 cm 7 m3,1,439990.0,2023-12-13
FALABELLA,2137906481,KLPB0020,4m x 2m x 99 cm 7 m3,1,439990.0,2023-12-13
FALABELLA,2577074806,KLPB0020,4m x 2m x 99 cm 7 m3,1,439990.0,2024-09-15
FALABELLA,2125424634,KLBR0001,SIN HUMO,2,439980.0,2023-11-25
FALABELLA,2627098020,KLPB0018,4.27 X 2.75 X 1 m 8 m3,1,429990.0,2024-11-12
FALABELLA,2627125829,KLPB0018,4.27 X 2.75 X 1 m 8 m3,1,429990.0,2024-11-12
FALABELLA,2627470496,KLPB0018,4.27 X 2.75 X 1 m 8 m3,1,429990.0,2024-11-13
FALABELLA,2122218697,KLPB0018,4.27 X 2.75 X 1 m 8 m3,1,419990.0,2023-11-20
FALABELLA,2122635869,KLPB0018,4.27 X 2.75 X 1 m 8 m3,1,419990.0,2023-11-21
FALABELLA,2616017924,KLPB0018,4.27 X 2.75 X 1 m 8 m3,1,419990.0,2024-10-30
FALABELLA,2617415829,KLPB0018,4.27 X 2.75 X 1 m 8 m3,1,419990.0,2024-11-01
FALABELLA,2618320876,KLPB0018,4.27 X 2.75 X 1 m 8 m3,1,419990.0,2024-11-03
FALABELLA,2627670354,KLPB0018,4.27 X 2.75 X 1 m 8 m3,1,419990.0,2024-11-13
FALABELLA,2628088906,KLPB0018,4.27 X 2.75 X 1 m 8 m3,1,419990.0,2024-11-14
FALABELLA,2670500258,KLPB0018,4.27 X 2.75 X 1 m 8 m3,1,419990.0,2024-12-16
FALABELLA,2138795417,KLPB0020,4m x 2m x 99 cm 7 m3,1,419990.0,2023-12-15
FALABELLA,2138907565,KLPB0020,4m x 2m x 99 cm 7 m3,1,419990.0,2023-12-15
FALABELLA,2139158186,KLPB0020,4m x 2m x 99 cm 7 m3,1,419990.0,2023-12-15
FALABELLA,2139689133,KLPB0020,4m x 2m x 99 cm 7 m3,1,419990.0,2023-12-16
FALABELLA,2141099797,KLPB0020,4m x 2m x 99 cm 7 m3,1,419990.0,2023-12-18
FALABELLA,2141360653,KLPB0020,4m x 2m x 99 cm 7 m3,1,419990.0,2023-12-18
FALABELLA,2141996382,KLPB0020,4m x 2m x 99 cm 7 m3,1,419990.0,2023-12-19
FALABELLA,2142537665,KLPB0020,4m x 2m x 99 cm 7 m3,1,419990.0,2023-12-19
FALABELLA,2144615590,KLPB0020,4m x 2m x 99 cm 7 m3,1,419990.0,2023-12-23
FALABELLA,2146240643,KLPB0020,4m x 2m x 99 cm 7 m3,1,419990.0,2023-12-27
FALABELLA,2147932665,KLPB0020,4m x 2m x 99 cm 7 m3,1,419990.0,2024-01-01
FALABELLA,2154010855,KLPB0020,4m x 2m x 99 cm 7 m3,1,419990.0,2024-01-15
FALABELLA,2154552982,KLPB0020,4m x 2m x 99 cm 7 m3,1,419990.0,2024-01-16
MERCADOLIBRE,2000005768815260,KLBR0001,SIN HUMO,2,419980.0,2024-05-16
FALABELLA,2197111447,KLES0014,CALEFACTOR SECATOALLAS,3,419970.0,2024-04-22
FALABELLA,2613007322,KLPB0018,4.27 X 2.75 X 1 m 8 m3,1,409990.0,2024-10-25
FALABELLA,2613339064,KLPB0018,4.27 X 2.75 X 1 m 8 m3,1,409990.0,2024-10-26
FALABELLA,2613465958,KLPB0018,4.27 X 2.75 X 1 m 8 m3,1,409990.0,2024-10-26
FALABELLA,2613984095,KLPB0018,4.27 X 2.75 X 1 m 8 m3,1,409990.0,2024-10-27
FALABELLA,2614479583,KLPB0018,4.27 X 2.75 X 1 m 8 m3,1,409990.0,2024-10-28
FALABELLA,2614650291,KLPB0018,4.27 X 2.75 X 1 m 8 m3,1,409990.0,2024-10-28
FALABELLA,2616323946,KLPB0018,4.27 X 2.75 X 1 m 8 m3,1,409990.0,2024-10-31
FALABELLA,2617885561,KLPB0018,4.27 X 2.75 X 1 m 8 m3,1,409990.0,2024-11-02
FALABELLA,2618369104,KLPB0018,4.27 X 2.75 X 1 m 8 m3,1,409990.0,2024-11-03
FALABELLA,2626345746,KLPB0018,4.27 X 2.75 X 1 m 8 m3,1,409990.0,2024-11-11
FALABELLA,2629437717,KLPB0018,4.27 X 2.75 X 1 m 8 m3,1,409990.0,2024-11-16
FALABELLA,2630075906,KLPB0018,4.27 X 2.75 X 1 m 8 m3,1,409990.0,2024-11-17
FALABELLA,2630942106,KLPB0018,4.27 X 2.75 X 1 m 8 m3,1,409990.0,2024-11-18
FALABELLA,2632372589,KLPB0018,4.27 X 2.75 X 1 m 8 m3,1,409990.0,2024-11-20
FALABELLA,2632397061,KLPB0018,4.27 X 2.75 X 1 m 8 m3,1,409990.0,2024-11-20
FALABELLA,2632414401,KLPB0018,4.27 X 2.75 X 1 m 8 m3,1,409990.0,2024-11-20
FALABELLA,2632511989,KLPB0018,4.27 X 2.75 X 1 m 8 m3,1,409990.0,2024-11-20
FALABELLA,2632568906,KLPB0018,4.27 X 2.75 X 1 m 8 m3,1,409990.0,2024-11-20
FALABELLA,2632752747,KLPB0018,4.27 X 2.75 X 1 m 8 m3,1,409990.0,2024-11-21
FALABELLA,2633132860,KLPB0018,4.27 X 2.75 X 1 m 8 m3,1,409990.0,2024-11-21
FALABELLA,2633146521,KLPB0018,4.27 X 2.75 X 1 m 8 m3,1,409990.0,2024-11-21
FALABELLA,2633250785,KLPB0018,4.27 X 2.75 X 1 m 8 m3,1,409990.0,2024-11-21
FALABELLA,2633746196,KLPB0018,4.27 X 2.75 X 1 m 8 m3,1,409990.0,2024-11-22
FALABELLA,2634180887,KLPB0018,4.27 X 2.75 X 1 m 8 m3,1,409990.0,2024-11-23
FALABELLA,2634234097,KLPB0018,4.27 X 2.75 X 1 m 8 m3,1,409990.0,2024-11-23
FALABELLA,2634907370,KLPB0018,4.27 X 2.75 X 1 m 8 m3,1,409990.0,2024-11-24
FALABELLA,2635062606,KLPB0018,4.27 X 2.75 X 1 m 8 m3,1,409990.0,2024-11-24
FALABELLA,2635140899,KLPB0018,4.27 X 2.75 X 1 m 8 m3,1,409990.0,2024-11-24
FALABELLA,2635262962,KLPB0018,4.27 X 2.75 X 1 m 8 m3,1,409990.0,2024-11-24
FALABELLA,2635316330,KLPB0018,4.27 X 2.75 X 1 m 8 m3,1,409990.0,2024-11-24
FALABELLA,2635663760,KLPB0018,4.27 X 2.75 X 1 m 8 m3,1,409990.0,2024-11-25
FALABELLA,2635926499,KLPB0018,4.27 X 2.75 X 1 m 8 m3,1,409990.0,2024-11-25
FALABELLA,2120181469,KLPB0020,4m x 2m x 99 cm 7 m3,1,409990.0,2023-11-15
FALABELLA,2122618216,KLPB0020,4m x 2m x 99 cm 7 m3,1,409990.0,2023-11-21
FALABELLA,2154810502,KLPB0020,4m x 2m x 99 cm 7 m3,1,409990.0,2024-01-17
FALABELLA,2154841951,KLPB0020,4m x 2m x 99 cm 7 m3,1,409990.0,2024-01-17
FALABELLA,2577942228,KLPB0020,4m x 2m x 99 cm 7 m3,1,409990.0,2024-09-16
FALABELLA,2579265553,KLPB0020,4m x 2m x 99 cm 7 m3,1,409990.0,2024-09-19
FALABELLA,2121036012,KLPB0018,4.27 X 2.75 X 1 m 8 m3,1,399990.0,2023-11-17
FALABELLA,2121086461,KLPB0018,4.27 X 2.75 X 1 m 8 m3,1,399990.0,2023-11-17
FALABELLA,2599160120,KLPB0018,4.27 X 2.75 X 1 m 8 m3,1,399990.0,2024-10-03
FALABELLA,2600525753,KLPB0018,4.27 X 2.75 X 1 m 8 m3,1,399990.0,2024-10-05
FALABELLA,2601214078,KLPB0018,4.27 X 2.75 X 1 m 8 m3,1,399990.0,2024-10-06
FALABELLA,2637160930,KLPB0018,4.27 X 2.75 X 1 m 8 m3,1,399990.0,2024-11-26
FALABELLA,2637416283,KLPB0018,4.27 X 2.75 X 1 m 8 m3,1,399990.0,2024-11-27
PARIS,2751814380,KLPB0018,4.27 X 2.75 X 1 m 8 m3,1,399990.0,2024-11-09
PARIS,3056052610,KLPB0018,4.27 X 2.75 X 1 m 8 m3,1,399990.0,2025-10-21
FALABELLA,2132132021,KLPB0016,4.5 m X 90 cm 12 m3 / 17801EU,1,399990.0,2023-04-12
FALABELLA,2132561294,KLPB0016,4.5 m X 90 cm 12 m3 / 17801EU,1,399990.0,2023-05-12
FALABELLA,2125422710,KLPB0020,4m x 2m x 99 cm 7 m3,1,399990.0,2023-11-25
FALABELLA,2157568053,KLPB0020,4m x 2m x 99 cm 7 m3,1,399990.0,2024-01-24
FALABELLA,2157852920,KLPB0020,4m x 2m x 99 cm 7 m3,1,399990.0,2024-01-24
FALABELLA,2158034666,KLPB0020,4m x 2m x 99 cm 7 m3,1,399990.0,2024-01-25
FALABELLA,2158425347,KLPB0020,4m x 2m x 99 cm 7 m3,1,399990.0,2024-01-26
FALABELLA,2158992970,KLPB0020,4m x 2m x 99 cm 7 m3,1,399990.0,2024-01-28
MERCADOLIBRE,2000013819279865,KLES0012,CALEFACTOR BIOSMART IR04,1,399990.0,2026-07-02
MERCADOLIBRE,2000014213948087,KLES0012,CALEFACTOR BIOSMART IR04,1,399990.0,2026-07-27
MERCADOLIBRE,2000005858930410,KLES0012,CALEFACTOR BIOSMART IR04,2,399980.0,2024-06-05
FALABELLA,2123712270,KLPB0018,4.27 X 2.75 X 1 m 8 m3,1,389990.0,2023-11-23
FALABELLA,2123738409,KLPB0018,4.27 X 2.75 X 1 m 8 m3,1,389990.0,2023-11-23
FALABELLA,2124781198,KLPB0018,4.27 X 2.75 X 1 m 8 m3,1,389990.0,2023-11-24
FALABELLA,2124814554,KLPB0018,4.27 X 2.75 X 1 m 8 m3,1,389990.0,2023-11-24
FALABELLA,2125272415,KLPB0018,4.27 X 2.75 X 1 m 8 m3,1,389990.0,2023-11-25
FALABELLA,2125445428,KLPB0018,4.27 X 2.75 X 1 m 8 m3,1,389990.0,2023-11-25
FALABELLA,2127801923,KLPB0018,4.27 X 2.75 X 1 m 8 m3,1,389990.0,2023-11-27
FALABELLA,2127883122,KLPB0018,4.27 X 2.75 X 1 m 8 m3,1,389990.0,2023-11-27
FALABELLA,2551768872,KLPB0018,4.27 X 2.75 X 1 m 8 m3,1,389990.0,2024-08-14
FALABELLA,2637570065,KLPB0018,4.27 X 2.75 X 1 m 8 m3,1,389990.0,2024-11-27
FALABELLA,2637913537,KLPB0018,4.27 X 2.75 X 1 m 8 m3,1,389990.0,2024-11-27
FALABELLA,2639757704,KLPB0018,4.27 X 2.75 X 1 m 8 m3,1,389990.0,2024-11-28
FALABELLA,2640497737,KLPB0018,4.27 X 2.75 X 1 m 8 m3,1,389990.0,2024-11-29
FALABELLA,2640977382,KLPB0018,4.27 X 2.75 X 1 m 8 m3,1,389990.0,2024-11-29
FALABELLA,2641811030,KLPB0018,4.27 X 2.75 X 1 m 8 m3,1,389990.0,2024-11-29
FALABELLA,2641932774,KLPB0018,4.27 X 2.75 X 1 m 8 m3,1,389990.0,2024-11-29
FALABELLA,2642238207,KLPB0018,4.27 X 2.75 X 1 m 8 m3,1,389990.0,2024-11-29
FALABELLA,2642243196,KLPB0018,4.27 X 2.75 X 1 m 8 m3,1,389990.0,2024-11-29
FALABELLA,2642595397,KLPB0018,4.27 X 2.75 X 1 m 8 m3,1,389990.0,2024-11-29
FALABELLA,2642670397,KLPB0018,4.27 X 2.75 X 1 m 8 m3,1,389990.0,2024-11-29
FALABELLA,2642934371,KLPB0018,4.27 X 2.75 X 1 m 8 m3,1,389990.0,2024-11-29
FALABELLA,2644242953,KLPB0018,4.27 X 2.75 X 1 m 8 m3,1,389990.0,2024-11-30
FALABELLA,2644248222,KLPB0018,4.27 X 2.75 X 1 m 8 m3,1,389990.0,2024-11-30
FALABELLA,2644734056,KLPB0018,4.27 X 2.75 X 1 m 8 m3,1,389990.0,2024-11-30
FALABELLA,2651138268,KLPB0018,4.27 X 2.75 X 1 m 8 m3,1,389990.0,2024-12-02
FALABELLA,2651334846,KLPB0018,4.27 X 2.75 X 1 m 8 m3,1,389990.0,2024-12-02
FALABELLA,2651700976,KLPB0018,4.27 X 2.75 X 1 m 8 m3,1,389990.0,2024-12-02
FALABELLA,2651749454,KLPB0018,4.27 X 2.75 X 1 m 8 m3,1,389990.0,2024-12-02
FALABELLA,2651808944,KLPB0018,4.27 X 2.75 X 1 m 8 m3,1,389990.0,2024-12-02
FALABELLA,2652002015,KLPB0018,4.27 X 2.75 X 1 m 8 m3,1,389990.0,2024-12-02
FALABELLA,2652150534,KLPB0018,4.27 X 2.75 X 1 m 8 m3,1,389990.0,2024-12-02
FALABELLA,2652678677,KLPB0018,4.27 X 2.75 X 1 m 8 m3,1,389990.0,2024-12-03
FALABELLA,2653040816,KLPB0018,4.27 X 2.75 X 1 m 8 m3,1,389990.0,2024-12-03
FALABELLA,2653462803,KLPB0018,4.27 X 2.75 X 1 m 8 m3,1,389990.0,2024-12-03
FALABELLA,2653579707,KLPB0018,4.27 X 2.75 X 1 m 8 m3,1,389990.0,2024-12-03
FALABELLA,2654299316,KLPB0018,4.27 X 2.75 X 1 m 8 m3,1,389990.0,2024-12-04
FALABELLA,2655527076,KLPB0018,4.27 X 2.75 X 1 m 8 m3,1,389990.0,2024-12-05
FALABELLA,2655770881,KLPB0018,4.27 X 2.75 X 1 m 8 m3,1,389990.0,2024-12-05
FALABELLA,2656005909,KLPB0018,4.27 X 2.75 X 1 m 8 m3,1,389990.0,2024-12-06
FALABELLA,2656459357,KLPB0018,4.27 X 2.75 X 1 m 8 m3,1,389990.0,2024-12-06
FALABELLA,2656559737,KLPB0018,4.27 X 2.75 X 1 m 8 m3,1,389990.0,2024-12-06
FALABELLA,2657206517,KLPB0018,4.27 X 2.75 X 1 m 8 m3,1,389990.0,2024-12-07
FALABELLA,2657480450,KLPB0018,4.27 X 2.75 X 1 m 8 m3,1,389990.0,2024-12-07
FALABELLA,2657882582,KLPB0018,4.27 X 2.75 X 1 m 8 m3,1,389990.0,2024-12-07
FALABELLA,2658843854,KLPB0018,4.27 X 2.75 X 1 m 8 m3,1,389990.0,2024-12-08
FALABELLA,2658903750,KLPB0018,4.27 X 2.75 X 1 m 8 m3,1,389990.0,2024-12-08
FALABELLA,2659109712,KLPB0018,4.27 X 2.75 X 1 m 8 m3,1,389990.0,2024-12-08
FALABELLA,2659163623,KLPB0018,4.27 X 2.75 X 1 m 8 m3,1,389990.0,2024-12-08
FALABELLA,2659831202,KLPB0018,4.27 X 2.75 X 1 m 8 m3,1,389990.0,2024-12-09
PARIS,2754761320,KLPB0018,4.27 X 2.75 X 1 m 8 m3,1,389990.0,2024-11-28
PARIS,2754907760,KLPB0018,4.27 X 2.75 X 1 m 8 m3,1,389990.0,2024-11-28
PARIS,2755223170,KLPB0018,4.27 X 2.75 X 1 m 8 m3,1,389990.0,2024-11-29
PARIS,2755381520,KLPB0018,4.27 X 2.75 X 1 m 8 m3,1,389990.0,2024-11-29
PARIS,2755391710,KLPB0018,4.27 X 2.75 X 1 m 8 m3,1,389990.0,2024-11-29
PARIS,2755580170,KLPB0018,4.27 X 2.75 X 1 m 8 m3,1,389990.0,2024-11-29
PARIS,2756135100,KLPB0018,4.27 X 2.75 X 1 m 8 m3,1,389990.0,2024-11-30
PARIS,2756774540,KLPB0018,4.27 X 2.75 X 1 m 8 m3,1,389990.0,2024-11-30
PARIS,2756848590,KLPB0018,4.27 X 2.75 X 1 m 8 m3,1,389990.0,2024-11-30
PARIS,2757345220,KLPB0018,4.27 X 2.75 X 1 m 8 m3,1,389990.0,2024-12-01
PARIS,2757375540,KLPB0018,4.27 X 2.75 X 1 m 8 m3,1,389990.0,2024-12-01
PARIS,2757461080,KLPB0018,4.27 X 2.75 X 1 m 8 m3,1,389990.0,2024-12-01
PARIS,2757710300,KLPB0018,4.27 X 2.75 X 1 m 8 m3,1,389990.0,2024-12-01
PARIS,2757756890,KLPB0018,4.27 X 2.75 X 1 m 8 m3,1,389990.0,2024-12-01
FALABELLA,2101596903,KLPB0020,4m x 2m x 99 cm 7 m3,1,387990.0,2023-10-02
FALABELLA,2101664900,KLPB0020,4m x 2m x 99 cm 7 m3,1,387990.0,2023-10-02
FALABELLA,2102195078,KLPB0020,4m x 2m x 99 cm 7 m3,1,387990.0,2023-10-02
FALABELLA,2102434355,KLPB0020,4m x 2m x 99 cm 7 m3,1,387990.0,2023-10-02
FALABELLA,2102615406,KLPB0020,4m x 2m x 99 cm 7 m3,1,387990.0,2023-10-02
FALABELLA,2102616448,KLPB0020,4m x 2m x 99 cm 7 m3,1,387990.0,2023-10-02
FALABELLA,2102720918,KLPB0020,4m x 2m x 99 cm 7 m3,1,387990.0,2023-10-02
FALABELLA,2102814959,KLPB0020,4m x 2m x 99 cm 7 m3,1,387990.0,2023-10-02
FALABELLA,2103067472,KLPB0020,4m x 2m x 99 cm 7 m3,1,387990.0,2023-10-02
FALABELLA,2103376264,KLPB0020,4m x 2m x 99 cm 7 m3,1,387990.0,2023-10-03
FALABELLA,2103910252,KLPB0020,4m x 2m x 99 cm 7 m3,1,387990.0,2023-10-03
FALABELLA,2104378086,KLPB0020,4m x 2m x 99 cm 7 m3,1,387990.0,2023-10-03
FALABELLA,2104661706,KLPB0020,4m x 2m x 99 cm 7 m3,1,387990.0,2023-10-03
FALABELLA,2105264765,KLPB0020,4m x 2m x 99 cm 7 m3,1,387990.0,2023-10-04
FALABELLA,2106823736,KLPB0020,4m x 2m x 99 cm 7 m3,1,387990.0,2023-10-05
FALABELLA,2066025275,KLES0066,WALLY ONE O 1200,7,384930.0,2023-05-29
FALABELLA,2585951339,KLPB0018,4.27 X 2.75 X 1 m 8 m3,1,379990.0,2024-09-30
FALABELLA,2586217562,KLPB0018,4.27 X 2.75 X 1 m 8 m3,1,379990.0,2024-09-30
FALABELLA,2587572852,KLPB0018,4.27 X 2.75 X 1 m 8 m3,1,379990.0,2024-09-30
FALABELLA,2588114016,KLPB0018,4.27 X 2.75 X 1 m 8 m3,1,379990.0,2024-09-30
FALABELLA,2588321984,KLPB0018,4.27 X 2.75 X 1 m 8 m3,1,379990.0,2024-09-30
FALABELLA,2588407107,KLPB0018,4.27 X 2.75 X 1 m 8 m3,1,379990.0,2024-09-30
FALABELLA,2589102515,KLPB0018,4.27 X 2.75 X 1 m 8 m3,1,379990.0,2024-09-30
FALABELLA,2589459179,KLPB0018,4.27 X 2.75 X 1 m 8 m3,1,379990.0,2024-09-30
FALABELLA,2590464136,KLPB0018,4.27 X 2.75 X 1 m 8 m3,1,379990.0,2024-09-30
FALABELLA,2590603462,KLPB0018,4.27 X 2.75 X 1 m 8 m3,1,379990.0,2024-09-30
FALABELLA,2590608909,KLPB0018,4.27 X 2.75 X 1 m 8 m3,1,379990.0,2024-09-30
FALABELLA,2591836394,KLPB0018,4.27 X 2.75 X 1 m 8 m3,1,379990.0,2024-10-01
FALABELLA,2592222936,KLPB0018,4.27 X 2.75 X 1 m 8 m3,1,379990.0,2024-10-01
FALABELLA,2592366245,KLPB0018,4.27 X 2.75 X 1 m 8 m3,1,379990.0,2024-10-01
FALABELLA,2592501974,KLPB0018,4.27 X 2.75 X 1 m 8 m3,1,379990.0,2024-10-01
FALABELLA,2594161357,KLPB0018,4.27 X 2.75 X 1 m 8 m3,1,379990.0,2024-10-01
FALABELLA,2594247112,KLPB0018,4.27 X 2.75 X 1 m 8 m3,1,379990.0,2024-10-01
FALABELLA,2594307380,KLPB0018,4.27 X 2.75 X 1 m 8 m3,1,379990.0,2024-10-01
FALABELLA,2595801018,KLPB0018,4.27 X 2.75 X 1 m 8 m3,1,379990.0,2024-10-02
FALABELLA,2586167566,KLPB0020,4m x 2m x 99 cm 7 m3,1,379990.0,2024-09-30
FALABELLA,2586175481,KLPB0020,4m x 2m x 99 cm 7 m3,1,379990.0,2024-09-30
FALABELLA,2597352961,KLPB0020,4m x 2m x 99 cm 7 m3,1,379990.0,2024-10-02
FALABELLA,2598236358,KLPB0020,4m x 2m x 99 cm 7 m3,1,379990.0,2024-10-02
FALABELLA,2604766803,KLPB0020,4m x 2m x 99 cm 7 m3,1,379990.0,2024-10-12
FALABELLA,2612105623,KLPB0020,4m x 2m x 99 cm 7 m3,1,379990.0,2024-10-24
FALABELLA,2612114898,KLPB0020,4m x 2m x 99 cm 7 m3,1,379990.0,2024-10-24
MERCADOLIBRE,2000005578136846,KLES0012,CALEFACTOR BIOSMART IR04,1,379990.0,2023-05-03
MERCADOLIBRE,2000005559500000,KLGE0002,WATSON 800,1,379990.0,2023-04-30
MERCADOLIBRE,2000005845236580,KLES0031,WALLY 1000 C,5,374950.0,2024-06-03
RIPLEY,24200072101,KLPB0018,4.27 X 2.75 X 1 m 8 m3,1,369990.0,2025-12-01
RIPLEY,24276961701,KLPB0018,4.27 X 2.75 X 1 m 8 m3,1,369990.0,2025-12-17
RIPLEY,24308803901,KLPB0018,4.27 X 2.75 X 1 m 8 m3,1,369990.0,2025-12-26
RIPLEY,24309231701,KLPB0018,4.27 X 2.75 X 1 m 8 m3,1,369990.0,2025-12-26
MERCADOLIBRE,2000004640985594,KLGE0002,WATSON 800,1,359992.0,2022-11-30
FALABELLA,2122727989,KLPB0018,4.27 X 2.75 X 1 m 8 m3,1,359990.0,2023-11-21
FALABELLA,2123073549,KLPB0018,4.27 X 2.75 X 1 m 8 m3,1,359990.0,2023-11-22
FALABELLA,2123096240,KLPB0018,4.27 X 2.75 X 1 m 8 m3,1,359990.0,2023-11-22
FALABELLA,2123198847,KLPB0018,4.27 X 2.75 X 1 m 8 m3,1,359990.0,2023-11-22
FALABELLA,2124885220,KLPB0018,4.27 X 2.75 X 1 m 8 m3,1,359990.0,2023-11-24
FALABELLA,2125276136,KLPB0018,4.27 X 2.75 X 1 m 8 m3,1,359990.0,2023-11-25
FALABELLA,2125403344,KLPB0018,4.27 X 2.75 X 1 m 8 m3,1,359990.0,2023-11-25
FALABELLA,2125462513,KLPB0018,4.27 X 2.75 X 1 m 8 m3,1,359990.0,2023-11-25
FALABELLA,2125555435,KLPB0018,4.27 X 2.75 X 1 m 8 m3,1,359990.0,2023-11-25
FALABELLA,2125607255,KLPB0018,4.27 X 2.75 X 1 m 8 m3,1,359990.0,2023-11-25
FALABELLA,2125869166,KLPB0018,4.27 X 2.75 X 1 m 8 m3,1,359990.0,2023-11-25
FALABELLA,2125910851,KLPB0018,4.27 X 2.75 X 1 m 8 m3,1,359990.0,2023-11-25
FALABELLA,2126210653,KLPB0018,4.27 X 2.75 X 1 m 8 m3,1,359990.0,2023-11-26
FALABELLA,2126299391,KLPB0018,4.27 X 2.75 X 1 m 8 m3,1,359990.0,2023-11-26
FALABELLA,2126313429,KLPB0018,4.27 X 2.75 X 1 m 8 m3,1,359990.0,2023-11-26
FALABELLA,2126687680,KLPB0018,4.27 X 2.75 X 1 m 8 m3,1,359990.0,2023-11-26
PARIS,2741385320,KLPB0018,4.27 X 2.75 X 1 m 8 m3,1,359990.0,2024-09-30
PARIS,2742229950,KLPB0018,4.27 X 2.75 X 1 m 8 m3,1,359990.0,2024-10-01
PARIS,2755391710,KLPB0018,4.27 X 2.75 X 1 m 8 m3,1,359990.0,2024-12-02
PARIS,2756338570,KLPB0018,4.27 X 2.75 X 1 m 8 m3,1,359990.0,2024-11-30
PARIS,2756386090,KLPB0018,4.27 X 2.75 X 1 m 8 m3,1,359990.0,2024-11-30
PARIS,2756481440,KLPB0018,4.27 X 2.75 X 1 m 8 m3,1,359990.0,2024-11-30
PARIS,2758035740,KLPB0018,4.27 X 2.75 X 1 m 8 m3,1,359990.0,2024-12-02
PARIS,2758167790,KLPB0018,4.27 X 2.75 X 1 m 8 m3,1,359990.0,2024-12-02
PARIS,2758210900,KLPB0018,4.27 X 2.75 X 1 m 8 m3,1,359990.0,2024-12-02
PARIS,2758258140,KLPB0018,4.27 X 2.75 X 1 m 8 m3,1,359990.0,2024-12-02
PARIS,2758324181,KLPB0018,4.27 X 2.75 X 1 m 8 m3,1,359990.0,2024-12-02
PARIS,2758633310,KLPB0018,4.27 X 2.75 X 1 m 8 m3,1,359990.0,2024-12-02
PARIS,2758635730,KLPB0018,4.27 X 2.75 X 1 m 8 m3,1,359990.0,2024-12-02
PARIS,2758746660,KLPB0018,4.27 X 2.75 X 1 m 8 m3,1,359990.0,2024-12-02
PARIS,2758977170,KLPB0018,4.27 X 2.75 X 1 m 8 m3,1,359990.0,2024-12-03
PARIS,2759037690,KLPB0018,4.27 X 2.75 X 1 m 8 m3,1,359990.0,2024-12-03
PARIS,2759909830,KLPB0018,4.27 X 2.75 X 1 m 8 m3,1,359990.0,2024-12-05
PARIS,2760519360,KLPB0018,4.27 X 2.75 X 1 m 8 m3,1,359990.0,2024-12-07
PARIS,2760522250,KLPB0018,4.27 X 2.75 X 1 m 8 m3,1,359990.0,2024-12-07
PARIS,2760711821,KLPB0018,4.27 X 2.75 X 1 m 8 m3,1,359990.0,2024-12-08
PARIS,2760842720,KLPB0018,4.27 X 2.75 X 1 m 8 m3,1,359990.0,2024-12-08
PARIS,2760887240,KLPB0018,4.27 X 2.75 X 1 m 8 m3,1,359990.0,2024-12-08
PARIS,3062675430,KLPB0018,4.27 X 2.75 X 1 m 8 m3,1,359990.0,2025-11-27
PARIS,3063222090,KLPB0018,4.27 X 2.75 X 1 m 8 m3,1,359990.0,2025-11-28
PARIS,3067246360,KLPB0018,4.27 X 2.75 X 1 m 8 m3,1,359990.0,2025-12-01
PARIS,3067720810,KLPB0018,4.27 X 2.75 X 1 m 8 m3,1,359990.0,2025-12-02
PARIS,3068008330,KLPB0018,4.27 X 2.75 X 1 m 8 m3,1,359990.0,2025-12-03
PARIS,3068068030,KLPB0018,4.27 X 2.75 X 1 m 8 m3,1,359990.0,2025-12-03
PARIS,3068118230,KLPB0018,4.27 X 2.75 X 1 m 8 m3,1,359990.0,2025-12-03
PARIS,3068513080,KLPB0018,4.27 X 2.75 X 1 m 8 m3,1,359990.0,2025-12-04
PARIS,3068687720,KLPB0018,4.27 X 2.75 X 1 m 8 m3,1,359990.0,2025-12-05
PARIS,3068769980,KLPB0018,4.27 X 2.75 X 1 m 8 m3,1,359990.0,2025-12-05
PARIS,3068771910,KLPB0018,4.27 X 2.75 X 1 m 8 m3,1,359990.0,2025-12-05
PARIS,3068853560,KLPB0018,4.27 X 2.75 X 1 m 8 m3,1,359990.0,2025-12-05
PARIS,3068933750,KLPB0018,4.27 X 2.75 X 1 m 8 m3,1,359990.0,2025-12-05
PARIS,3069000990,KLPB0018,4.27 X 2.75 X 1 m 8 m3,1,359990.0,2025-12-05
PARIS,3069509100,KLPB0018,4.27 X 2.75 X 1 m 8 m3,1,359990.0,2025-12-07
PARIS,3073232550,KLPB0018,4.27 X 2.75 X 1 m 8 m3,1,359990.0,2025-12-16
PARIS,3073618540,KLPB0018,4.27 X 2.75 X 1 m 8 m3,1,359990.0,2025-12-16
PARIS,3073966540,KLPB0018,4.27 X 2.75 X 1 m 8 m3,1,359990.0,2025-12-17
PARIS,3074028890,KLPB0018,4.27 X 2.75 X 1 m 8 m3,1,359990.0,2025-12-17
PARIS,3074248620,KLPB0018,4.27 X 2.75 X 1 m 8 m3,1,359990.0,2025-12-18
PARIS,3074368200,KLPB0018,4.27 X 2.75 X 1 m 8 m3,1,359990.0,2025-12-18
PARIS,3074459200,KLPB0018,4.27 X 2.75 X 1 m 8 m3,1,359990.0,2025-12-18
PARIS,3074489970,KLPB0018,4.27 X 2.75 X 1 m 8 m3,1,359990.0,2025-12-18
PARIS,3074521020,KLPB0018,4.27 X 2.75 X 1 m 8 m3,1,359990.0,2025-12-18
PARIS,3074529310,KLPB0018,4.27 X 2.75 X 1 m 8 m3,1,359990.0,2025-12-18
FALABELLA,2587728238,KLPB0020,4m x 2m x 99 cm 7 m3,1,359990.0,2024-09-30
FALABELLA,2587791875,KLPB0020,4m x 2m x 99 cm 7 m3,1,359990.0,2024-09-30
FALABELLA,2589130962,KLPB0020,4m x 2m x 99 cm 7 m3,1,359990.0,2024-09-30
FALABELLA,2589200839,KLPB0020,4m x 2m x 99 cm 7 m3,1,359990.0,2024-09-30
FALABELLA,2591521936,KLPB0020,4m x 2m x 99 cm 7 m3,1,359990.0,2024-10-01
FALABELLA,2596593380,KLPB0020,4m x 2m x 99 cm 7 m3,1,359990.0,2024-10-02
FALABELLA,2596676715,KLPB0020,4m x 2m x 99 cm 7 m3,1,359990.0,2024-10-02
FALABELLA,2597121660,KLPB0020,4m x 2m x 99 cm 7 m3,1,359990.0,2024-10-02
PARIS,3062953530,KLPB0020,4m x 2m x 99 cm 7 m3,1,359990.0,2025-11-28
PARIS,3063094050,KLPB0020,4m x 2m x 99 cm 7 m3,1,359990.0,2025-11-28
PARIS,3066409271,KLPB0020,4m x 2m x 99 cm 7 m3,1,359990.0,2025-12-01
PARIS,3066420360,KLPB0020,4m x 2m x 99 cm 7 m3,1,359990.0,2025-12-01
PARIS,3067288920,KLPB0020,4m x 2m x 99 cm 7 m3,1,359990.0,2025-12-01
PARIS,3068557510,KLPB0020,4m x 2m x 99 cm 7 m3,1,359990.0,2025-12-04
PARIS,3069982260,KLPB0020,4m x 2m x 99 cm 7 m3,1,359990.0,2025-12-08
MERCADOLIBRE,2000008507621800,KLGE0002,WATSON 800,1,359990.0,2024-06-12
MERCADOLIBRE,2000008514575940,KLGE0002,WATSON 800,1,359990.0,2024-06-12
MERCADOLIBRE,2000008546597000,KLGE0002,WATSON 800,1,359990.0,2024-06-17
MERCADOLIBRE,2000008931530153,KLGE0002,WATSON 800,1,359990.0,2025-08-20
MERCADOLIBRE,2000009088908500,KLGE0002,WATSON 800,1,359990.0,2024-08-20
MERCADOLIBRE,2000009089900470,KLGE0002,WATSON 800,1,359990.0,2024-08-20
MERCADOLIBRE,2000011638622928,KLGE0002,WATSON 800,1,359990.0,2025-05-17
MERCADOLIBRE,2000011968445838,KLGE0002,WATSON 800,1,359990.0,2025-06-15
MERCADOLIBRE,2000012621811872,KLGE0002,WATSON 800,1,359990.0,2025-08-11
MERCADOLIBRE,2000012642155722,KLGE0002,WATSON 800,1,359990.0,2025-08-12
FALABELLA,2229092644,KLES0014,CALEFACTOR SECATOALLAS,3,359970.0,2024-06-03
MERCADOLIBRE,2000005846134090,KLES0036,WALLY 1000 INVERTER,3,359970.0,2024-06-03
FALABELLA,2101183686,KLPB0018,4.27 X 2.75 X 1 m 8 m3,1,349990.0,2023-10-01
FALABELLA,2101293342,KLPB0018,4.27 X 2.75 X 1 m 8 m3,1,349990.0,2023-10-02
FALABELLA,2101297882,KLPB0018,4.27 X 2.75 X 1 m 8 m3,1,349990.0,2023-10-02
FALABELLA,2101755221,KLPB0018,4.27 X 2.75 X 1 m 8 m3,1,349990.0,2023-10-02
FALABELLA,2101857903,KLPB0018,4.27 X 2.75 X 1 m 8 m3,1,349990.0,2023-10-02
FALABELLA,2102150647,KLPB0018,4.27 X 2.75 X 1 m 8 m3,1,349990.0,2023-10-02
FALABELLA,2102307931,KLPB0018,4.27 X 2.75 X 1 m 8 m3,1,349990.0,2023-10-02
FALABELLA,2102341154,KLPB0018,4.27 X 2.75 X 1 m 8 m3,1,349990.0,2023-10-02
FALABELLA,2102897316,KLPB0018,4.27 X 2.75 X 1 m 8 m3,1,349990.0,2023-10-02
FALABELLA,2103136299,KLPB0018,4.27 X 2.75 X 1 m 8 m3,1,349990.0,2023-10-02
FALABELLA,2103220994,KLPB0018,4.27 X 2.75 X 1 m 8 m3,1,349990.0,2023-10-02
FALABELLA,2103515806,KLPB0018,4.27 X 2.75 X 1 m 8 m3,1,349990.0,2023-10-03
FALABELLA,2103532702,KLPB0018,4.27 X 2.75 X 1 m 8 m3,1,349990.0,2023-10-03
FALABELLA,2103535163,KLPB0018,4.27 X 2.75 X 1 m 8 m3,1,349990.0,2023-10-03
FALABELLA,2103540101,KLPB0018,4.27 X 2.75 X 1 m 8 m3,1,349990.0,2023-10-03
FALABELLA,2103555586,KLPB0018,4.27 X 2.75 X 1 m 8 m3,1,349990.0,2023-10-03
FALABELLA,2103608634,KLPB0018,4.27 X 2.75 X 1 m 8 m3,1,349990.0,2023-10-03
FALABELLA,2103651584,KLPB0018,4.27 X 2.75 X 1 m 8 m3,1,349990.0,2023-10-03
FALABELLA,2103869191,KLPB0018,4.27 X 2.75 X 1 m 8 m3,1,349990.0,2023-10-03
FALABELLA,2104271536,KLPB0018,4.27 X 2.75 X 1 m 8 m3,1,349990.0,2023-10-03
FALABELLA,2104488534,KLPB0018,4.27 X 2.75 X 1 m 8 m3,1,349990.0,2023-10-03
FALABELLA,2104620793,KLPB0018,4.27 X 2.75 X 1 m 8 m3,1,349990.0,2023-10-03
FALABELLA,2104806431,KLPB0018,4.27 X 2.75 X 1 m 8 m3,1,349990.0,2023-10-04
FALABELLA,2104948820,KLPB0018,4.27 X 2.75 X 1 m 8 m3,1,349990.0,2023-10-04
FALABELLA,2105141692,KLPB0018,4.27 X 2.75 X 1 m 8 m3,1,349990.0,2023-10-04
FALABELLA,2105544131,KLPB0018,4.27 X 2.75 X 1 m 8 m3,1,349990.0,2023-10-04
FALABELLA,2105589248,KLPB0018,4.27 X 2.75 X 1 m 8 m3,1,349990.0,2023-10-04
FALABELLA,2105637886,KLPB0018,4.27 X 2.75 X 1 m 8 m3,1,349990.0,2023-10-04
FALABELLA,2105720304,KLPB0018,4.27 X 2.75 X 1 m 8 m3,1,349990.0,2023-10-04
FALABELLA,2596969538,KLPB0018,4.27 X 2.75 X 1 m 8 m3,1,349990.0,2024-10-02
FALABELLA,2597317258,KLPB0018,4.27 X 2.75 X 1 m 8 m3,1,349990.0,2024-10-02
FALABELLA,2597483038,KLPB0018,4.27 X 2.75 X 1 m 8 m3,1,349990.0,2024-10-02
FALABELLA,2597588399,KLPB0018,4.27 X 2.75 X 1 m 8 m3,1,349990.0,2024-10-02
FALABELLA,2598008562,KLPB0018,4.27 X 2.75 X 1 m 8 m3,1,349990.0,2024-10-02
FALABELLA,2598240365,KLPB0018,4.27 X 2.75 X 1 m 8 m3,1,349990.0,2024-10-02
FALABELLA,2598432091,KLPB0018,4.27 X 2.75 X 1 m 8 m3,1,349990.0,2024-10-02
FALABELLA,2598793050,KLPB0018,4.27 X 2.75 X 1 m 8 m3,1,349990.0,2024-10-02
PARIS,2742766570,KLPB0018,4.27 X 2.75 X 1 m 8 m3,1,349990.0,2024-10-01
PARIS,2743031480,KLPB0018,4.27 X 2.75 X 1 m 8 m3,1,349990.0,2024-10-01
PARIS,2743895330,KLPB0018,4.27 X 2.75 X 1 m 8 m3,1,349990.0,2024-10-01
PARIS,2744327180,KLPB0018,4.27 X 2.75 X 1 m 8 m3,1,349990.0,2024-10-02
PARIS,2745155330,KLPB0018,4.27 X 2.75 X 1 m 8 m3,1,349990.0,2024-10-02
PARIS,2746648080,KLPB0018,4.27 X 2.75 X 1 m 8 m3,1,349990.0,2024-10-04
PARIS,3050421670,KLPB0018,4.27 X 2.75 X 1 m 8 m3,1,349990.0,2025-10-07
PARIS,3050953900,KLPB0018,4.27 X 2.75 X 1 m 8 m3,1,349990.0,2025-10-07
PARIS,3054170750,KLPB0018,4.27 X 2.75 X 1 m 8 m3,1,349990.0,2025-10-09
PARIS,3054723390,KLPB0018,4.27 X 2.75 X 1 m 8 m3,1,349990.0,2025-10-12
PARIS,3054748990,KLPB0018,4.27 X 2.75 X 1 m 8 m3,1,349990.0,2025-10-12
PARIS,3055440931,KLPB0018,4.27 X 2.75 X 1 m 8 m3,1,349990.0,2025-10-16
PARIS,3055567850,KLPB0018,4.27 X 2.75 X 1 m 8 m3,1,349990.0,2025-10-17
PARIS,3055585320,KLPB0018,4.27 X 2.75 X 1 m 8 m3,1,349990.0,2025-10-17
PARIS,3070344170,KLPB0018,4.27 X 2.75 X 1 m 8 m3,1,349990.0,2025-12-09
PARIS,3070373030,KLPB0018,4.27 X 2.75 X 1 m 8 m3,1,349990.0,2025-12-09
PARIS,3070398700,KLPB0018,4.27 X 2.75 X 1 m 8 m3,1,349990.0,2025-12-09
PARIS,3071573970,KLPB0018,4.27 X 2.75 X 1 m 8 m3,1,349990.0,2025-12-12
FALABELLA,2613059230,KLPB0020,4m x 2m x 99 cm 7 m3,1,349990.0,2024-10-25
FALABELLA,2613388048,KLPB0020,4m x 2m x 99 cm 7 m3,1,349990.0,2024-10-26
FALABELLA,2614419126,KLPB0020,4m x 2m x 99 cm 7 m3,1,349990.0,2024-10-28
FALABELLA,2614613570,KLPB0020,4m x 2m x 99 cm 7 m3,1,349990.0,2024-10-28
FALABELLA,2614837599,KLPB0020,4m x 2m x 99 cm 7 m3,1,349990.0,2024-10-28
PARIS,3070648190,KLPB0020,4m x 2m x 99 cm 7 m3,1,349990.0,2025-12-10
PARIS,3070849550,KLPB0020,4m x 2m x 99 cm 7 m3,1,349990.0,2025-12-10
PARIS,3071972083,KLPB0020,4m x 2m x 99 cm 7 m3,1,349990.0,2025-12-13
PARIS,3073610240,KLPB0020,4m x 2m x 99 cm 7 m3,1,349990.0,2025-12-16
PARIS,3073950600,KLPB0020,4m x 2m x 99 cm 7 m3,1,349990.0,2025-12-17
PARIS,3074435570,KLPB0020,4m x 2m x 99 cm 7 m3,1,349990.0,2025-12-18
PARIS,3074660250,KLPB0020,4m x 2m x 99 cm 7 m3,1,349990.0,2025-12-18
PARIS,3075567480,KLPB0020,4m x 2m x 99 cm 7 m3,1,349990.0,2025-12-21
PARIS,3075769900,KLPB0020,4m x 2m x 99 cm 7 m3,1,349990.0,2025-12-21
PARIS,3076324450,KLPB0020,4m x 2m x 99 cm 7 m3,1,349990.0,2025-12-24
PARIS,3076465570,KLPB0020,4m x 2m x 99 cm 7 m3,1,349990.0,2025-12-25
PARIS,3076467900,KLPB0020,4m x 2m x 99 cm 7 m3,1,349990.0,2025-12-25
PARIS,3076661670,KLPB0020,4m x 2m x 99 cm 7 m3,1,349990.0,2025-12-26
MERCADOLIBRE,2000007457439631,KLGE0002,WATSON 800,1,341990.0,2025-03-25
MERCADOLIBRE,2000007472980861,KLGE0002,WATSON 800,1,341990.0,2025-03-27
MERCADOLIBRE,2000007535529025,KLGE0002,WATSON 800,1,341990.0,2025-04-04
MERCADOLIBRE,2000012397852550,KLGE0002,WATSON 800,1,341990.0,2025-07-23
RIPLEY,24183117401,KLPB0018,4.27 X 2.75 X 1 m 8 m3,1,339990.0,2025-11-30
RIPLEY,24204316402,KLPB0018,4.27 X 2.75 X 1 m 8 m3,1,339990.0,2025-12-02
FALABELLA,2204062283,KLES0037,WALLY 1500 INVERTER,2,339980.0,2024-05-06
PARIS,3002302050,KLES0037,WALLY 1500 INVERTER,2,339980.0,2025-04-01
PARIS,3047392240,KLPB0018,4.27 X 2.75 X 1 m 8 m3,1,329990.0,2025-10-05
PARIS,3047657290,KLPB0018,4.27 X 2.75 X 1 m 8 m3,1,329990.0,2025-10-06
PARIS,3048256860,KLPB0018,4.27 X 2.75 X 1 m 8 m3,1,329990.0,2025-10-06
PARIS,3048289721,KLPB0018,4.27 X 2.75 X 1 m 8 m3,1,329990.0,2025-10-06
PARIS,3048335170,KLPB0018,4.27 X 2.75 X 1 m 8 m3,1,329990.0,2025-10-06
PARIS,3048506140,KLPB0018,4.27 X 2.75 X 1 m 8 m3,1,329990.0,2025-10-06
PARIS,3048757230,KLPB0018,4.27 X 2.75 X 1 m 8 m3,1,329990.0,2025-10-06
PARIS,3049185361,KLPB0018,4.27 X 2.75 X 1 m 8 m3,1,329990.0,2025-10-06
PARIS,3049792560,KLPB0018,4.27 X 2.75 X 1 m 8 m3,1,329990.0,2025-10-07
PARIS,3049854860,KLPB0018,4.27 X 2.75 X 1 m 8 m3,1,329990.0,2025-10-07
PARIS,3052116820,KLPB0018,4.27 X 2.75 X 1 m 8 m3,1,329990.0,2025-10-08
PARIS,3052123730,KLPB0018,4.27 X 2.75 X 1 m 8 m3,1,329990.0,2025-10-08
PARIS,3052167530,KLPB0018,4.27 X 2.75 X 1 m 8 m3,1,329990.0,2025-10-08
PARIS,3052944060,KLPB0018,4.27 X 2.75 X 1 m 8 m3,1,329990.0,2025-10-08
PARIS,3053328080,KLPB0018,4.27 X 2.75 X 1 m 8 m3,1,329990.0,2025-10-08
FALABELLA,2196938045,KLGE0002,WATSON 800,1,329990.0,2024-04-22
MERCADOLIBRE,2000007571591445,KLGE0002,WATSON 800,1,329990.0,2025-04-08
MERCADOLIBRE,2000007576898693,KLGE0002,WATSON 800,1,329990.0,2025-04-09
MERCADOLIBRE,2000007633673483,KLGE0002,WATSON 800,1,329990.0,2025-04-15
FALABELLA,2200754725,KLES0067,WALLY ONE O 1800,3,329970.0,2024-05-01
MERCADOLIBRE,2000005833448910,KLES0067,WALLY ONE O 1800,3,329970.0,2024-05-30
MERCADOLIBRE,2000007853081534,KLGE0002,WATSON 800,1,328589.0,2024-03-19
MERCADOLIBRE,2000005836107300,KLES0070,PTC LIFE 2,5,324950.0,2024-05-31
FALABELLA,2597181403,KLPB0020,4m x 2m x 99 cm 7 m3,1,323991.0,2024-10-02
MERCADOLIBRE,2000010401112161,KLGE0002,WATSON 800,1,323991.0,2025-12-05
MERCADOLIBRE,2000005826699730,KLES0036,WALLY 1000 INVERTER,2,322980.0,2024-05-29
FALABELLA,2123459700,KLPB0018,4.27 X 2.75 X 1 m 8 m3,1,319990.0,2023-11-23
FALABELLA,2123556573,KLPB0018,4.27 X 2.75 X 1 m 8 m3,1,319990.0,2023-11-23
FALABELLA,2146706866,KLGE0002,WATSON 800,1,319990.0,2023-12-28
FALABELLA,2149566067,KLGE0002,WATSON 800,1,319990.0,2024-01-05
FALABELLA,2151584338,KLGE0002,WATSON 800,1,319990.0,2024-01-09
FALABELLA,2158012125,KLGE0002,WATSON 800,1,319990.0,2024-01-25
FALABELLA,2158051394,KLGE0002,WATSON 800,1,319990.0,2024-01-25
FALABELLA,2159791904,KLGE0002,WATSON 800,1,319990.0,2024-01-30
FALABELLA,2162445388,KLGE0002,WATSON 800,1,319990.0,2024-02-05
RIPLEY,23688762801,KLGE0002,WATSON 800,1,319990.0,2025-06-12
MERCADOLIBRE,2000004790972292,KLGE0002,WATSON 800,1,319990.0,2022-12-20
MERCADOLIBRE,2000005458545305,KLGE0002,WATSON 800,1,319990.0,2024-02-27
MERCADOLIBRE,2000005475946347,KLGE0002,WATSON 800,1,319990.0,2024-03-03
MERCADOLIBRE,2000007727456708,KLGE0002,WATSON 800,1,319990.0,2024-03-02
MERCADOLIBRE,2000007738988122,KLGE0002,WATSON 800,1,319990.0,2024-03-04
MERCADOLIBRE,2000011222049869,KLGE0002,WATSON 800,1,319990.0,2026-01-26
MERCADOLIBRE,2000012591343220,KLES0065,WALLY ONE O 600,4,312840.0,2026-04-19
MERCADOLIBRE,2000007948730262,KLGE0002,WATSON 800,1,310390.0,2024-04-02
FALABELLA,2181098096,KLPB0020,4m x 2m x 99 cm 7 m3,1,309990.0,2024-03-19
FALABELLA,2182217423,KLPB0020,4m x 2m x 99 cm 7 m3,1,309990.0,2024-03-21
FALABELLA,2184337737,KLPB0020,4m x 2m x 99 cm 7 m3,1,309990.0,2024-03-26
MERCADOLIBRE,2000008062354441,KLGE0002,WATSON 800,1,309990.0,2025-06-02
MERCADOLIBRE,2000008075115667,KLGE0002,WATSON 800,1,309990.0,2025-06-03
MERCADOLIBRE,2000008088304885,KLGE0002,WATSON 800,1,309990.0,2025-06-05
FALABELLA,2162896079,KLGE0002,WATSON 800,1,304990.0,2024-02-06
PARIS,3049902960,KLPB0018,4.27 X 2.75 X 1 m 8 m3,1,299990.0,2025-10-07
PARIS,3052657190,KLPB0018,4.27 X 2.75 X 1 m 8 m3,1,299990.0,2025-10-08
FALABELLA,2172401121,KLPB0020,4m x 2m x 99 cm 7 m3,1,299990.0,2024-02-29
FALABELLA,2173770096,KLPB0020,4m x 2m x 99 cm 7 m3,1,299990.0,2024-03-03
FALABELLA,2176908565,KLPB0020,4m x 2m x 99 cm 7 m3,1,299990.0,2024-03-10
FALABELLA,2176944501,KLPB0020,4m x 2m x 99 cm 7 m3,1,299990.0,2024-03-10
FALABELLA,2178233028,KLPB0020,4m x 2m x 99 cm 7 m3,1,299990.0,2024-03-13
FALABELLA,2156868388,KLEF0086,PORTATIL FRISK 12000,1,299990.0,2024-01-22
FALABELLA,2543360485,KLGE0002,WATSON 800,1,299990.0,2024-08-04
FALABELLA,2544056371,KLGE0002,WATSON 800,1,299990.0,2024-08-05
FALABELLA,2544114930,KLGE0002,WATSON 800,1,299990.0,2024-08-05
RIPLEY,24277120901,KLGE0002,WATSON 800,1,299990.0,2025-12-17
MERCADOLIBRE,2000005696697003,KLGE0002,WATSON 800,1,299990.0,2024-04-29
MERCADOLIBRE,2000006018572217,KLGE0002,WATSON 800,1,299990.0,2024-07-11
MERCADOLIBRE,2000008060769376,KLGE0002,WATSON 800,1,299990.0,2024-04-22
MERCADOLIBRE,2000008120441122,KLGE0002,WATSON 800,1,299990.0,2024-04-24
MERCADOLIBRE,2000008126539778,KLGE0002,WATSON 800,1,299990.0,2024-04-25
MERCADOLIBRE,2000008197076100,KLGE0002,WATSON 800,1,299990.0,2024-05-05
MERCADOLIBRE,2000008205612650,KLGE0002,WATSON 800,1,299990.0,2024-05-06
MERCADOLIBRE,2000008638095740,KLGE0002,WATSON 800,1,299990.0,2024-06-28
MERCADOLIBRE,2000008693382486,KLGE0002,WATSON 800,1,299990.0,2024-07-05
MERCADOLIBRE,2000008887122832,KLGE0002,WATSON 800,1,299990.0,2024-07-28
PARIS,2747452300,KLES0014,CALEFACTOR SECATOALLAS,2,299980.0,2024-10-09
MERCADOLIBRE,2000005774308630,KLES0014,CALEFACTOR SECATOALLAS,2,299980.0,2024-05-17
MERCADOLIBRE,2000005949716010,KLES0014,CALEFACTOR SECATOALLAS,2,299980.0,2024-06-26
RIPLEY,24438850901,KLEF0091,ENFRIADOR DE AIRE MISTRAL,2,299980.0,2026-02-27
MERCADOLIBRE,2000012577890380,KLES0036,WALLY 1000 INVERTER,2,299980.0,2026-04-18
PARIS,3026189870,KLES0036,WALLY 1000 INVERTER,3,299970.0,2025-06-19
MERCADOLIBRE,2000014035002652,KLGE0002,WATSON 800,1,295192.0,2025-11-28
MERCADOLIBRE,2000008865703530,KLGE0002,WATSON 800,1,294990.0,2024-07-25
MERCADOLIBRE,2000008895346740,KLGE0002,WATSON 800,1,294990.0,2024-07-29
MERCADOLIBRE,2000005607046469,KLGE0002,WATSON 800,1,294690.0,2024-04-06
MERCADOLIBRE,2000007966924582,KLGE0002,WATSON 800,1,294690.0,2024-04-04
MERCADOLIBRE,2000007983265982,KLGE0002,WATSON 800,1,294690.0,2024-04-06
MERCADOLIBRE,2000004445126121,KLES0012,CALEFACTOR BIOSMART IR04,1,289990.0,2023-05-13
MERCADOLIBRE,2000005289907160,KLES0012,CALEFACTOR BIOSMART IR04,1,289990.0,2023-04-01
MERCADOLIBRE,2000005605253116,KLES0012,CALEFACTOR BIOSMART IR04,1,289990.0,2023-05-08
MERCADOLIBRE,2000005617188388,KLES0012,CALEFACTOR BIOSMART IR04,1,289990.0,2023-05-09
MERCADOLIBRE,2000005628837750,KLES0012,CALEFACTOR BIOSMART IR04,1,289990.0,2023-05-10
MERCADOLIBRE,2000005631366732,KLES0012,CALEFACTOR BIOSMART IR04,1,289990.0,2023-05-11
MERCADOLIBRE,2000005635523542,KLES0012,CALEFACTOR BIOSMART IR04,1,289990.0,2023-05-11
MERCADOLIBRE,2000012861866617,KLES0012,CALEFACTOR BIOSMART IR04,1,289990.0,2026-05-07
MERCADOLIBRE,2000012879443201,KLES0012,CALEFACTOR BIOSMART IR04,1,289990.0,2026-05-08
MERCADOLIBRE,2000012935088851,KLES0012,CALEFACTOR BIOSMART IR04,1,289990.0,2026-05-11
MERCADOLIBRE,2000012994580861,KLES0012,CALEFACTOR BIOSMART IR04,1,289990.0,2026-05-15
MERCADOLIBRE,2000013044294653,KLES0012,CALEFACTOR BIOSMART IR04,1,289990.0,2026-05-18
MERCADOLIBRE,2000013051961869,KLES0012,CALEFACTOR BIOSMART IR04,1,289990.0,2026-05-18
MERCADOLIBRE,2000013066809953,KLES0012,CALEFACTOR BIOSMART IR04,1,289990.0,2026-05-19
MERCADOLIBRE,2000013179499181,KLES0012,CALEFACTOR BIOSMART IR04,1,289990.0,2026-05-26
MERCADOLIBRE,2000013204384629,KLES0012,CALEFACTOR BIOSMART IR04,1,289990.0,2026-05-27
MERCADOLIBRE,2000013235586725,KLES0012,CALEFACTOR BIOSMART IR04,1,289990.0,2026-05-29
MERCADOLIBRE,2000013579554871,KLES0012,CALEFACTOR BIOSMART IR04,1,289990.0,2026-06-17
MERCADOLIBRE,2000013630253285,KLES0012,CALEFACTOR BIOSMART IR04,1,289990.0,2026-06-21
MERCADOLIBRE,2000013633248377,KLES0012,CALEFACTOR BIOSMART IR04,1,289990.0,2026-06-21
MERCADOLIBRE,2000013692610309,KLES0012,CALEFACTOR BIOSMART IR04,1,289990.0,2026-06-25
MERCADOLIBRE,2000013693324221,KLES0012,CALEFACTOR BIOSMART IR04,1,289990.0,2026-06-25
MERCADOLIBRE,2000013717110941,KLES0012,CALEFACTOR BIOSMART IR04,1,289990.0,2026-06-26
MERCADOLIBRE,2000013738267017,KLES0012,CALEFACTOR BIOSMART IR04,1,289990.0,2026-06-28
MERCADOLIBRE,2000013746020649,KLES0012,CALEFACTOR BIOSMART IR04,1,289990.0,2026-06-28
MERCADOLIBRE,2000013746883211,KLES0012,CALEFACTOR BIOSMART IR04,1,289990.0,2026-06-28
MERCADOLIBRE,2000013756847893,KLES0012,CALEFACTOR BIOSMART IR04,1,289990.0,2026-06-29
MERCADOLIBRE,2000013769987687,KLES0012,CALEFACTOR BIOSMART IR04,1,289990.0,2026-06-30
MERCADOLIBRE,2000013769987689,KLES0012,CALEFACTOR BIOSMART IR04,1,289990.0,2026-06-30
MERCADOLIBRE,2000013771649805,KLES0012,CALEFACTOR BIOSMART IR04,1,289990.0,2026-06-30
MERCADOLIBRE,2000016421598848,KLES0012,CALEFACTOR BIOSMART IR04,1,289990.0,2026-05-13
MERCADOLIBRE,2000016463160084,KLES0012,CALEFACTOR BIOSMART IR04,1,289990.0,2026-05-16
MERCADOLIBRE,2000016487631474,KLES0012,CALEFACTOR BIOSMART IR04,1,289990.0,2026-05-18
MERCADOLIBRE,2000016683503176,KLES0012,CALEFACTOR BIOSMART IR04,1,289990.0,2026-05-30
MERCADOLIBRE,2000016703805240,KLES0012,CALEFACTOR BIOSMART IR04,1,289990.0,2026-05-31
MERCADOLIBRE,2000016709525396,KLES0012,CALEFACTOR BIOSMART IR04,1,289990.0,2026-06-01
MERCADOLIBRE,2000016940463214,KLES0012,CALEFACTOR BIOSMART IR04,1,289990.0,2026-06-14
MERCADOLIBRE,2000017007711876,KLES0012,CALEFACTOR BIOSMART IR04,1,289990.0,2026-06-18
FALABELLA,2159489666,KLEF0086,PORTATIL FRISK 12000,1,289990.0,2024-01-29
FALABELLA,2159761874,KLEF0086,PORTATIL FRISK 12000,1,289990.0,2024-01-30
FALABELLA,2160140133,KLEF0086,PORTATIL FRISK 12000,1,289990.0,2024-01-31
FALABELLA,2541781473,KLGE0002,WATSON 800,1,289990.0,2024-08-03
FALABELLA,2541898846,KLGE0002,WATSON 800,1,289990.0,2024-08-03
FALABELLA,2542270970,KLGE0002,WATSON 800,1,289990.0,2024-08-03
FALABELLA,2542272337,KLGE0002,WATSON 800,1,289990.0,2024-08-03
FALABELLA,2542286940,KLGE0002,WATSON 800,1,289990.0,2024-08-03
FALABELLA,2542850326,KLGE0002,WATSON 800,1,289990.0,2024-08-04
RIPLEY,23614126101,KLGE0002,WATSON 800,1,289990.0,2025-06-02
RIPLEY,23665939001,KLGE0002,WATSON 800,1,289990.0,2025-06-05
MERCADOLIBRE,2000008928016334,KLGE0002,WATSON 800,1,289990.0,2024-08-02
MERCADOLIBRE,2000008929123458,KLGE0002,WATSON 800,1,289990.0,2024-08-02
MERCADOLIBRE,2000008931230750,KLGE0002,WATSON 800,1,289990.0,2024-08-02
MERCADOLIBRE,2000008931275688,KLGE0002,WATSON 800,1,289990.0,2024-08-02
MERCADOLIBRE,2000008931434542,KLGE0002,WATSON 800,1,289990.0,2024-08-02
MERCADOLIBRE,2000008931468790,KLGE0002,WATSON 800,1,289990.0,2024-08-02
MERCADOLIBRE,2000008932242188,KLGE0002,WATSON 800,1,289990.0,2024-08-02
MERCADOLIBRE,2000008933647936,KLGE0002,WATSON 800,1,289990.0,2024-08-02
MERCADOLIBRE,2000012712441480,KLES0036,WALLY 1000 INVERTER,2,285536.0,2026-04-28
MERCADOLIBRE,2000005813266470,KLES0066,WALLY ONE O 1200,3,284970.0,2024-05-26
MERCADOLIBRE,2000005878343680,KLES0066,WALLY ONE O 1200,3,284970.0,2024-06-10
MERCADOLIBRE,2000005878343690,KLES0066,WALLY ONE O 1200,3,284970.0,2024-06-10
MERCADOLIBRE,2000004120770235,KLGE0002,WATSON 800,1,279994.0,2023-01-10
MERCADOLIBRE,2000004888080544,KLGE0002,WATSON 800,1,279994.0,2023-01-07
MERCADOLIBRE,2000004927782506,KLGE0002,WATSON 800,1,279994.0,2023-01-13
MERCADOLIBRE,2000004949341802,KLGE0002,WATSON 800,1,279994.0,2023-01-17
MERCADOLIBRE,2000004950625724,KLGE0002,WATSON 800,1,279994.0,2023-01-17
MERCADOLIBRE,2000004977307744,KLGE0002,WATSON 800,1,279994.0,2023-01-22
MERCADOLIBRE,2000004979319580,KLGE0002,WATSON 800,1,279994.0,2023-01-22
MERCADOLIBRE,2000004996116052,KLGE0002,WATSON 800,1,279994.0,2023-01-25
FALABELLA,2171909120,KLPB0020,4m x 2m x 99 cm 7 m3,1,279990.0,2024-02-28
FALABELLA,2172268204,KLPB0020,4m x 2m x 99 cm 7 m3,1,279990.0,2024-02-29
FALABELLA,2172786344,KLPB0020,4m x 2m x 99 cm 7 m3,1,279990.0,2024-03-01
FALABELLA,2172873072,KLPB0020,4m x 2m x 99 cm 7 m3,1,279990.0,2024-03-01
FALABELLA,2173151654,KLPB0020,4m x 2m x 99 cm 7 m3,1,279990.0,2024-03-02
FALABELLA,2173447897,KLPB0020,4m x 2m x 99 cm 7 m3,1,279990.0,2024-03-03
MERCADOLIBRE,2000009238745820,KLBR0004,K-FIRE NEGRO,1,279990.0,2024-09-07
MERCADOLIBRE,2000009313255788,KLBR0004,K-FIRE NEGRO,1,279990.0,2024-09-16
FALABELLA,2137632050,KLBR0001,SIN HUMO,1,279990.0,2023-12-13
FALABELLA,2148018181,KLBR0001,SIN HUMO,1,279990.0,2024-01-01
FALABELLA,2155424511,KLBR0001,SIN HUMO,1,279990.0,2024-01-19
MERCADOLIBRE,2000004616719041,KLBR0001,SIN HUMO,1,279990.0,2023-07-10
MERCADOLIBRE,2000004616719043,KLBR0001,SIN HUMO,1,279990.0,2023-07-10
MERCADOLIBRE,2000004930073649,KLBR0001,SIN HUMO,1,279990.0,2023-10-14
MERCADOLIBRE,2000004930073651,KLBR0001,SIN HUMO,1,279990.0,2023-10-14
MERCADOLIBRE,2000005841165320,KLBR0001,SIN HUMO,1,279990.0,2023-06-12
MERCADOLIBRE,2000005902131024,KLBR0001,SIN HUMO,1,279990.0,2023-06-22
MERCADOLIBRE,2000006014230858,KLBR0001,SIN HUMO,1,279990.0,2023-07-09
MERCADOLIBRE,2000006124155216,KLBR0001,SIN HUMO,1,279990.0,2023-07-25
MERCADOLIBRE,2000006823457784,KLBR0001,SIN HUMO,1,279990.0,2023-11-05
FALABELLA,2070330791,KLGE0002,WATSON 800,1,279990.0,2023-06-10
FALABELLA,2074606363,KLGE0002,WATSON 800,1,279990.0,2023-07-03
FALABELLA,2074865163,KLGE0002,WATSON 800,1,279990.0,2023-07-04
FALABELLA,2082756880,KLGE0002,WATSON 800,1,279990.0,2023-08-08
FALABELLA,2082837312,KLGE0002,WATSON 800,1,279990.0,2023-08-09
FALABELLA,2087025480,KLGE0002,WATSON 800,1,279990.0,2023-08-27
FALABELLA,2088857079,KLGE0002,WATSON 800,1,279990.0,2023-09-01
FALABELLA,2089322800,KLGE0002,WATSON 800,1,279990.0,2023-09-02
FALABELLA,2091909108,KLGE0002,WATSON 800,1,279990.0,2023-09-07
FALABELLA,2092491237,KLGE0002,WATSON 800,1,279990.0,2023-09-09
FALABELLA,2092888891,KLGE0002,WATSON 800,1,279990.0,2023-09-10
FALABELLA,2108939872,KLGE0002,WATSON 800,1,279990.0,2023-10-12
FALABELLA,2110438716,KLGE0002,WATSON 800,1,279990.0,2023-10-18
FALABELLA,2110630782,KLGE0002,WATSON 800,1,279990.0,2023-10-18
FALABELLA,2111114499,KLGE0002,WATSON 800,1,279990.0,2023-10-20
FALABELLA,2121802055,KLGE0002,WATSON 800,1,279990.0,2023-11-19
FALABELLA,2123680511,KLGE0002,WATSON 800,1,279990.0,2023-11-23
FALABELLA,2124789320,KLGE0002,WATSON 800,1,279990.0,2023-11-24
FALABELLA,2128009492,KLGE0002,WATSON 800,1,279990.0,2023-11-27
FALABELLA,2130094645,KLGE0002,WATSON 800,1,279990.0,2023-11-30
FALABELLA,2130344125,KLGE0002,WATSON 800,1,279990.0,2023-01-12
MERCADOLIBRE,2000005775386710,KLGE0002,WATSON 800,1,279990.0,2023-06-03
MERCADOLIBRE,2000005814238412,KLGE0002,WATSON 800,1,279990.0,2023-06-08
MERCADOLIBRE,2000005819003896,KLGE0002,WATSON 800,1,279990.0,2023-06-09
MERCADOLIBRE,2000005844571306,KLGE0002,WATSON 800,1,279990.0,2023-06-13
MERCADOLIBRE,2000005976653926,KLGE0002,WATSON 800,1,279990.0,2023-07-04
MERCADOLIBRE,2000005989943698,KLGE0002,WATSON 800,1,279990.0,2023-07-06
MERCADOLIBRE,2000006000344106,KLGE0002,WATSON 800,1,279990.0,2023-07-07
MERCADOLIBRE,2000006033994598,KLGE0002,WATSON 800,1,279990.0,2023-07-12
MERCADOLIBRE,2000006048974952,KLGE0002,WATSON 800,1,279990.0,2023-07-14
MERCADOLIBRE,2000006104570540,KLGE0002,WATSON 800,1,279990.0,2023-07-22
MERCADOLIBRE,2000006137700956,KLGE0002,WATSON 800,1,279990.0,2023-07-27
MERCADOLIBRE,2000006242137458,KLGE0002,WATSON 800,1,279990.0,2023-08-11
MERCADOLIBRE,2000006293626472,KLGE0002,WATSON 800,1,279990.0,2023-08-19
MERCADOLIBRE,2000006321753750,KLGE0002,WATSON 800,1,279990.0,2023-08-23
MERCADOLIBRE,2000006338715742,KLGE0002,WATSON 800,1,279990.0,2023-08-26
MERCADOLIBRE,2000006452546494,KLGE0002,WATSON 800,1,279990.0,2023-09-12
MERCADOLIBRE,2000006539288018,KLGE0002,WATSON 800,1,279990.0,2023-09-25
MERCADOLIBRE,2000006554674650,KLGE0002,WATSON 800,1,279990.0,2023-09-27
MERCADOLIBRE,2000006561363656,KLGE0002,WATSON 800,1,279990.0,2023-09-28
MERCADOLIBRE,2000010572750474,KLGE0002,WATSON 800,1,277392.0,2025-01-26
MERCADOLIBRE,2000010618940944,KLGE0002,WATSON 800,1,277392.0,2025-01-31
MERCADOLIBRE,2000010629387954,KLGE0002,WATSON 800,1,277392.0,2025-02-01
MERCADOLIBRE,2000010668170384,KLGE0002,WATSON 800,1,277392.0,2025-02-05
MERCADOLIBRE,2000012597496020,KLES0036,WALLY 1000 INVERTER,2,271688.0,2026-04-20
FALABELLA,2559220908,KLES0012,CALEFACTOR BIOSMART IR04,1,269990.0,2024-08-25
PARIS,3004005070,KLES0012,CALEFACTOR BIOSMART IR04,1,269990.0,2025-04-09
PARIS,3004419160,KLES0012,CALEFACTOR BIOSMART IR04,1,269990.0,2025-04-11
PARIS,3004790560,KLES0012,CALEFACTOR BIOSMART IR04,1,269990.0,2025-04-13
PARIS,3005875010,KLES0012,CALEFACTOR BIOSMART IR04,1,269990.0,2025-04-21
PARIS,3008711350,KLES0012,CALEFACTOR BIOSMART IR04,1,269990.0,2025-05-06
PARIS,3009776140,KLES0012,CALEFACTOR BIOSMART IR04,1,269990.0,2025-05-11
PARIS,3010405220,KLES0012,CALEFACTOR BIOSMART IR04,1,269990.0,2025-05-15
PARIS,3010905230,KLES0012,CALEFACTOR BIOSMART IR04,1,269990.0,2025-05-17
MERCADOLIBRE,2000007802534673,KLES0012,CALEFACTOR BIOSMART IR04,1,269990.0,2025-05-06
MERCADOLIBRE,2000007819154789,KLES0012,CALEFACTOR BIOSMART IR04,1,269990.0,2025-05-08
MERCADOLIBRE,2000007819154791,KLES0012,CALEFACTOR BIOSMART IR04,1,269990.0,2025-05-08
MERCADOLIBRE,2000007820880867,KLES0012,CALEFACTOR BIOSMART IR04,1,269990.0,2025-05-08
MERCADOLIBRE,2000007821579705,KLES0012,CALEFACTOR BIOSMART IR04,1,269990.0,2025-05-08
MERCADOLIBRE,2000007950155853,KLES0012,CALEFACTOR BIOSMART IR04,1,269990.0,2025-05-22
MERCADOLIBRE,2000007982372405,KLES0012,CALEFACTOR BIOSMART IR04,1,269990.0,2025-05-26
MERCADOLIBRE,2000007987764431,KLES0012,CALEFACTOR BIOSMART IR04,1,269990.0,2025-05-26
MERCADOLIBRE,2000008034530495,KLES0012,CALEFACTOR BIOSMART IR04,1,269990.0,2025-05-30
MERCADOLIBRE,2000009096216634,KLES0012,CALEFACTOR BIOSMART IR04,1,269990.0,2024-08-21
MERCADOLIBRE,2000012316351000,KLES0012,CALEFACTOR BIOSMART IR04,1,269990.0,2026-04-01
MERCADOLIBRE,2000012717235680,KLES0012,CALEFACTOR BIOSMART IR04,1,269990.0,2026-04-28
MERCADOLIBRE,2000008074986640,KLBR0006,K-FIRE (NEGRO+BASE),1,269990.0,2024-04-18
MERCADOLIBRE,2000008104711754,KLBR0006,K-FIRE (NEGRO+BASE),1,269990.0,2024-04-22
MERCADOLIBRE,2000009413890013,KLBR0006,K-FIRE (NEGRO+BASE),1,269990.0,2025-10-01
MERCADOLIBRE,2000005084768644,KLSU0003,ZRAY X0,1,269990.0,2023-02-09
MERCADOLIBRE,2000005085816618,KLSU0003,ZRAY X0,1,269990.0,2023-02-09
MERCADOLIBRE,2000005140124236,KLSU0003,ZRAY X0,1,269990.0,2023-02-18
MERCADOLIBRE,2000005159157804,KLSU0003,ZRAY X0,1,269990.0,2023-02-22
MERCADOLIBRE,2000007909403230,KLSU0003,ZRAY X0,1,269990.0,2024-03-26
PARIS,3048786540,KLES0036,WALLY 1000 INVERTER,3,269970.0,2025-10-06
FALABELLA,2196627918,KLES0067,WALLY ONE O 1800,3,269970.0,2024-04-21
MERCADOLIBRE,2000007561125477,KLES0012,CALEFACTOR BIOSMART IR04,1,269690.0,2025-04-07
MERCADOLIBRE,2000007570358291,KLES0012,CALEFACTOR BIOSMART IR04,1,269690.0,2025-04-08
MERCADOLIBRE,2000007599884767,KLES0012,CALEFACTOR BIOSMART IR04,1,269690.0,2025-04-11
MERCADOLIBRE,2000007613418327,KLES0012,CALEFACTOR BIOSMART IR04,1,269690.0,2025-04-13
MERCADOLIBRE,2000007623415669,KLES0012,CALEFACTOR BIOSMART IR04,1,269690.0,2025-04-14
MERCADOLIBRE,2000007636006177,KLES0012,CALEFACTOR BIOSMART IR04,1,269690.0,2025-04-15
MERCADOLIBRE,2000007657751783,KLES0012,CALEFACTOR BIOSMART IR04,1,269690.0,2025-04-18
MERCADOLIBRE,2000007668440165,KLES0012,CALEFACTOR BIOSMART IR04,1,269690.0,2025-04-20
MERCADOLIBRE,2000007677667311,KLES0012,CALEFACTOR BIOSMART IR04,1,269690.0,2025-04-21
MERCADOLIBRE,2000007695329913,KLES0012,CALEFACTOR BIOSMART IR04,1,269690.0,2025-04-23
MERCADOLIBRE,2000007705715549,KLES0012,CALEFACTOR BIOSMART IR04,1,269690.0,2025-04-24
MERCADOLIBRE,2000007712581285,KLES0012,CALEFACTOR BIOSMART IR04,1,269690.0,2025-04-25
MERCADOLIBRE,2000007729692911,KLES0012,CALEFACTOR BIOSMART IR04,1,269690.0,2025-04-27
MERCADOLIBRE,2000007744888105,KLES0012,CALEFACTOR BIOSMART IR04,1,269690.0,2025-04-29
MERCADOLIBRE,2000007746194199,KLES0012,CALEFACTOR BIOSMART IR04,1,269690.0,2025-04-29
MERCADOLIBRE,2000008234239693,KLES0012,CALEFACTOR BIOSMART IR04,1,269690.0,2025-06-18
MERCADOLIBRE,2000008251323093,KLES0012,CALEFACTOR BIOSMART IR04,1,269690.0,2025-06-20
MERCADOLIBRE,2000008300431521,KLES0012,CALEFACTOR BIOSMART IR04,1,269690.0,2025-06-25
MERCADOLIBRE,2000008307331205,KLES0012,CALEFACTOR BIOSMART IR04,1,269690.0,2025-06-26
FALABELLA,2104106761,KLGE0002,WATSON 800,1,267990.0,2023-10-03
FALABELLA,2105401293,KLGE0002,WATSON 800,1,267990.0,2023-10-04
FALABELLA,2105832645,KLGE0002,WATSON 800,1,267990.0,2023-10-04
MERCADOLIBRE,2000011573773460,KLES0012,CALEFACTOR BIOSMART IR04,1,267489.0,2025-05-11
MERCADOLIBRE,2000011590579436,KLES0012,CALEFACTOR BIOSMART IR04,1,267489.0,2025-05-12
MERCADOLIBRE,2000011614604150,KLES0012,CALEFACTOR BIOSMART IR04,1,267489.0,2025-05-14
MERCADOLIBRE,2000016712370802,KLES0012,CALEFACTOR BIOSMART IR04,1,264700.0,2026-06-01
MERCADOLIBRE,2000016712559160,KLES0012,CALEFACTOR BIOSMART IR04,1,264700.0,2026-06-01
MERCADOLIBRE,2000016713910048,KLES0012,CALEFACTOR BIOSMART IR04,1,264700.0,2026-06-01
MERCADOLIBRE,2000016714859366,KLES0012,CALEFACTOR BIOSMART IR04,1,264700.0,2026-06-01
MERCADOLIBRE,2000016717484598,KLES0012,CALEFACTOR BIOSMART IR04,1,264700.0,2026-06-01
MERCADOLIBRE,2000016726189780,KLES0012,CALEFACTOR BIOSMART IR04,1,264700.0,2026-06-02
MERCADOLIBRE,2000016734979828,KLES0012,CALEFACTOR BIOSMART IR04,1,264700.0,2026-06-02
MERCADOLIBRE,2000016739729296,KLES0012,CALEFACTOR BIOSMART IR04,1,264700.0,2026-06-02
MERCADOLIBRE,2000016750476800,KLES0012,CALEFACTOR BIOSMART IR04,1,264700.0,2026-06-03
MERCADOLIBRE,2000008352150777,KLES0012,CALEFACTOR BIOSMART IR04,1,260991.0,2025-06-30
MERCADOLIBRE,2000008356863785,KLES0012,CALEFACTOR BIOSMART IR04,1,260991.0,2025-07-01
MERCADOLIBRE,2000008407607383,KLES0012,CALEFACTOR BIOSMART IR04,1,260991.0,2025-07-05
MERCADOLIBRE,2000011657676324,KLES0012,CALEFACTOR BIOSMART IR04,1,260991.0,2025-05-19
MERCADOLIBRE,2000011660550650,KLES0012,CALEFACTOR BIOSMART IR04,1,260991.0,2025-05-19
MERCADOLIBRE,2000011685814194,KLES0012,CALEFACTOR BIOSMART IR04,1,260991.0,2025-05-21
MERCADOLIBRE,2000012318711750,KLES0066,WALLY ONE O 1200,3,260973.0,2026-04-01
RIPLEY,23507445801,KLES0012,CALEFACTOR BIOSMART IR04,1,259990.0,2025-05-06
MERCADOLIBRE,2000005689251114,KLES0012,CALEFACTOR BIOSMART IR04,1,259990.0,2023-05-21
MERCADOLIBRE,2000005695492982,KLES0012,CALEFACTOR BIOSMART IR04,1,259990.0,2023-05-21
MERCADOLIBRE,2000005788876934,KLES0012,CALEFACTOR BIOSMART IR04,1,259990.0,2023-06-05
FALABELLA,2079819883,KLBR0001,SIN HUMO,1,259990.0,2023-07-27
FALABELLA,2067841479,KLGE0002,WATSON 800,1,259990.0,2023-05-31
MERCADOLIBRE,2000004621185280,KLGE0002,WATSON 800,1,259990.0,2022-11-27
MERCADOLIBRE,2000005743856604,KLGE0002,WATSON 800,1,259990.0,2023-05-29
MERCADOLIBRE,2000005752154742,KLGE0002,WATSON 800,1,259990.0,2023-05-31
MERCADOLIBRE,2000005758525964,KLGE0002,WATSON 800,1,259990.0,2023-05-31
MERCADOLIBRE,2000005758615130,KLGE0002,WATSON 800,1,259990.0,2023-05-31
MERCADOLIBRE,2000005764374270,KLGE0002,WATSON 800,1,259990.0,2023-06-01
MERCADOLIBRE,2000011595236601,KLSU0003,ZRAY X0,1,259990.0,2026-02-17
FALABELLA,2592897140,KLES0036,WALLY 1000 INVERTER,2,259980.0,2024-10-01
FALABELLA,2232391697,KLES0037,WALLY 1500 INVERTER,2,259980.0,2024-06-03
FALABELLA,2239185866,KLES0037,WALLY 1500 INVERTER,2,259980.0,2024-06-04
MERCADOLIBRE,2000004707395249,KLBR0001,SIN HUMO,1,258858.0,2023-08-07
FALABELLA,2231618262,KLES0032,WALLY 1500 C,3,254970.0,2024-06-03
MERCADOLIBRE,2000005845414420,KLES0032,WALLY 1500 C,3,254970.0,2024-06-03
MERCADOLIBRE,2000007997560640,KLBR0001,SIN HUMO,1,254389.0,2024-04-08
MERCADOLIBRE,2000008016227300,KLBR0001,SIN HUMO,1,254389.0,2024-04-10
MERCADOLIBRE,2000006767977926,KLBR0001,SIN HUMO,1,253242.0,2023-10-27
FALABELLA,2219874590,KLES0012,CALEFACTOR BIOSMART IR04,1,249990.0,2024-05-26
FALABELLA,2261683861,KLES0012,CALEFACTOR BIOSMART IR04,1,249990.0,2024-06-26
FALABELLA,2582329111,KLES0012,CALEFACTOR BIOSMART IR04,1,249990.0,2024-09-24
PARIS,3007391980,KLES0012,CALEFACTOR BIOSMART IR04,1,249990.0,2025-04-30
PARIS,3033688380,KLES0012,CALEFACTOR BIOSMART IR04,1,249990.0,2025-07-28
PARIS,3036471840,KLES0012,CALEFACTOR BIOSMART IR04,1,249990.0,2025-08-08
RIPLEY,23715445601,KLES0012,CALEFACTOR BIOSMART IR04,1,249990.0,2025-06-26
RIPLEY,23747249501,KLES0012,CALEFACTOR BIOSMART IR04,1,249990.0,2025-07-10
MERCADOLIBRE,2000008356341890,KLES0012,CALEFACTOR BIOSMART IR04,1,249990.0,2024-05-24
MERCADOLIBRE,2000008358235630,KLES0012,CALEFACTOR BIOSMART IR04,1,249990.0,2024-05-24
MERCADOLIBRE,2000008361856720,KLES0012,CALEFACTOR BIOSMART IR04,1,249990.0,2024-05-25
MERCADOLIBRE,2000008372395440,KLES0012,CALEFACTOR BIOSMART IR04,1,249990.0,2024-05-27
MERCADOLIBRE,2000008377486470,KLES0012,CALEFACTOR BIOSMART IR04,1,249990.0,2024-05-27
MERCADOLIBRE,2000008383256580,KLES0012,CALEFACTOR BIOSMART IR04,1,249990.0,2024-05-28
MERCADOLIBRE,2000009673818948,KLES0012,CALEFACTOR BIOSMART IR04,1,249990.0,2024-10-27
MERCADOLIBRE,2000007708107840,KLBR0006,K-FIRE (NEGRO+BASE),1,249990.0,2024-02-28
MERCADOLIBRE,2000007759223516,KLBR0006,K-FIRE (NEGRO+BASE),1,249990.0,2024-03-06
MERCADOLIBRE,2000007794368598,KLBR0006,K-FIRE (NEGRO+BASE),1,249990.0,2024-03-11
MERCADOLIBRE,2000006596953276,KLGE0002,WATSON 800,1,249990.0,2023-10-04
MERCADOLIBRE,2000006597890006,KLGE0002,WATSON 800,1,249990.0,2023-10-04
MERCADOLIBRE,2000006602620102,KLGE0002,WATSON 800,1,249990.0,2023-10-04
MERCADOLIBRE,2000006603280368,KLGE0002,WATSON 800,1,249990.0,2023-10-04
MERCADOLIBRE,2000006605198270,KLGE0002,WATSON 800,1,249990.0,2023-10-05
MERCADOLIBRE,2000008447607493,KLES0012,CALEFACTOR BIOSMART IR04,1,249391.0,2025-07-09
MERCADOLIBRE,2000012233247010,KLES0012,CALEFACTOR BIOSMART IR04,1,249391.0,2025-07-09
MERCADOLIBRE,2000012269208990,KLES0012,CALEFACTOR BIOSMART IR04,1,249391.0,2025-07-12
MERCADOLIBRE,2000012281126392,KLES0012,CALEFACTOR BIOSMART IR04,1,249391.0,2025-07-13
MERCADOLIBRE,2000007431033435,KLBR0001,SIN HUMO,1,248991.0,2025-03-21
MERCADOLIBRE,2000010992536385,KLBR0006,K-FIRE (NEGRO+BASE),1,248391.0,2026-01-11
MERCADOLIBRE,2000013810129445,KLES0089,CONVECTOR ELECTRICO APOLO FABRICS 1500 INVERTER,1,246990.0,2026-07-02
MERCADOLIBRE,2000012448082130,KLES0012,CALEFACTOR BIOSMART IR04,1,244429.0,2026-04-10
MERCADOLIBRE,2000015922544430,KLES0012,CALEFACTOR BIOSMART IR04,1,244429.0,2026-04-10
MERCADOLIBRE,2000015951737240,KLES0012,CALEFACTOR BIOSMART IR04,1,244429.0,2026-04-12
MERCADOLIBRE,2000016000419850,KLES0012,CALEFACTOR BIOSMART IR04,1,244429.0,2026-04-15
MERCADOLIBRE,2000016028532070,KLES0012,CALEFACTOR BIOSMART IR04,1,244429.0,2026-04-17
MERCADOLIBRE,2000009552881916,KLES0012,CALEFACTOR BIOSMART IR04,1,243789.0,2024-10-14
MERCADOLIBRE,2000009144118966,KLES0012,CALEFACTOR BIOSMART IR04,1,241674.0,2024-08-27
FALABELLA,2213032910,KLES0012,CALEFACTOR BIOSMART IR04,1,239990.0,2024-05-20
FALABELLA,2213245189,KLES0012,CALEFACTOR BIOSMART IR04,1,239990.0,2024-05-20
FALABELLA,2215672891,KLES0012,CALEFACTOR BIOSMART IR04,1,239990.0,2024-05-23
FALABELLA,2215683679,KLES0012,CALEFACTOR BIOSMART IR04,1,239990.0,2024-05-23
PARIS,3017266860,KLES0012,CALEFACTOR BIOSMART IR04,1,239990.0,2025-06-02
PARIS,3025938420,KLES0012,CALEFACTOR BIOSMART IR04,1,239990.0,2025-06-17
PARIS,3096411450,KLES0012,CALEFACTOR BIOSMART IR04,1,239990.0,2026-04-05
PARIS,3098169290,KLES0012,CALEFACTOR BIOSMART IR04,1,239990.0,2026-04-12
PARIS,3099066540,KLES0012,CALEFACTOR BIOSMART IR04,1,239990.0,2026-04-17
PARIS,3099668290,KLES0012,CALEFACTOR BIOSMART IR04,1,239990.0,2026-04-21
PARIS,3100040540,KLES0012,CALEFACTOR BIOSMART IR04,1,239990.0,2026-04-22
PARIS,3101315660,KLES0012,CALEFACTOR BIOSMART IR04,1,239990.0,2026-04-26
PARIS,3101471550,KLES0012,CALEFACTOR BIOSMART IR04,1,239990.0,2026-04-27
PARIS,3101496730,KLES0012,CALEFACTOR BIOSMART IR04,1,239990.0,2026-04-27
MERCADOLIBRE,2000005334992384,KLES0012,CALEFACTOR BIOSMART IR04,1,239990.0,2023-03-22
MERCADOLIBRE,2000005354693836,KLES0012,CALEFACTOR BIOSMART IR04,1,239990.0,2023-03-26
MERCADOLIBRE,2000005803721180,KLES0012,CALEFACTOR BIOSMART IR04,1,239990.0,2024-05-23
MERCADOLIBRE,2000008151066541,KLES0012,CALEFACTOR BIOSMART IR04,1,239990.0,2025-06-10
MERCADOLIBRE,2000008278732280,KLES0012,CALEFACTOR BIOSMART IR04,1,239990.0,2024-05-15
MERCADOLIBRE,2000008281156480,KLES0012,CALEFACTOR BIOSMART IR04,1,239990.0,2024-05-15
MERCADOLIBRE,2000008281884730,KLES0012,CALEFACTOR BIOSMART IR04,1,239990.0,2024-05-15
MERCADOLIBRE,2000008313493030,KLES0012,CALEFACTOR BIOSMART IR04,1,239990.0,2024-05-19
MERCADOLIBRE,2000008329493160,KLES0012,CALEFACTOR BIOSMART IR04,1,239990.0,2024-05-21
MERCADOLIBRE,2000008338995590,KLES0012,CALEFACTOR BIOSMART IR04,1,239990.0,2024-05-22
MERCADOLIBRE,2000008342582590,KLES0012,CALEFACTOR BIOSMART IR04,1,239990.0,2024-05-22
MERCADOLIBRE,2000008509018540,KLES0012,CALEFACTOR BIOSMART IR04,1,239990.0,2024-06-12
MERCADOLIBRE,2000008553813430,KLES0012,CALEFACTOR BIOSMART IR04,1,239990.0,2024-06-18
MERCADOLIBRE,2000008584947480,KLES0012,CALEFACTOR BIOSMART IR04,1,239990.0,2024-06-21
MERCADOLIBRE,2000008586156160,KLES0012,CALEFACTOR BIOSMART IR04,1,239990.0,2024-06-21
MERCADOLIBRE,2000008623466870,KLES0012,CALEFACTOR BIOSMART IR04,1,239990.0,2024-06-26
MERCADOLIBRE,2000008642799960,KLES0012,CALEFACTOR BIOSMART IR04,1,239990.0,2024-06-29
MERCADOLIBRE,2000009190596464,KLES0012,CALEFACTOR BIOSMART IR04,1,239990.0,2024-09-02
MERCADOLIBRE,2000009229724414,KLES0012,CALEFACTOR BIOSMART IR04,1,239990.0,2024-09-06
MERCADOLIBRE,2000009237179244,KLES0012,CALEFACTOR BIOSMART IR04,1,239990.0,2024-09-07
MERCADOLIBRE,2000009391024052,KLES0012,CALEFACTOR BIOSMART IR04,1,239990.0,2024-09-25
MERCADOLIBRE,2000009402377626,KLES0012,CALEFACTOR BIOSMART IR04,1,239990.0,2024-09-26
MERCADOLIBRE,2000011933036753,KLES0012,CALEFACTOR BIOSMART IR04,1,239990.0,2026-03-09
MERCADOLIBRE,2000012059431069,KLES0012,CALEFACTOR BIOSMART IR04,1,239990.0,2026-03-16
MERCADOLIBRE,2000012152509259,KLES0012,CALEFACTOR BIOSMART IR04,1,239990.0,2026-03-21
MERCADOLIBRE,2000012154433813,KLES0012,CALEFACTOR BIOSMART IR04,1,239990.0,2026-03-22
MERCADOLIBRE,2000012163810277,KLES0012,CALEFACTOR BIOSMART IR04,1,239990.0,2026-03-22
MERCADOLIBRE,2000012163921365,KLES0012,CALEFACTOR BIOSMART IR04,1,239990.0,2026-03-22
MERCADOLIBRE,2000012218792157,KLES0012,CALEFACTOR BIOSMART IR04,1,239990.0,2026-03-25
MERCADOLIBRE,2000012224784717,KLES0012,CALEFACTOR BIOSMART IR04,1,239990.0,2026-03-26
MERCADOLIBRE,2000012255311557,KLES0012,CALEFACTOR BIOSMART IR04,1,239990.0,2026-03-28
MERCADOLIBRE,2000012286970457,KLES0012,CALEFACTOR BIOSMART IR04,1,239990.0,2026-03-30
MERCADOLIBRE,2000015681191744,KLES0012,CALEFACTOR BIOSMART IR04,1,239990.0,2026-03-24
MERCADOLIBRE,2000015772831490,KLES0012,CALEFACTOR BIOSMART IR04,1,239990.0,2026-03-30
MERCADOLIBRE,2000015775237670,KLES0012,CALEFACTOR BIOSMART IR04,1,239990.0,2026-03-31
MERCADOLIBRE,2000007844602340,KLBR0004,K-FIRE NEGRO,1,239990.0,2024-03-17
FALABELLA,2084734923,KLBR0001,SIN HUMO,1,239990.0,2023-08-17
MERCADOLIBRE,2000004796871527,KLBR0001,SIN HUMO,1,239990.0,2023-09-04
MERCADOLIBRE,2000005511119238,KLBR0001,SIN HUMO,1,239990.0,2023-04-21
MERCADOLIBRE,2000005555281574,KLBR0001,SIN HUMO,1,239990.0,2023-04-29
MERCADOLIBRE,2000005680900248,KLBR0001,SIN HUMO,1,239990.0,2023-05-19
MERCADOLIBRE,2000006769459696,KLBR0001,SIN HUMO,1,239990.0,2023-10-28
MERCADOLIBRE,2000006777502780,KLBR0001,SIN HUMO,1,239990.0,2023-10-29
MERCADOLIBRE,2000006868916540,KLBR0001,SIN HUMO,1,239990.0,2023-11-11
MERCADOLIBRE,2000006885434928,KLBR0001,SIN HUMO,1,239990.0,2023-11-13
MERCADOLIBRE,2000006890342440,KLBR0001,SIN HUMO,1,239990.0,2023-11-14
MERCADOLIBRE,2000006913412476,KLBR0001,SIN HUMO,1,239990.0,2023-11-17
MERCADOLIBRE,2000006933341858,KLBR0001,SIN HUMO,1,239990.0,2023-11-19
MERCADOLIBRE,2000007693757698,KLBR0001,SIN HUMO,1,239990.0,2024-02-26
MERCADOLIBRE,2000008103909972,KLBR0001,SIN HUMO,1,239990.0,2024-04-22
MERCADOLIBRE,2000008135492640,KLBR0001,SIN HUMO,1,239990.0,2024-04-26
MERCADOLIBRE,2000008140571090,KLBR0001,SIN HUMO,1,239990.0,2024-04-27
MERCADOLIBRE,2000004213073539,KLSU0001,ZRAY E9,1,239990.0,2023-02-14
MERCADOLIBRE,2000005098969220,KLSU0001,ZRAY E9,1,239990.0,2023-02-11
MERCADOLIBRE,2000005109994288,KLSU0001,ZRAY E9,1,239990.0,2023-02-13
MERCADOLIBRE,2000005116435430,KLSU0001,ZRAY E9,1,239990.0,2023-02-14
FALABELLA,2586124867,KLES0014,CALEFACTOR SECATOALLAS,2,239980.0,2024-09-30
FALABELLA,2601365848,KLES0014,CALEFACTOR SECATOALLAS,2,239980.0,2024-10-06
MERCADOLIBRE,2000005844756330,KLES0014,CALEFACTOR SECATOALLAS,2,239980.0,2024-06-03
MERCADOLIBRE,2000005845497510,KLES0036,WALLY 1000 INVERTER,2,239980.0,2024-06-03
MERCADOLIBRE,2000005852361570,KLES0036,WALLY 1000 INVERTER,2,239980.0,2024-06-04
FALABELLA,2514281582,KLES0032,WALLY 1500 C,2,239980.0,2024-07-09
FALABELLA,2207835590,KLES0031,WALLY 1000 C,3,239970.0,2024-05-13
MERCADOLIBRE,2000008955445357,KLES0012,CALEFACTOR BIOSMART IR04,1,237791.0,2025-08-22
MERCADOLIBRE,2000010842295747,KLSU0003,ZRAY X0,1,235994.0,2026-01-02
MERCADOLIBRE,2000010978579385,KLSU0003,ZRAY X0,1,235994.0,2026-01-10
MERCADOLIBRE,2000007990605034,KLBR0004,K-FIRE NEGRO,1,231793.0,2024-04-07
RIPLEY,23736869701,KLES0012,CALEFACTOR BIOSMART IR04,1,229990.0,2025-07-05
RIPLEY,24512864501,KLES0012,CALEFACTOR BIOSMART IR04,1,229990.0,2026-03-30
RIPLEY,24566441601,KLES0012,CALEFACTOR BIOSMART IR04,1,229990.0,2026-04-21
RIPLEY,24576117401,KLES0012,CALEFACTOR BIOSMART IR04,1,229990.0,2026-04-27
RIPLEY,24581076901,KLES0012,CALEFACTOR BIOSMART IR04,1,229990.0,2026-04-29
RIPLEY,24584947901,KLES0012,CALEFACTOR BIOSMART IR04,1,229990.0,2026-05-01
RIPLEY,24584963501,KLES0012,CALEFACTOR BIOSMART IR04,1,229990.0,2026-05-01
RIPLEY,24593375801,KLES0012,CALEFACTOR BIOSMART IR04,1,229990.0,2026-05-03
RIPLEY,24599546901,KLES0012,CALEFACTOR BIOSMART IR04,1,229990.0,2026-05-05
RIPLEY,24600284501,KLES0012,CALEFACTOR BIOSMART IR04,1,229990.0,2026-05-05
MERCADOLIBRE,2000004471558049,KLES0012,CALEFACTOR BIOSMART IR04,1,229990.0,2023-05-22
MERCADOLIBRE,2000005702627138,KLES0012,CALEFACTOR BIOSMART IR04,1,229990.0,2023-05-22
MERCADOLIBRE,2000005702863794,KLES0012,CALEFACTOR BIOSMART IR04,1,229990.0,2023-05-23
MERCADOLIBRE,2000005706202382,KLES0012,CALEFACTOR BIOSMART IR04,1,229990.0,2023-05-23
MERCADOLIBRE,2000005708003120,KLES0012,CALEFACTOR BIOSMART IR04,1,229990.0,2023-05-23
MERCADOLIBRE,2000005709413728,KLES0012,CALEFACTOR BIOSMART IR04,1,229990.0,2023-05-23
MERCADOLIBRE,2000005713684972,KLES0012,CALEFACTOR BIOSMART IR04,1,229990.0,2023-05-24
MERCADOLIBRE,2000005718154556,KLES0012,CALEFACTOR BIOSMART IR04,1,229990.0,2023-05-25
MERCADOLIBRE,2000005719571798,KLES0012,CALEFACTOR BIOSMART IR04,1,229990.0,2023-05-25
MERCADOLIBRE,2000005722008894,KLES0012,CALEFACTOR BIOSMART IR04,1,229990.0,2023-05-25
MERCADOLIBRE,2000005723199940,KLES0012,CALEFACTOR BIOSMART IR04,1,229990.0,2023-05-26
MERCADOLIBRE,2000005724001880,KLES0012,CALEFACTOR BIOSMART IR04,1,229990.0,2023-05-26
MERCADOLIBRE,2000005728816976,KLES0012,CALEFACTOR BIOSMART IR04,1,229990.0,2023-05-27
MERCADOLIBRE,2000005730505042,KLES0012,CALEFACTOR BIOSMART IR04,1,229990.0,2023-05-27
MERCADOLIBRE,2000005772164430,KLES0012,CALEFACTOR BIOSMART IR04,1,229990.0,2023-06-02
MERCADOLIBRE,2000005773418398,KLES0012,CALEFACTOR BIOSMART IR04,1,229990.0,2023-06-02
MERCADOLIBRE,2000005777951590,KLES0012,CALEFACTOR BIOSMART IR04,1,229990.0,2023-06-03
MERCADOLIBRE,2000005748631760,KLBR0006,K-FIRE (NEGRO+BASE),1,229990.0,2024-05-11
MERCADOLIBRE,2000008205615620,KLBR0006,K-FIRE (NEGRO+BASE),1,229990.0,2024-05-06
MERCADOLIBRE,2000008287459910,KLBR0006,K-FIRE (NEGRO+BASE),1,229990.0,2024-05-16
MERCADOLIBRE,2000008341124080,KLBR0006,K-FIRE (NEGRO+BASE),1,229990.0,2024-05-22
MERCADOLIBRE,2000008342799480,KLBR0006,K-FIRE (NEGRO+BASE),1,229990.0,2024-05-22
MERCADOLIBRE,2000008344857370,KLBR0006,K-FIRE (NEGRO+BASE),1,229990.0,2024-05-23
FALABELLA,2065852103,KLES0014,CALEFACTOR SECATOALLAS,2,229980.0,2023-05-28
FALABELLA,2067626104,KLES0014,CALEFACTOR SECATOALLAS,2,229980.0,2023-05-31
FALABELLA,2068238712,KLES0014,CALEFACTOR SECATOALLAS,2,229980.0,2023-05-31
MERCADOLIBRE,2000008518105245,KLES0012,CALEFACTOR BIOSMART IR04,1,229092.0,2025-07-15
MERCADOLIBRE,2000008649122905,KLES0012,CALEFACTOR BIOSMART IR04,1,229092.0,2025-07-28
MERCADOLIBRE,2000008653024939,KLES0012,CALEFACTOR BIOSMART IR04,1,229092.0,2025-07-28
MERCADOLIBRE,2000004404353707,KLES0012,CALEFACTOR BIOSMART IR04,1,227890.0,2023-04-28
MERCADOLIBRE,2000004408270143,KLES0012,CALEFACTOR BIOSMART IR04,1,227890.0,2023-04-30
MERCADOLIBRE,2000005522948706,KLES0012,CALEFACTOR BIOSMART IR04,1,227890.0,2023-04-24
MERCADOLIBRE,2000005537961312,KLES0012,CALEFACTOR BIOSMART IR04,1,227890.0,2023-04-26
MERCADOLIBRE,2000005539640984,KLES0012,CALEFACTOR BIOSMART IR04,1,227890.0,2023-04-26
MERCADOLIBRE,2000005545702328,KLES0012,CALEFACTOR BIOSMART IR04,1,227890.0,2023-04-27
MERCADOLIBRE,2000005546494612,KLES0012,CALEFACTOR BIOSMART IR04,1,227890.0,2023-04-27
MERCADOLIBRE,2000005549002408,KLES0012,CALEFACTOR BIOSMART IR04,1,227890.0,2023-04-28
MERCADOLIBRE,2000005549713318,KLES0012,CALEFACTOR BIOSMART IR04,1,227890.0,2023-04-28
MERCADOLIBRE,2000005551181000,KLES0012,CALEFACTOR BIOSMART IR04,1,227890.0,2023-04-28
MERCADOLIBRE,2000005552229696,KLES0012,CALEFACTOR BIOSMART IR04,1,227890.0,2023-04-28
MERCADOLIBRE,2000005554626020,KLES0012,CALEFACTOR BIOSMART IR04,1,227890.0,2023-04-29
MERCADOLIBRE,2000005558420728,KLES0012,CALEFACTOR BIOSMART IR04,1,227890.0,2023-04-30
MERCADOLIBRE,2000012622021350,KLTM0049,TERMO KALTEMP QUALITAT 125 LTS,1,227193.0,2026-04-21
MERCADOLIBRE,2000005779315450,KLES0012,CALEFACTOR BIOSMART IR04,1,226990.0,2024-05-18
MERCADOLIBRE,2000008266255970,KLES0012,CALEFACTOR BIOSMART IR04,1,226990.0,2024-05-14
MERCADOLIBRE,2000008266644920,KLES0012,CALEFACTOR BIOSMART IR04,1,226990.0,2024-05-14
MERCADOLIBRE,2000008266734730,KLES0012,CALEFACTOR BIOSMART IR04,1,226990.0,2024-05-14
MERCADOLIBRE,2000008286744720,KLES0012,CALEFACTOR BIOSMART IR04,1,226990.0,2024-05-16
MERCADOLIBRE,2000008288195600,KLES0012,CALEFACTOR BIOSMART IR04,1,226990.0,2024-05-16
MERCADOLIBRE,2000008288509970,KLES0012,CALEFACTOR BIOSMART IR04,1,226990.0,2024-05-16
MERCADOLIBRE,2000008290642460,KLES0012,CALEFACTOR BIOSMART IR04,1,226990.0,2024-05-16
MERCADOLIBRE,2000008291409380,KLES0012,CALEFACTOR BIOSMART IR04,1,226990.0,2024-05-16
MERCADOLIBRE,2000008292645680,KLES0012,CALEFACTOR BIOSMART IR04,1,226990.0,2024-05-16
MERCADOLIBRE,2000012685656240,KLES0012,CALEFACTOR BIOSMART IR04,1,226990.0,2026-04-26
MERCADOLIBRE,2000012686239360,KLES0012,CALEFACTOR BIOSMART IR04,1,226990.0,2026-04-26
MERCADOLIBRE,2000016070493150,KLES0012,CALEFACTOR BIOSMART IR04,1,226990.0,2026-04-20
MERCADOLIBRE,2000016079690520,KLES0012,CALEFACTOR BIOSMART IR04,1,226990.0,2026-04-21
MERCADOLIBRE,2000016083483390,KLES0012,CALEFACTOR BIOSMART IR04,1,226990.0,2026-04-21
MERCADOLIBRE,2000016130724950,KLES0012,CALEFACTOR BIOSMART IR04,1,226990.0,2026-04-24
MERCADOLIBRE,2000005920429730,KLES0012,CALEFACTOR BIOSMART IR04,1,224990.0,2024-06-19
MERCADOLIBRE,2000008612643480,KLES0012,CALEFACTOR BIOSMART IR04,1,224990.0,2024-06-25
MERCADOLIBRE,2000008615777860,KLES0012,CALEFACTOR BIOSMART IR04,1,224990.0,2024-06-25
MERCADOLIBRE,2000008616358560,KLES0012,CALEFACTOR BIOSMART IR04,1,224990.0,2024-06-26
MERCADOLIBRE,2000008634481970,KLES0012,CALEFACTOR BIOSMART IR04,1,224990.0,2024-06-28
MERCADOLIBRE,2000005845236570,KLES0031,WALLY 1000 C,3,224970.0,2024-06-03
FALABELLA,2230796462,KLES0067,WALLY ONE O 1800,3,224970.0,2024-06-03
MERCADOLIBRE,2000004628388079,KLES0012,CALEFACTOR BIOSMART IR04,1,224486.0,2023-07-13
MERCADOLIBRE,2000006020443066,KLES0012,CALEFACTOR BIOSMART IR04,1,224486.0,2023-07-10
MERCADOLIBRE,2000006039921740,KLES0012,CALEFACTOR BIOSMART IR04,1,224486.0,2023-07-13
MERCADOLIBRE,2000012247296270,KLBR0006,K-FIRE (NEGRO+BASE),1,221391.0,2025-07-10
MERCADOLIBRE,2000013342777326,KLES0012,CALEFACTOR BIOSMART IR04,1,221050.0,2025-10-08
MERCADOLIBRE,2000012347925712,KLES0012,CALEFACTOR BIOSMART IR04,1,220489.0,2025-07-18
MERCADOLIBRE,2000012387768278,KLES0012,CALEFACTOR BIOSMART IR04,1,220489.0,2025-07-22
MERCADOLIBRE,2000012392086734,KLES0012,CALEFACTOR BIOSMART IR04,1,220489.0,2025-07-22
MERCADOLIBRE,2000008712159495,KLES0012,CALEFACTOR BIOSMART IR04,1,220392.0,2025-08-02
MERCADOLIBRE,2000008724473549,KLES0012,CALEFACTOR BIOSMART IR04,1,220392.0,2025-08-03
FALABELLA,2071126689,KLES0012,CALEFACTOR BIOSMART IR04,1,219990.0,2023-06-14
FALABELLA,2073156488,KLES0012,CALEFACTOR BIOSMART IR04,1,219990.0,2023-06-26
FALABELLA,2203920132,KLES0012,CALEFACTOR BIOSMART IR04,1,219990.0,2024-05-06
FALABELLA,2204473636,KLES0012,CALEFACTOR BIOSMART IR04,1,219990.0,2024-05-07
FALABELLA,2205085076,KLES0012,CALEFACTOR BIOSMART IR04,1,219990.0,2024-05-08
FALABELLA,2205329428,KLES0012,CALEFACTOR BIOSMART IR04,1,219990.0,2024-05-08
FALABELLA,2207553023,KLES0012,CALEFACTOR BIOSMART IR04,1,219990.0,2024-05-13
PARIS,3000505980,KLES0012,CALEFACTOR BIOSMART IR04,1,219990.0,2025-03-23
PARIS,3096279140,KLES0012,CALEFACTOR BIOSMART IR04,1,219990.0,2026-04-05
RIPLEY,23444198801,KLES0012,CALEFACTOR BIOSMART IR04,1,219990.0,2025-04-05
RIPLEY,23452028001,KLES0012,CALEFACTOR BIOSMART IR04,1,219990.0,2025-04-08
MERCADOLIBRE,2000004320068533,KLES0012,CALEFACTOR BIOSMART IR04,1,219990.0,2023-03-27
MERCADOLIBRE,2000004320615703,KLES0012,CALEFACTOR BIOSMART IR04,1,219990.0,2023-03-28
MERCADOLIBRE,2000004332562409,KLES0012,CALEFACTOR BIOSMART IR04,1,219990.0,2023-04-01
MERCADOLIBRE,2000004387042585,KLES0012,CALEFACTOR BIOSMART IR04,1,219990.0,2023-04-22
MERCADOLIBRE,2000005358491836,KLES0012,CALEFACTOR BIOSMART IR04,1,219990.0,2023-03-27
MERCADOLIBRE,2000005362037072,KLES0012,CALEFACTOR BIOSMART IR04,1,219990.0,2023-03-27
MERCADOLIBRE,2000005382129916,KLES0012,CALEFACTOR BIOSMART IR04,1,219990.0,2023-03-30
MERCADOLIBRE,2000005390216228,KLES0012,CALEFACTOR BIOSMART IR04,1,219990.0,2023-04-01
MERCADOLIBRE,2000005499726762,KLES0012,CALEFACTOR BIOSMART IR04,1,219990.0,2023-04-19
MERCADOLIBRE,2000005506175846,KLES0012,CALEFACTOR BIOSMART IR04,1,219990.0,2023-04-20
MERCADOLIBRE,2000005509879580,KLES0012,CALEFACTOR BIOSMART IR04,1,219990.0,2023-04-21
MERCADOLIBRE,2000005514785702,KLES0012,CALEFACTOR BIOSMART IR04,1,219990.0,2023-04-22
MERCADOLIBRE,2000005837514796,KLES0012,CALEFACTOR BIOSMART IR04,1,219990.0,2023-06-12
MERCADOLIBRE,2000005838329134,KLES0012,CALEFACTOR BIOSMART IR04,1,219990.0,2023-06-12
MERCADOLIBRE,2000005839238622,KLES0012,CALEFACTOR BIOSMART IR04,1,219990.0,2023-06-12
MERCADOLIBRE,2000005841117796,KLES0012,CALEFACTOR BIOSMART IR04,1,219990.0,2023-06-12
MERCADOLIBRE,2000005841339920,KLES0012,CALEFACTOR BIOSMART IR04,1,219990.0,2023-06-12
MERCADOLIBRE,2000005841444552,KLES0012,CALEFACTOR BIOSMART IR04,1,219990.0,2023-06-12
MERCADOLIBRE,2000005844042122,KLES0012,CALEFACTOR BIOSMART IR04,1,219990.0,2023-06-13
MERCADOLIBRE,2000005845327810,KLES0012,CALEFACTOR BIOSMART IR04,1,219990.0,2023-06-13
MERCADOLIBRE,2000005845553830,KLES0012,CALEFACTOR BIOSMART IR04,1,219990.0,2023-06-13
MERCADOLIBRE,2000005846115660,KLES0012,CALEFACTOR BIOSMART IR04,1,219990.0,2023-06-13
MERCADOLIBRE,2000005848568508,KLES0012,CALEFACTOR BIOSMART IR04,1,219990.0,2023-06-13
MERCADOLIBRE,2000005848645266,KLES0012,CALEFACTOR BIOSMART IR04,1,219990.0,2023-06-13
MERCADOLIBRE,2000005850731280,KLES0012,CALEFACTOR BIOSMART IR04,1,219990.0,2023-06-14
MERCADOLIBRE,2000006010579697,KLES0012,CALEFACTOR BIOSMART IR04,1,219990.0,2024-07-09
MERCADOLIBRE,2000006025112719,KLES0012,CALEFACTOR BIOSMART IR04,1,219990.0,2024-07-12
MERCADOLIBRE,2000008053845237,KLES0012,CALEFACTOR BIOSMART IR04,1,219990.0,2025-06-02
MERCADOLIBRE,2000008234127050,KLES0012,CALEFACTOR BIOSMART IR04,1,219990.0,2024-05-09
MERCADOLIBRE,2000008246598960,KLES0012,CALEFACTOR BIOSMART IR04,1,219990.0,2024-05-11
MERCADOLIBRE,2000008262331310,KLES0012,CALEFACTOR BIOSMART IR04,1,219990.0,2024-05-13
MERCADOLIBRE,2000008681230900,KLES0012,CALEFACTOR BIOSMART IR04,1,219990.0,2024-07-03
MERCADOLIBRE,2000008729615772,KLES0012,CALEFACTOR BIOSMART IR04,1,219990.0,2024-07-09
MERCADOLIBRE,2000008729955434,KLES0012,CALEFACTOR BIOSMART IR04,1,219990.0,2024-07-09
MERCADOLIBRE,2000008731711518,KLES0012,CALEFACTOR BIOSMART IR04,1,219990.0,2024-07-09
MERCADOLIBRE,2000008735416606,KLES0012,CALEFACTOR BIOSMART IR04,1,219990.0,2024-07-10
MERCADOLIBRE,2000008742142552,KLES0012,CALEFACTOR BIOSMART IR04,1,219990.0,2024-07-10
MERCADOLIBRE,2000008747084164,KLES0012,CALEFACTOR BIOSMART IR04,1,219990.0,2024-07-11
MERCADOLIBRE,2000008763316196,KLES0012,CALEFACTOR BIOSMART IR04,1,219990.0,2024-07-13
MERCADOLIBRE,2000008767225986,KLES0012,CALEFACTOR BIOSMART IR04,1,219990.0,2024-07-13
MERCADOLIBRE,2000008782077100,KLES0012,CALEFACTOR BIOSMART IR04,1,219990.0,2024-07-15
MERCADOLIBRE,2000008785444670,KLES0012,CALEFACTOR BIOSMART IR04,1,219990.0,2024-07-16
MERCADOLIBRE,2000008817836456,KLES0012,CALEFACTOR BIOSMART IR04,1,219990.0,2024-07-19
MERCADOLIBRE,2000008824668818,KLES0012,CALEFACTOR BIOSMART IR04,1,219990.0,2024-07-20
MERCADOLIBRE,2000008826084806,KLES0012,CALEFACTOR BIOSMART IR04,1,219990.0,2024-07-20
MERCADOLIBRE,2000008900121262,KLES0012,CALEFACTOR BIOSMART IR04,1,219990.0,2024-07-30
MERCADOLIBRE,2000008930577244,KLES0012,CALEFACTOR BIOSMART IR04,1,219990.0,2024-08-02
MERCADOLIBRE,2000008966190400,KLES0012,CALEFACTOR BIOSMART IR04,1,219990.0,2024-08-06
MERCADOLIBRE,2000009050124464,KLES0012,CALEFACTOR BIOSMART IR04,1,219990.0,2024-08-15
MERCADOLIBRE,2000009174437241,KLES0012,CALEFACTOR BIOSMART IR04,1,219990.0,2025-09-10
MERCADOLIBRE,2000009199300861,KLES0012,CALEFACTOR BIOSMART IR04,1,219990.0,2025-09-12
MERCADOLIBRE,2000009213740393,KLES0012,CALEFACTOR BIOSMART IR04,1,219990.0,2025-09-14
FALABELLA,2065280717,KLES0014,CALEFACTOR SECATOALLAS,1,219990.0,2023-05-26
MERCADOLIBRE,2000012430003248,KLBR0006,K-FIRE (NEGRO+BASE),1,219990.0,2025-07-25
MERCADOLIBRE,2000013011528866,KLBR0006,K-FIRE (NEGRO+BASE),1,219990.0,2025-09-11
MERCADOLIBRE,2000013023021514,KLBR0006,K-FIRE (NEGRO+BASE),1,219990.0,2025-09-12
FALABELLA,2592889512,KLBR0004,K-FIRE NEGRO,1,219990.0,2024-10-01
MERCADOLIBRE,2000005710941920,KLBR0004,K-FIRE NEGRO,1,219990.0,2024-05-02
MERCADOLIBRE,2000006474877599,KLBR0004,K-FIRE NEGRO,1,219990.0,2024-10-16
MERCADOLIBRE,2000006474877599,KLBR0004,K-FIRE NEGRO,1,219990.0,2024-11-10
MERCADOLIBRE,2000008422255440,KLBR0004,K-FIRE NEGRO,1,219990.0,2024-06-02
MERCADOLIBRE,2000008538137820,KLBR0004,K-FIRE NEGRO,1,219990.0,2024-06-16
MERCADOLIBRE,2000009685544274,KLBR0004,K-FIRE NEGRO,1,219990.0,2024-10-29
FALABELLA,2086048026,KLBR0001,SIN HUMO,1,219990.0,2023-08-22
FALABELLA,2086168180,KLBR0001,SIN HUMO,1,219990.0,2023-08-23
FALABELLA,2090316774,KLBR0001,SIN HUMO,1,219990.0,2023-09-04
FALABELLA,2090595197,KLBR0001,SIN HUMO,1,219990.0,2023-09-04
FALABELLA,2093876889,KLBR0001,SIN HUMO,1,219990.0,2023-09-12
FALABELLA,2096857874,KLBR0001,SIN HUMO,1,219990.0,2023-09-21
FALABELLA,2107587168,KLBR0001,SIN HUMO,1,219990.0,2023-10-08
FALABELLA,2118119931,KLBR0001,SIN HUMO,1,219990.0,2023-11-09
FALABELLA,2118142434,KLBR0001,SIN HUMO,1,219990.0,2023-11-09
FALABELLA,2119958670,KLBR0001,SIN HUMO,1,219990.0,2023-11-14
FALABELLA,2120265351,KLBR0001,SIN HUMO,1,219990.0,2023-11-15
FALABELLA,2127033656,KLBR0001,SIN HUMO,1,219990.0,2023-11-26
FALABELLA,2129304754,KLBR0001,SIN HUMO,1,219990.0,2023-11-29
FALABELLA,2129308458,KLBR0001,SIN HUMO,1,219990.0,2023-11-29
FALABELLA,2132035242,KLBR0001,SIN HUMO,1,219990.0,2023-04-12
MERCADOLIBRE,2000004787892981,KLBR0001,SIN HUMO,1,219990.0,2023-09-01
MERCADOLIBRE,2000004794977609,KLBR0001,SIN HUMO,1,219990.0,2023-09-03
MERCADOLIBRE,2000004794977611,KLBR0001,SIN HUMO,1,219990.0,2023-09-03
MERCADOLIBRE,2000005718570628,KLBR0001,SIN HUMO,1,219990.0,2023-05-25
MERCADOLIBRE,2000005718918970,KLBR0001,SIN HUMO,1,219990.0,2023-05-25
MERCADOLIBRE,2000005731211076,KLBR0001,SIN HUMO,1,219990.0,2023-05-27
MERCADOLIBRE,2000006332718856,KLBR0001,SIN HUMO,1,219990.0,2023-08-25
MERCADOLIBRE,2000006334009752,KLBR0001,SIN HUMO,1,219990.0,2023-08-28
MERCADOLIBRE,2000006338217028,KLBR0001,SIN HUMO,1,219990.0,2023-08-26
MERCADOLIBRE,2000006342395332,KLBR0001,SIN HUMO,1,219990.0,2023-08-27
MERCADOLIBRE,2000006352730558,KLBR0001,SIN HUMO,1,219990.0,2023-08-28
MERCADOLIBRE,2000006353099936,KLBR0001,SIN HUMO,1,219990.0,2023-08-28
MERCADOLIBRE,2000006368386374,KLBR0001,SIN HUMO,1,219990.0,2023-08-30
MERCADOLIBRE,2000006975761652,KLBR0001,SIN HUMO,1,219990.0,2023-11-24
MERCADOLIBRE,2000007000165156,KLBR0001,SIN HUMO,1,219990.0,2023-11-27
MERCADOLIBRE,2000008047829661,KLES0036,WALLY 1000 INVERTER,1,219990.0,2025-06-01
FALABELLA,2207900871,KLES0072,SKY IR,2,219980.0,2024-05-13
MERCADOLIBRE,2000005959130410,KLES0032,WALLY 1500 C,2,219980.0,2024-06-28
FALABELLA,2199588658,KLES0067,WALLY ONE O 1800,2,219980.0,2024-04-29
FALABELLA,2199821604,KLES0067,WALLY ONE O 1800,2,219980.0,2024-04-29
FALABELLA,2208932871,KLES0067,WALLY ONE O 1800,2,219980.0,2024-05-15
MERCADOLIBRE,2000005818765300,KLES0067,WALLY ONE O 1800,2,219980.0,2024-05-27
MERCADOLIBRE,2000012670799770,KLES0067,WALLY ONE O 1800,2,219980.0,2026-04-25
FALABELLA,2067236335,KLES0066,WALLY ONE O 1200,4,219960.0,2023-05-30
MERCADOLIBRE,2000013808972552,KLBR0006,K-FIRE (NEGRO+BASE),1,219050.0,2025-11-13
MERCADOLIBRE,2000006643855797,KLBR0004,K-FIRE NEGRO,1,213448.0,2024-11-16
MERCADOLIBRE,2000006643855801,KLBR0004,K-FIRE NEGRO,1,213448.0,2024-11-16
MERCADOLIBRE,2000010000437097,KLES0012,CALEFACTOR BIOSMART IR04,1,213390.0,2025-11-13
MERCADOLIBRE,2000008061160241,KLES0012,CALEFACTOR BIOSMART IR04,1,211692.0,2025-06-02
MERCADOLIBRE,2000008063070725,KLES0012,CALEFACTOR BIOSMART IR04,1,211692.0,2025-06-02
MERCADOLIBRE,2000011812327688,KLES0012,CALEFACTOR BIOSMART IR04,1,211692.0,2025-06-02
FALABELLA,2115327051,KLES0012,CALEFACTOR BIOSMART IR04,1,209990.0,2023-11-01
PARIS,3001236260,KLES0012,CALEFACTOR BIOSMART IR04,1,209990.0,2025-03-28
PARIS,3002332740,KLES0012,CALEFACTOR BIOSMART IR04,1,209990.0,2025-04-02
RIPLEY,23639114501,KLES0012,CALEFACTOR BIOSMART IR04,1,209990.0,2025-06-03
RIPLEY,23681933501,KLES0012,CALEFACTOR BIOSMART IR04,1,209990.0,2025-06-09
RIPLEY,23692466401,KLES0012,CALEFACTOR BIOSMART IR04,1,209990.0,2025-06-13
MERCADOLIBRE,2000004487526667,KLES0012,CALEFACTOR BIOSMART IR04,1,209990.0,2023-05-29
MERCADOLIBRE,2000004487689799,KLES0012,CALEFACTOR BIOSMART IR04,1,209990.0,2023-05-29
MERCADOLIBRE,2000004487696781,KLES0012,CALEFACTOR BIOSMART IR04,1,209990.0,2023-05-29
MERCADOLIBRE,2000004494814039,KLES0012,CALEFACTOR BIOSMART IR04,1,209990.0,2023-05-31
MERCADOLIBRE,2000004530266387,KLES0012,CALEFACTOR BIOSMART IR04,1,209990.0,2023-06-10
MERCADOLIBRE,2000005497103937,KLES0012,CALEFACTOR BIOSMART IR04,1,209990.0,2024-03-08
MERCADOLIBRE,2000005736780404,KLES0012,CALEFACTOR BIOSMART IR04,1,209990.0,2023-05-29
MERCADOLIBRE,2000005738346234,KLES0012,CALEFACTOR BIOSMART IR04,1,209990.0,2023-05-29
MERCADOLIBRE,2000005738369850,KLES0012,CALEFACTOR BIOSMART IR04,1,209990.0,2023-05-29
MERCADOLIBRE,2000005738389496,KLES0012,CALEFACTOR BIOSMART IR04,1,209990.0,2023-05-29
MERCADOLIBRE,2000005738962776,KLES0012,CALEFACTOR BIOSMART IR04,1,209990.0,2023-05-29
MERCADOLIBRE,2000005739025460,KLES0012,CALEFACTOR BIOSMART IR04,1,209990.0,2023-05-29
MERCADOLIBRE,2000005739619954,KLES0012,CALEFACTOR BIOSMART IR04,1,209990.0,2023-05-29
MERCADOLIBRE,2000005742792774,KLES0012,CALEFACTOR BIOSMART IR04,1,209990.0,2023-05-29
MERCADOLIBRE,2000005742858614,KLES0012,CALEFACTOR BIOSMART IR04,1,209990.0,2023-05-29
MERCADOLIBRE,2000005747473902,KLES0012,CALEFACTOR BIOSMART IR04,1,209990.0,2023-05-30
MERCADOLIBRE,2000005751497452,KLES0012,CALEFACTOR BIOSMART IR04,1,209990.0,2023-05-30
MERCADOLIBRE,2000005752241658,KLES0012,CALEFACTOR BIOSMART IR04,1,209990.0,2023-05-31
MERCADOLIBRE,2000005752849290,KLES0012,CALEFACTOR BIOSMART IR04,1,209990.0,2023-05-31
MERCADOLIBRE,2000005754252476,KLES0012,CALEFACTOR BIOSMART IR04,1,209990.0,2023-05-31
MERCADOLIBRE,2000005756734826,KLES0012,CALEFACTOR BIOSMART IR04,1,209990.0,2023-05-31
MERCADOLIBRE,2000005763635960,KLES0012,CALEFACTOR BIOSMART IR04,1,209990.0,2023-06-01
MERCADOLIBRE,2000005802018850,KLES0012,CALEFACTOR BIOSMART IR04,1,209990.0,2023-06-06
MERCADOLIBRE,2000005809548634,KLES0012,CALEFACTOR BIOSMART IR04,1,209990.0,2023-06-07
MERCADOLIBRE,2000005811562742,KLES0012,CALEFACTOR BIOSMART IR04,1,209990.0,2023-06-08
MERCADOLIBRE,2000005830350284,KLES0012,CALEFACTOR BIOSMART IR04,1,209990.0,2023-06-11
MERCADOLIBRE,2000005832224764,KLES0012,CALEFACTOR BIOSMART IR04,1,209990.0,2023-06-11
MERCADOLIBRE,2000005832799370,KLES0012,CALEFACTOR BIOSMART IR04,1,209990.0,2023-06-11
MERCADOLIBRE,2000005833462484,KLES0012,CALEFACTOR BIOSMART IR04,1,209990.0,2023-06-11
MERCADOLIBRE,2000005834120252,KLES0012,CALEFACTOR BIOSMART IR04,1,209990.0,2023-06-11
MERCADOLIBRE,2000005835676136,KLES0012,CALEFACTOR BIOSMART IR04,1,209990.0,2023-06-12
MERCADOLIBRE,2000005944786058,KLES0012,CALEFACTOR BIOSMART IR04,1,209990.0,2023-06-29
MERCADOLIBRE,2000005951356094,KLES0012,CALEFACTOR BIOSMART IR04,1,209990.0,2023-06-30
MERCADOLIBRE,2000005962903320,KLES0012,CALEFACTOR BIOSMART IR04,1,209990.0,2023-07-02
MERCADOLIBRE,2000006250246354,KLES0012,CALEFACTOR BIOSMART IR04,1,209990.0,2023-08-13
MERCADOLIBRE,2000006265722774,KLES0012,CALEFACTOR BIOSMART IR04,1,209990.0,2023-08-15
MERCADOLIBRE,2000007363979105,KLES0012,CALEFACTOR BIOSMART IR04,1,209990.0,2025-03-12
MERCADOLIBRE,2000007803210482,KLES0012,CALEFACTOR BIOSMART IR04,1,209990.0,2024-03-12
MERCADOLIBRE,2000007812455236,KLES0012,CALEFACTOR BIOSMART IR04,1,209990.0,2024-03-13
MERCADOLIBRE,2000007846031134,KLES0012,CALEFACTOR BIOSMART IR04,1,209990.0,2024-03-18
MERCADOLIBRE,2000007939190868,KLES0012,CALEFACTOR BIOSMART IR04,1,209990.0,2024-03-31
MERCADOLIBRE,2000013834370607,KLES0089,CONVECTOR ELECTRICO APOLO FABRICS 1500 INVERTER,1,209990.0,2026-07-03
MERCADOLIBRE,2000013834370609,KLES0089,CONVECTOR ELECTRICO APOLO FABRICS 1500 INVERTER,1,209990.0,2026-07-03
MERCADOLIBRE,2000013806779235,KLES0069,IR STONE BLANCO,1,209990.0,2026-07-02
MERCADOLIBRE,2000013806779237,KLES0069,IR STONE BLANCO,1,209990.0,2026-07-02
MERCADOLIBRE,2000006075054435,KLBR0004,K-FIRE NEGRO,1,209990.0,2024-07-23
MERCADOLIBRE,2000008787430376,KLBR0004,K-FIRE NEGRO,1,209990.0,2024-07-16
FALABELLA,2205652000,KLBR0001,SIN HUMO,1,209990.0,2024-05-09
FALABELLA,2206997716,KLBR0001,SIN HUMO,1,209990.0,2024-05-12
FALABELLA,2211132176,KLBR0001,SIN HUMO,1,209990.0,2024-05-17
MERCADOLIBRE,2000005812778530,KLBR0001,SIN HUMO,1,209990.0,2024-05-26
MERCADOLIBRE,2000008397150820,KLBR0001,SIN HUMO,1,209990.0,2024-05-29
MERCADOLIBRE,2000008506766500,KLBR0001,SIN HUMO,1,209990.0,2024-06-12
MERCADOLIBRE,2000008640693740,KLBR0001,SIN HUMO,1,209990.0,2024-06-28
MERCADOLIBRE,2000008678375276,KLBR0001,SIN HUMO,1,209990.0,2024-07-03
MERCADOLIBRE,2000008680048332,KLBR0001,SIN HUMO,1,209990.0,2024-07-03
FALABELLA,2252682932,KLES0067,WALLY ONE O 1800,2,209980.0,2024-06-15
PARIS,3069924360,LOJM0002,CARRETE MANGUERA RETRÁCTIL 30M,3,209970.0,2025-12-08
MERCADOLIBRE,2000006130112124,KLES0012,CALEFACTOR BIOSMART IR04,1,208840.0,2023-07-26
MERCADOLIBRE,2000006130388236,KLES0012,CALEFACTOR BIOSMART IR04,1,208840.0,2023-07-26
MERCADOLIBRE,2000008067739265,KLES0012,CALEFACTOR BIOSMART IR04,1,208792.0,2025-06-03
MERCADOLIBRE,2000008081418609,KLES0012,CALEFACTOR BIOSMART IR04,1,208792.0,2025-06-04
MERCADOLIBRE,2000008087618397,KLES0012,CALEFACTOR BIOSMART IR04,1,208792.0,2025-06-04
MERCADOLIBRE,2000008112202137,KLES0012,CALEFACTOR BIOSMART IR04,1,208792.0,2025-06-07
MERCADOLIBRE,2000008114572483,KLES0012,CALEFACTOR BIOSMART IR04,1,208792.0,2025-06-07
MERCADOLIBRE,2000008127287109,KLES0012,CALEFACTOR BIOSMART IR04,1,208792.0,2025-06-08
MERCADOLIBRE,2000011826961762,KLES0012,CALEFACTOR BIOSMART IR04,1,208792.0,2025-06-03
MERCADOLIBRE,2000011846672468,KLES0012,CALEFACTOR BIOSMART IR04,1,208792.0,2025-06-05
MERCADOLIBRE,2000011886383388,KLES0012,CALEFACTOR BIOSMART IR04,1,208792.0,2025-06-08
MERCADOLIBRE,2000004324134278,KLES0012,CALEFACTOR BIOSMART IR04,1,207492.0,2022-10-06
MERCADOLIBRE,2000004337975236,KLES0012,CALEFACTOR BIOSMART IR04,1,207492.0,2022-10-08
MERCADOLIBRE,2000007449798277,KLES0012,CALEFACTOR BIOSMART IR04,1,205892.0,2025-03-24
MERCADOLIBRE,2000007476251433,KLES0012,CALEFACTOR BIOSMART IR04,1,205892.0,2025-03-28
MERCADOLIBRE,2000007482177301,KLES0012,CALEFACTOR BIOSMART IR04,1,205892.0,2025-03-28
MERCADOLIBRE,2000007496740127,KLES0012,CALEFACTOR BIOSMART IR04,1,205892.0,2025-03-31
MERCADOLIBRE,2000007502912699,KLES0012,CALEFACTOR BIOSMART IR04,1,205892.0,2025-03-31
MERCADOLIBRE,2000007507945829,KLES0012,CALEFACTOR BIOSMART IR04,1,205892.0,2025-04-01
MERCADOLIBRE,2000007511768917,KLES0012,CALEFACTOR BIOSMART IR04,1,205892.0,2025-04-01
MERCADOLIBRE,2000007514616121,KLES0012,CALEFACTOR BIOSMART IR04,1,205892.0,2025-04-02
MERCADOLIBRE,2000007515264903,KLES0012,CALEFACTOR BIOSMART IR04,1,205892.0,2025-04-02
MERCADOLIBRE,2000007522189153,KLES0012,CALEFACTOR BIOSMART IR04,1,205892.0,2025-04-02
MERCADOLIBRE,2000007523605809,KLES0012,CALEFACTOR BIOSMART IR04,1,205892.0,2025-04-03
MERCADOLIBRE,2000007527450589,KLES0012,CALEFACTOR BIOSMART IR04,1,205892.0,2025-04-03
MERCADOLIBRE,2000007534187753,KLES0012,CALEFACTOR BIOSMART IR04,1,205892.0,2025-04-04
MERCADOLIBRE,2000007540913541,KLES0012,CALEFACTOR BIOSMART IR04,1,205892.0,2025-04-04
MERCADOLIBRE,2000007541140663,KLES0012,CALEFACTOR BIOSMART IR04,1,205892.0,2025-04-05
MERCADOLIBRE,2000007550471213,KLES0012,CALEFACTOR BIOSMART IR04,1,205892.0,2025-04-06
MERCADOLIBRE,2000007551108097,KLES0012,CALEFACTOR BIOSMART IR04,1,205892.0,2025-04-06
MERCADOLIBRE,2000007558408213,KLES0012,CALEFACTOR BIOSMART IR04,1,205892.0,2025-04-07
MERCADOLIBRE,2000007560042669,KLES0012,CALEFACTOR BIOSMART IR04,1,205892.0,2025-04-07
MERCADOLIBRE,2000005603808355,KLES0012,CALEFACTOR BIOSMART IR04,1,205490.0,2024-04-05
MERCADOLIBRE,2000005603808357,KLES0012,CALEFACTOR BIOSMART IR04,1,205490.0,2024-04-05
MERCADOLIBRE,2000005603808361,KLES0012,CALEFACTOR BIOSMART IR04,1,205490.0,2024-04-05
MERCADOLIBRE,2000005609572307,KLES0012,CALEFACTOR BIOSMART IR04,1,205490.0,2024-04-07
MERCADOLIBRE,2000005609572309,KLES0012,CALEFACTOR BIOSMART IR04,1,205490.0,2024-04-07
MERCADOLIBRE,2000007962496910,KLES0012,CALEFACTOR BIOSMART IR04,1,205490.0,2024-04-03
MERCADOLIBRE,2000007972666036,KLES0012,CALEFACTOR BIOSMART IR04,1,205490.0,2024-04-05
MERCADOLIBRE,2000007985200858,KLES0012,CALEFACTOR BIOSMART IR04,1,205490.0,2024-04-07
FALABELLA,2194489106,KLES0012,CALEFACTOR BIOSMART IR04,1,204990.0,2024-04-16
FALABELLA,2194674946,KLES0012,CALEFACTOR BIOSMART IR04,1,204990.0,2024-04-16
FALABELLA,2197092584,KLES0012,CALEFACTOR BIOSMART IR04,1,204990.0,2024-04-22
FALABELLA,2199448796,KLES0012,CALEFACTOR BIOSMART IR04,1,204990.0,2024-04-28
FALABELLA,2199846092,KLES0012,CALEFACTOR BIOSMART IR04,1,204990.0,2024-04-29
FALABELLA,2201347567,KLES0012,CALEFACTOR BIOSMART IR04,1,204990.0,2024-05-02
FALABELLA,2201471975,KLES0012,CALEFACTOR BIOSMART IR04,1,204990.0,2024-05-02
FALABELLA,2201527027,KLES0012,CALEFACTOR BIOSMART IR04,1,204990.0,2024-05-02
FALABELLA,2201573447,KLES0012,CALEFACTOR BIOSMART IR04,1,204990.0,2024-05-02
FALABELLA,2202461894,KLES0012,CALEFACTOR BIOSMART IR04,1,204990.0,2024-05-03
FALABELLA,2203766632,KLES0012,CALEFACTOR BIOSMART IR04,1,204990.0,2024-05-06
FALABELLA,2203775881,KLES0012,CALEFACTOR BIOSMART IR04,1,204990.0,2024-05-06
FALABELLA,2203839998,KLES0012,CALEFACTOR BIOSMART IR04,1,204990.0,2024-05-06
MERCADOLIBRE,2000004526485403,KLES0012,CALEFACTOR BIOSMART IR04,1,204990.0,2023-06-09
MERCADOLIBRE,2000004593575809,KLES0012,CALEFACTOR BIOSMART IR04,1,204990.0,2023-07-03
MERCADOLIBRE,2000004602090875,KLES0012,CALEFACTOR BIOSMART IR04,1,204990.0,2023-07-05
MERCADOLIBRE,2000004610195339,KLES0012,CALEFACTOR BIOSMART IR04,1,204990.0,2023-07-07
MERCADOLIBRE,2000005639482909,KLES0012,CALEFACTOR BIOSMART IR04,1,204990.0,2024-04-14
MERCADOLIBRE,2000005694020411,KLES0012,CALEFACTOR BIOSMART IR04,1,204990.0,2024-04-28
MERCADOLIBRE,2000005694255995,KLES0012,CALEFACTOR BIOSMART IR04,1,204990.0,2024-04-28
MERCADOLIBRE,2000005819954502,KLES0012,CALEFACTOR BIOSMART IR04,1,204990.0,2023-06-09
MERCADOLIBRE,2000005820460078,KLES0012,CALEFACTOR BIOSMART IR04,1,204990.0,2023-06-09
MERCADOLIBRE,2000005822042224,KLES0012,CALEFACTOR BIOSMART IR04,1,204990.0,2023-06-09
MERCADOLIBRE,2000005823410108,KLES0012,CALEFACTOR BIOSMART IR04,1,204990.0,2023-06-09
MERCADOLIBRE,2000005823826234,KLES0012,CALEFACTOR BIOSMART IR04,1,204990.0,2023-06-09
MERCADOLIBRE,2000005944977404,KLES0012,CALEFACTOR BIOSMART IR04,1,204990.0,2023-06-29
MERCADOLIBRE,2000005946900582,KLES0012,CALEFACTOR BIOSMART IR04,1,204990.0,2023-06-29
MERCADOLIBRE,2000005947184286,KLES0012,CALEFACTOR BIOSMART IR04,1,204990.0,2023-06-29
MERCADOLIBRE,2000005948046232,KLES0012,CALEFACTOR BIOSMART IR04,1,204990.0,2023-06-29
MERCADOLIBRE,2000005948936906,KLES0012,CALEFACTOR BIOSMART IR04,1,204990.0,2023-06-29
MERCADOLIBRE,2000005973862434,KLES0012,CALEFACTOR BIOSMART IR04,1,204990.0,2023-07-04
MERCADOLIBRE,2000005981515440,KLES0012,CALEFACTOR BIOSMART IR04,1,204990.0,2023-07-04
MERCADOLIBRE,2000006013382008,KLES0012,CALEFACTOR BIOSMART IR04,1,204990.0,2023-07-09
MERCADOLIBRE,2000006076823644,KLES0012,CALEFACTOR BIOSMART IR04,1,204990.0,2023-07-18
MERCADOLIBRE,2000006084138514,KLES0012,CALEFACTOR BIOSMART IR04,1,204990.0,2023-07-19
MERCADOLIBRE,2000006086498908,KLES0012,CALEFACTOR BIOSMART IR04,1,204990.0,2023-07-19
MERCADOLIBRE,2000006090183122,KLES0012,CALEFACTOR BIOSMART IR04,1,204990.0,2023-07-20
MERCADOLIBRE,2000006091202910,KLES0012,CALEFACTOR BIOSMART IR04,1,204990.0,2023-07-20
MERCADOLIBRE,2000006107558466,KLES0012,CALEFACTOR BIOSMART IR04,1,204990.0,2023-07-23
MERCADOLIBRE,2000007855016368,KLES0012,CALEFACTOR BIOSMART IR04,1,204990.0,2024-03-19
MERCADOLIBRE,2000008006900440,KLES0012,CALEFACTOR BIOSMART IR04,1,204990.0,2024-04-09
MERCADOLIBRE,2000008008648288,KLES0012,CALEFACTOR BIOSMART IR04,1,204990.0,2024-04-09
MERCADOLIBRE,2000008031442492,KLES0012,CALEFACTOR BIOSMART IR04,1,204990.0,2024-04-12
MERCADOLIBRE,2000008037867812,KLES0012,CALEFACTOR BIOSMART IR04,1,204990.0,2024-04-13
MERCADOLIBRE,2000008046391434,KLES0012,CALEFACTOR BIOSMART IR04,1,204990.0,2024-04-15
MERCADOLIBRE,2000008061962246,KLES0012,CALEFACTOR BIOSMART IR04,1,204990.0,2024-04-16
MERCADOLIBRE,2000008068929584,KLES0012,CALEFACTOR BIOSMART IR04,1,204990.0,2024-04-17
MERCADOLIBRE,2000008092239432,KLES0012,CALEFACTOR BIOSMART IR04,1,204990.0,2024-04-21
MERCADOLIBRE,2000008094071796,KLES0012,CALEFACTOR BIOSMART IR04,1,204990.0,2024-04-21
MERCADOLIBRE,2000008095098318,KLES0012,CALEFACTOR BIOSMART IR04,1,204990.0,2024-04-21
MERCADOLIBRE,2000008098451690,KLES0012,CALEFACTOR BIOSMART IR04,1,204990.0,2024-04-22
MERCADOLIBRE,2000008112433962,KLES0012,CALEFACTOR BIOSMART IR04,1,204990.0,2024-04-23
MERCADOLIBRE,2000008120931294,KLES0012,CALEFACTOR BIOSMART IR04,1,204990.0,2024-04-24
MERCADOLIBRE,2000008125357988,KLES0012,CALEFACTOR BIOSMART IR04,1,204990.0,2024-04-25
MERCADOLIBRE,2000008131076668,KLES0012,CALEFACTOR BIOSMART IR04,1,204990.0,2024-04-26
MERCADOLIBRE,2000008131187830,KLES0012,CALEFACTOR BIOSMART IR04,1,204990.0,2024-04-26
MERCADOLIBRE,2000008131677548,KLES0012,CALEFACTOR BIOSMART IR04,1,204990.0,2024-04-26
MERCADOLIBRE,2000008143376460,KLES0012,CALEFACTOR BIOSMART IR04,1,204990.0,2024-04-28
MERCADOLIBRE,2000008145257712,KLES0012,CALEFACTOR BIOSMART IR04,1,204990.0,2024-04-28
MERCADOLIBRE,2000008145945682,KLES0012,CALEFACTOR BIOSMART IR04,1,204990.0,2024-04-28
MERCADOLIBRE,2000008150501362,KLES0012,CALEFACTOR BIOSMART IR04,1,204990.0,2024-04-29
MERCADOLIBRE,2000008151659978,KLES0012,CALEFACTOR BIOSMART IR04,1,204990.0,2024-04-29
MERCADOLIBRE,2000008154960586,KLES0012,CALEFACTOR BIOSMART IR04,1,204990.0,2024-04-29
MERCADOLIBRE,2000008698801036,KLBR0001,SIN HUMO,1,204990.0,2024-07-05
MERCADOLIBRE,2000005590269803,KLES0012,CALEFACTOR BIOSMART IR04,1,203690.0,2024-04-02
MERCADOLIBRE,2000005591904499,KLES0012,CALEFACTOR BIOSMART IR04,1,203690.0,2024-04-02
MERCADOLIBRE,2000007966237476,KLES0012,CALEFACTOR BIOSMART IR04,1,203690.0,2024-04-04
MERCADOLIBRE,2000007050960621,KLES0012,CALEFACTOR BIOSMART IR04,1,201394.0,2025-01-20
MERCADOLIBRE,2000007957752990,KLES0012,CALEFACTOR BIOSMART IR04,1,201394.0,2024-04-03
MERCADOLIBRE,2000010632843538,KLES0012,CALEFACTOR BIOSMART IR04,1,201394.0,2025-02-02
MERCADOLIBRE,2000003811158063,KLES0012,CALEFACTOR BIOSMART IR04,1,199992.0,2022-09-12
MERCADOLIBRE,2000003811158065,KLES0012,CALEFACTOR BIOSMART IR04,1,199992.0,2022-09-12
MERCADOLIBRE,2000004234166876,KLES0012,CALEFACTOR BIOSMART IR04,1,199992.0,2022-09-19
MERCADOLIBRE,2000004238138294,KLES0012,CALEFACTOR BIOSMART IR04,1,199992.0,2022-09-20
MERCADOLIBRE,2000004245448750,KLES0012,CALEFACTOR BIOSMART IR04,1,199992.0,2022-09-21
MERCADOLIBRE,2000004254611262,KLES0012,CALEFACTOR BIOSMART IR04,1,199992.0,2022-09-23
MERCADOLIBRE,2000004294804942,KLES0012,CALEFACTOR BIOSMART IR04,1,199992.0,2022-10-01
FALABELLA,2065744029,KLES0012,CALEFACTOR BIOSMART IR04,1,199990.0,2023-05-27
FALABELLA,2065751632,KLES0012,CALEFACTOR BIOSMART IR04,1,199990.0,2023-05-28
FALABELLA,2065778442,KLES0012,CALEFACTOR BIOSMART IR04,1,199990.0,2023-05-28
FALABELLA,2065935829,KLES0012,CALEFACTOR BIOSMART IR04,1,199990.0,2023-05-28
FALABELLA,2065966005,KLES0012,CALEFACTOR BIOSMART IR04,1,199990.0,2023-05-29
FALABELLA,2065971879,KLES0012,CALEFACTOR BIOSMART IR04,1,199990.0,2023-05-29
FALABELLA,2066089528,KLES0012,CALEFACTOR BIOSMART IR04,1,199990.0,2023-05-29
FALABELLA,2066104248,KLES0012,CALEFACTOR BIOSMART IR04,1,199990.0,2023-05-29
FALABELLA,2066128622,KLES0012,CALEFACTOR BIOSMART IR04,1,199990.0,2023-05-29
FALABELLA,2066171828,KLES0012,CALEFACTOR BIOSMART IR04,1,199990.0,2023-05-29
FALABELLA,2066185651,KLES0012,CALEFACTOR BIOSMART IR04,1,199990.0,2023-05-29
FALABELLA,2066240771,KLES0012,CALEFACTOR BIOSMART IR04,1,199990.0,2023-05-29
FALABELLA,2066252090,KLES0012,CALEFACTOR BIOSMART IR04,1,199990.0,2023-05-29
FALABELLA,2066256390,KLES0012,CALEFACTOR BIOSMART IR04,1,199990.0,2023-05-29
FALABELLA,2066356605,KLES0012,CALEFACTOR BIOSMART IR04,1,199990.0,2023-05-29
FALABELLA,2066468389,KLES0012,CALEFACTOR BIOSMART IR04,1,199990.0,2023-05-29
FALABELLA,2066640870,KLES0012,CALEFACTOR BIOSMART IR04,1,199990.0,2023-05-29
FALABELLA,2066688877,KLES0012,CALEFACTOR BIOSMART IR04,1,199990.0,2023-05-29
FALABELLA,2066753322,KLES0012,CALEFACTOR BIOSMART IR04,1,199990.0,2023-05-29
FALABELLA,2066970193,KLES0012,CALEFACTOR BIOSMART IR04,1,199990.0,2023-05-30
FALABELLA,2067060691,KLES0012,CALEFACTOR BIOSMART IR04,1,199990.0,2023-05-30
FALABELLA,2067079859,KLES0012,CALEFACTOR BIOSMART IR04,1,199990.0,2023-05-30
FALABELLA,2067206834,KLES0012,CALEFACTOR BIOSMART IR04,1,199990.0,2023-05-30
FALABELLA,2067268041,KLES0012,CALEFACTOR BIOSMART IR04,1,199990.0,2023-05-30
FALABELLA,2067427957,KLES0012,CALEFACTOR BIOSMART IR04,1,199990.0,2023-05-30
FALABELLA,2067483814,KLES0012,CALEFACTOR BIOSMART IR04,1,199990.0,2023-05-30
FALABELLA,2067698791,KLES0012,CALEFACTOR BIOSMART IR04,1,199990.0,2023-05-31
FALABELLA,2073524759,KLES0012,CALEFACTOR BIOSMART IR04,1,199990.0,2023-06-28
FALABELLA,2073745576,KLES0012,CALEFACTOR BIOSMART IR04,1,199990.0,2023-06-29
FALABELLA,2074865279,KLES0012,CALEFACTOR BIOSMART IR04,1,199990.0,2023-07-04
FALABELLA,2075108234,KLES0012,CALEFACTOR BIOSMART IR04,1,199990.0,2023-07-05
FALABELLA,2231175543,KLES0012,CALEFACTOR BIOSMART IR04,1,199990.0,2024-06-03
FALABELLA,2518817486,KLES0012,CALEFACTOR BIOSMART IR04,1,199990.0,2024-07-14
FALABELLA,2526518309,KLES0012,CALEFACTOR BIOSMART IR04,1,199990.0,2024-07-18
FALABELLA,2529618287,KLES0012,CALEFACTOR BIOSMART IR04,1,199990.0,2024-07-21
FALABELLA,2532155994,KLES0012,CALEFACTOR BIOSMART IR04,1,199990.0,2024-07-24
FALABELLA,2535175438,KLES0012,CALEFACTOR BIOSMART IR04,1,199990.0,2024-07-27
FALABELLA,2538347192,KLES0012,CALEFACTOR BIOSMART IR04,1,199990.0,2024-07-30
FALABELLA,2539163759,KLES0012,CALEFACTOR BIOSMART IR04,1,199990.0,2024-07-31
FALABELLA,2544133975,KLES0012,CALEFACTOR BIOSMART IR04,1,199990.0,2024-08-05
FALABELLA,2545279703,KLES0012,CALEFACTOR BIOSMART IR04,1,199990.0,2024-08-06
FALABELLA,2545914176,KLES0012,CALEFACTOR BIOSMART IR04,1,199990.0,2024-08-07
FALABELLA,2547485001,KLES0012,CALEFACTOR BIOSMART IR04,1,199990.0,2024-08-09
FALABELLA,2549203581,KLES0012,CALEFACTOR BIOSMART IR04,1,199990.0,2024-08-11
FALABELLA,2552286450,KLES0012,CALEFACTOR BIOSMART IR04,1,199990.0,2024-08-15
FALABELLA,2553109243,KLES0012,CALEFACTOR BIOSMART IR04,1,199990.0,2024-08-16
FALABELLA,2553582455,KLES0012,CALEFACTOR BIOSMART IR04,1,199990.0,2024-08-17
RIPLEY,23447926901,KLES0012,CALEFACTOR BIOSMART IR04,1,199990.0,2025-04-06
RIPLEY,23658708901,KLES0012,CALEFACTOR BIOSMART IR04,1,199990.0,2025-06-04
MERCADOLIBRE,2000005847840150,KLES0012,CALEFACTOR BIOSMART IR04,1,199990.0,2024-06-03
MERCADOLIBRE,2000005853097020,KLES0012,CALEFACTOR BIOSMART IR04,1,199990.0,2024-06-04
MERCADOLIBRE,2000006080167527,KLES0012,CALEFACTOR BIOSMART IR04,1,199990.0,2024-07-25
MERCADOLIBRE,2000006083612601,KLES0012,CALEFACTOR BIOSMART IR04,1,199990.0,2024-07-25
MERCADOLIBRE,2000006098205561,KLES0012,CALEFACTOR BIOSMART IR04,1,199990.0,2024-07-29
MERCADOLIBRE,2000006098205563,KLES0012,CALEFACTOR BIOSMART IR04,1,199990.0,2024-07-29
MERCADOLIBRE,2000006098205565,KLES0012,CALEFACTOR BIOSMART IR04,1,199990.0,2024-07-29
MERCADOLIBRE,2000006396763813,KLES0012,CALEFACTOR BIOSMART IR04,1,199990.0,2024-10-01
MERCADOLIBRE,2000008429361430,KLES0012,CALEFACTOR BIOSMART IR04,1,199990.0,2024-06-03
MERCADOLIBRE,2000008431719550,KLES0012,CALEFACTOR BIOSMART IR04,1,199990.0,2024-06-03
MERCADOLIBRE,2000008432936910,KLES0012,CALEFACTOR BIOSMART IR04,1,199990.0,2024-06-03
MERCADOLIBRE,2000008433097820,KLES0012,CALEFACTOR BIOSMART IR04,1,199990.0,2024-06-03
MERCADOLIBRE,2000008433774220,KLES0012,CALEFACTOR BIOSMART IR04,1,199990.0,2024-06-03
MERCADOLIBRE,2000008441806750,KLES0012,CALEFACTOR BIOSMART IR04,1,199990.0,2024-06-04
MERCADOLIBRE,2000008465788420,KLES0012,CALEFACTOR BIOSMART IR04,1,199990.0,2024-06-07
MERCADOLIBRE,2000008466353440,KLES0012,CALEFACTOR BIOSMART IR04,1,199990.0,2024-06-07
MERCADOLIBRE,2000008847380340,KLES0012,CALEFACTOR BIOSMART IR04,1,199990.0,2024-07-23
MERCADOLIBRE,2000008852643762,KLES0012,CALEFACTOR BIOSMART IR04,1,199990.0,2024-07-23
MERCADOLIBRE,2000008867663618,KLES0012,CALEFACTOR BIOSMART IR04,1,199990.0,2024-07-25
MERCADOLIBRE,2000008867683630,KLES0012,CALEFACTOR BIOSMART IR04,1,199990.0,2024-07-25
FALABELLA,2615724036,KLEF0091,ENFRIADOR DE AIRE MISTRAL,1,199990.0,2024-10-30
FALABELLA,2623121862,KLEF0091,ENFRIADOR DE AIRE MISTRAL,1,199990.0,2024-11-07
PARIS,2752453580,KLEF0091,ENFRIADOR DE AIRE MISTRAL,1,199990.0,2024-11-13
MERCADOLIBRE,2000010282700750,KLEF0091,ENFRIADOR DE AIRE MISTRAL,1,199990.0,2024-12-24
FALABELLA,2235733803,KLBR0007,K-FIRE (GRIS+BASE),1,199990.0,2024-06-04
FALABELLA,2247774489,KLBR0001,SIN HUMO,1,199990.0,2024-06-08
FALABELLA,2256688722,KLBR0001,SIN HUMO,1,199990.0,2024-06-20
FALABELLA,2511797767,KLBR0001,SIN HUMO,1,199990.0,2024-07-07
FALABELLA,2533653688,KLBR0001,SIN HUMO,1,199990.0,2024-07-26
MERCADOLIBRE,2000005368052754,KLBR0001,SIN HUMO,1,199990.0,2023-03-28
MERCADOLIBRE,2000006056325551,KLBR0001,SIN HUMO,1,199990.0,2024-07-19
MERCADOLIBRE,2000009464394394,KLBR0001,SIN HUMO,1,199990.0,2024-10-03
MERCADOLIBRE,2000009922525864,KLBR0001,SIN HUMO,1,199990.0,2024-11-22
MERCADOLIBRE,2000005741275200,KLES0032,WALLY 1500 C,2,199980.0,2024-05-09
FALABELLA,2575886706,KLES0066,WALLY ONE O 1200,2,199980.0,2024-09-13
FALABELLA,2072487008,KLES0067,WALLY ONE O 1800,2,199980.0,2023-06-22
PARIS,3092748480,KLES0067,WALLY ONE O 1800,2,199980.0,2026-03-25
MERCADOLIBRE,2000004711679917,KLES0012,CALEFACTOR BIOSMART IR04,1,199490.0,2023-08-08
FALABELLA,2257815218,KLES0067,WALLY ONE O 1800,2,199481.0,2024-06-21
MERCADOLIBRE,2000005997230912,KLES0012,CALEFACTOR BIOSMART IR04,1,198840.0,2023-07-06
MERCADOLIBRE,2000004314071882,KLES0012,CALEFACTOR BIOSMART IR04,1,197492.0,2022-10-04
MERCADOLIBRE,2000006293543474,KLES0012,CALEFACTOR BIOSMART IR04,1,195990.0,2023-08-19
MERCADOLIBRE,2000006310854292,KLES0012,CALEFACTOR BIOSMART IR04,1,195990.0,2023-08-22
MERCADOLIBRE,2000006065994070,KLES0012,CALEFACTOR BIOSMART IR04,1,194990.0,2023-07-17
MERCADOLIBRE,2000006071211396,KLES0012,CALEFACTOR BIOSMART IR04,1,194990.0,2023-07-17
FALABELLA,2236569434,KLES0071,SKY BLACK,3,194970.0,2024-06-04
MERCADOLIBRE,2000012336420950,KLES0067,WALLY ONE O 1800,2,192042.0,2026-04-02
MERCADOLIBRE,2000010260505639,KLBR0006,K-FIRE (NEGRO+BASE),1,191693.0,2025-11-28
MERCADOLIBRE,2000010283062489,KLBR0006,K-FIRE (NEGRO+BASE),1,191693.0,2025-11-29
FALABELLA,2518160676,KLES0012,CALEFACTOR BIOSMART IR04,1,189990.0,2024-07-13
FALABELLA,2518290520,KLES0012,CALEFACTOR BIOSMART IR04,1,189990.0,2024-07-13
FALABELLA,2518976185,KLES0012,CALEFACTOR BIOSMART IR04,1,189990.0,2024-07-14
FALABELLA,2597461629,KLES0012,CALEFACTOR BIOSMART IR04,1,189990.0,2024-10-02
MERCADOLIBRE,2000004806126415,KLES0012,CALEFACTOR BIOSMART IR04,1,189990.0,2023-09-07
MERCADOLIBRE,2000004847185547,KLES0012,CALEFACTOR BIOSMART IR04,1,189990.0,2023-09-20
MERCADOLIBRE,2000004847185549,KLES0012,CALEFACTOR BIOSMART IR04,1,189990.0,2023-09-20
MERCADOLIBRE,2000004849493903,KLES0012,CALEFACTOR BIOSMART IR04,1,189990.0,2023-09-20
MERCADOLIBRE,2000004849549253,KLES0012,CALEFACTOR BIOSMART IR04,1,189990.0,2023-09-20
MERCADOLIBRE,2000004849549255,KLES0012,CALEFACTOR BIOSMART IR04,1,189990.0,2023-09-20
MERCADOLIBRE,2000005758065538,KLES0012,CALEFACTOR BIOSMART IR04,1,189990.0,2023-05-31
MERCADOLIBRE,2000005758413810,KLES0012,CALEFACTOR BIOSMART IR04,1,189990.0,2023-05-31
MERCADOLIBRE,2000005758428728,KLES0012,CALEFACTOR BIOSMART IR04,1,189990.0,2023-05-31
MERCADOLIBRE,2000005760045674,KLES0012,CALEFACTOR BIOSMART IR04,1,189990.0,2023-05-31
MERCADOLIBRE,2000005760428750,KLES0012,CALEFACTOR BIOSMART IR04,1,189990.0,2023-06-01
MERCADOLIBRE,2000006033891876,KLES0012,CALEFACTOR BIOSMART IR04,1,189990.0,2023-07-12
MERCADOLIBRE,2000006036790896,KLES0012,CALEFACTOR BIOSMART IR04,1,189990.0,2023-07-12
MERCADOLIBRE,2000006049443520,KLES0012,CALEFACTOR BIOSMART IR04,1,189990.0,2023-07-14
MERCADOLIBRE,2000006051817880,KLES0012,CALEFACTOR BIOSMART IR04,1,189990.0,2023-07-14
MERCADOLIBRE,2000006052735348,KLES0012,CALEFACTOR BIOSMART IR04,1,189990.0,2023-07-14
MERCADOLIBRE,2000006096123938,KLES0012,CALEFACTOR BIOSMART IR04,1,189990.0,2023-07-21
MERCADOLIBRE,2000006098309914,KLES0012,CALEFACTOR BIOSMART IR04,1,189990.0,2023-07-21
MERCADOLIBRE,2000006098526126,KLES0012,CALEFACTOR BIOSMART IR04,1,189990.0,2023-07-21
MERCADOLIBRE,2000006098731752,KLES0012,CALEFACTOR BIOSMART IR04,1,189990.0,2023-07-21
MERCADOLIBRE,2000006233284722,KLES0012,CALEFACTOR BIOSMART IR04,1,189990.0,2023-08-10
MERCADOLIBRE,2000006349163260,KLES0012,CALEFACTOR BIOSMART IR04,1,189990.0,2023-08-28
MERCADOLIBRE,2000006368379284,KLES0012,CALEFACTOR BIOSMART IR04,1,189990.0,2023-08-30
MERCADOLIBRE,2000006413142002,KLES0012,CALEFACTOR BIOSMART IR04,1,189990.0,2023-09-06
MERCADOLIBRE,2000006518882062,KLES0012,CALEFACTOR BIOSMART IR04,1,189990.0,2023-09-22
MERCADOLIBRE,2000006559858152,KLES0012,CALEFACTOR BIOSMART IR04,1,189990.0,2023-09-28
MERCADOLIBRE,2000006571168070,KLES0012,CALEFACTOR BIOSMART IR04,1,189990.0,2023-09-30
MERCADOLIBRE,2000005335786960,KLES0014,CALEFACTOR SECATOALLAS,1,189990.0,2023-03-22
MERCADOLIBRE,2000008426015260,KLBR0004,K-FIRE NEGRO,1,189990.0,2024-06-03
FALABELLA,2066066417,KLBR0001,SIN HUMO,1,189990.0,2023-05-29
FALABELLA,2066414637,KLBR0001,SIN HUMO,1,189990.0,2023-05-29
FALABELLA,2066425789,KLBR0001,SIN HUMO,1,189990.0,2023-05-29
FALABELLA,2066491118,KLBR0001,SIN HUMO,1,189990.0,2023-05-29
FALABELLA,2066697378,KLBR0001,SIN HUMO,1,189990.0,2023-05-29
FALABELLA,2066794016,KLBR0001,SIN HUMO,1,189990.0,2023-05-29
FALABELLA,2067211299,KLBR0001,SIN HUMO,1,189990.0,2023-05-30
FALABELLA,2067618886,KLBR0001,SIN HUMO,1,189990.0,2023-05-31
FALABELLA,2068255573,KLBR0001,SIN HUMO,1,189990.0,2023-05-31
FALABELLA,2102043108,KLBR0001,SIN HUMO,1,189990.0,2023-10-02
FALABELLA,2102417416,KLBR0001,SIN HUMO,1,189990.0,2023-10-02
FALABELLA,2102448518,KLBR0001,SIN HUMO,1,189990.0,2023-10-02
FALABELLA,2102479406,KLBR0001,SIN HUMO,1,189990.0,2023-10-02
FALABELLA,2102888470,KLBR0001,SIN HUMO,1,189990.0,2023-10-02
FALABELLA,2103532441,KLBR0001,SIN HUMO,1,189990.0,2023-10-03
FALABELLA,2105126321,KLBR0001,SIN HUMO,1,189990.0,2023-10-04
FALABELLA,2106128026,KLBR0001,SIN HUMO,1,189990.0,2023-10-04
FALABELLA,2237191726,KLBR0001,SIN HUMO,1,189990.0,2024-06-04
MERCADOLIBRE,2000004889062969,KLBR0001,SIN HUMO,1,189990.0,2023-10-02
MERCADOLIBRE,2000004889702441,KLBR0001,SIN HUMO,1,189990.0,2023-10-03
MERCADOLIBRE,2000004894282109,KLBR0001,SIN HUMO,1,189990.0,2023-10-04
MERCADOLIBRE,2000005736609184,KLBR0001,SIN HUMO,1,189990.0,2023-05-29
MERCADOLIBRE,2000005736837608,KLBR0001,SIN HUMO,1,189990.0,2023-05-29
MERCADOLIBRE,2000005737199536,KLBR0001,SIN HUMO,1,189990.0,2023-05-29
MERCADOLIBRE,2000005738143272,KLBR0001,SIN HUMO,1,189990.0,2023-05-29
MERCADOLIBRE,2000005738625132,KLBR0001,SIN HUMO,1,189990.0,2023-05-29
MERCADOLIBRE,2000005740420620,KLBR0001,SIN HUMO,1,189990.0,2023-05-29
MERCADOLIBRE,2000005741438636,KLBR0001,SIN HUMO,1,189990.0,2023-05-29
MERCADOLIBRE,2000005743266322,KLBR0001,SIN HUMO,1,189990.0,2023-05-29
MERCADOLIBRE,2000005744071408,KLBR0001,SIN HUMO,1,189990.0,2023-05-29
MERCADOLIBRE,2000005745594008,KLBR0001,SIN HUMO,1,189990.0,2023-05-30
MERCADOLIBRE,2000005745848490,KLBR0001,SIN HUMO,1,189990.0,2023-05-30
MERCADOLIBRE,2000005748125944,KLBR0001,SIN HUMO,1,189990.0,2023-05-30
MERCADOLIBRE,2000005751541948,KLBR0001,SIN HUMO,1,189990.0,2023-05-30
MERCADOLIBRE,2000005752354682,KLBR0001,SIN HUMO,1,189990.0,2023-05-31
MERCADOLIBRE,2000005754086206,KLBR0001,SIN HUMO,1,189990.0,2023-05-31
MERCADOLIBRE,2000005759759804,KLBR0001,SIN HUMO,1,189990.0,2023-05-31
MERCADOLIBRE,2000005764315814,KLBR0001,SIN HUMO,1,189990.0,2023-06-01
MERCADOLIBRE,2000006579731474,KLBR0001,SIN HUMO,1,189990.0,2023-10-02
MERCADOLIBRE,2000006581249488,KLBR0001,SIN HUMO,1,189990.0,2023-10-02
MERCADOLIBRE,2000006581792190,KLBR0001,SIN HUMO,1,189990.0,2023-10-02
MERCADOLIBRE,2000006583120778,KLBR0001,SIN HUMO,1,189990.0,2023-10-02
MERCADOLIBRE,2000006583696086,KLBR0001,SIN HUMO,1,189990.0,2023-10-02
MERCADOLIBRE,2000006586211408,KLBR0001,SIN HUMO,1,189990.0,2023-10-02
MERCADOLIBRE,2000006589488660,KLBR0001,SIN HUMO,1,189990.0,2023-10-03
MERCADOLIBRE,2000006596641142,KLBR0001,SIN HUMO,1,189990.0,2023-10-04
MERCADOLIBRE,2000006599633094,KLBR0001,SIN HUMO,1,189990.0,2023-10-04
MERCADOLIBRE,2000006602021142,KLBR0001,SIN HUMO,1,189990.0,2023-10-04
MERCADOLIBRE,2000007374349797,KLBR0001,SIN HUMO,1,189990.0,2025-03-13
MERCADOLIBRE,2000007386569791,KLBR0001,SIN HUMO,1,189990.0,2025-03-15
MERCADOLIBRE,2000007389962245,KLBR0001,SIN HUMO,1,189990.0,2025-03-16
MERCADOLIBRE,2000010016746182,KLBR0001,SIN HUMO,1,189990.0,2024-12-01
MERCADOLIBRE,2000010017968336,KLBR0001,SIN HUMO,1,189990.0,2024-12-01
MERCADOLIBRE,2000010027937018,KLBR0001,SIN HUMO,1,189990.0,2024-12-02
MERCADOLIBRE,2000010055355356,KLBR0001,SIN HUMO,1,189990.0,2024-12-04
MERCADOLIBRE,2000008166027990,KLES0036,WALLY 1000 INVERTER,1,189990.0,2024-05-01
MERCADOLIBRE,2000007601920668,KLSU0001,ZRAY E9,1,189990.0,2024-02-14
MERCADOLIBRE,2000007603271802,KLSU0001,ZRAY E9,1,189990.0,2024-02-14
MERCADOLIBRE,2000007604813430,KLSU0001,ZRAY E9,1,189990.0,2024-02-14
MERCADOLIBRE,2000007610225744,KLSU0001,ZRAY E9,1,189990.0,2024-02-15
MERCADOLIBRE,2000005815586330,KLES0066,WALLY ONE O 1200,2,189980.0,2024-05-26
MERCADOLIBRE,2000005945156570,KLES0066,WALLY ONE O 1200,2,189980.0,2024-06-25
MERCADOLIBRE,2000004810860921,KLES0012,CALEFACTOR BIOSMART IR04,1,184290.0,2023-09-08
MERCADOLIBRE,2000012700760600,KLES0067,WALLY ONE O 1800,2,183980.0,2026-04-27
FALABELLA,2596523165,KLES0012,CALEFACTOR BIOSMART IR04,1,179990.0,2024-10-02
MERCADOLIBRE,2000005471018173,KLES0014,CALEFACTOR SECATOALLAS,1,179990.0,2024-03-01
MERCADOLIBRE,2000007766420106,KLES0014,CALEFACTOR SECATOALLAS,1,179990.0,2024-03-07
MERCADOLIBRE,2000007805985310,KLES0014,CALEFACTOR SECATOALLAS,1,179990.0,2024-03-12
MERCADOLIBRE,2000007815100190,KLES0014,CALEFACTOR SECATOALLAS,1,179990.0,2024-03-13
MERCADOLIBRE,2000007842903969,KLES0014,CALEFACTOR SECATOALLAS,1,179990.0,2025-05-10
MERCADOLIBRE,2000012231168237,KLES0014,CALEFACTOR SECATOALLAS,1,179990.0,2026-03-26
PARIS,2767954730,KLEF0091,ENFRIADOR DE AIRE MISTRAL,1,179990.0,2025-01-06
MERCADOLIBRE,2000004489220512,KLAP0047,FILTRO PISCINA ESTRUCTURAL AVENLI 290729EU,1,179990.0,2022-11-05
MERCADOLIBRE,2000004632564165,KLAP0047,FILTRO PISCINA ESTRUCTURAL AVENLI 290729EU,1,179990.0,2023-07-14
MERCADOLIBRE,2000005102790661,KLAP0047,FILTRO PISCINA ESTRUCTURAL AVENLI 290729EU,1,179990.0,2023-11-29
MERCADOLIBRE,2000006517479952,KLAP0047,FILTRO PISCINA ESTRUCTURAL AVENLI 290729EU,1,179990.0,2023-09-22
MERCADOLIBRE,2000014977385970,KLES0074,SECATOALLA WIFI,1,179990.0,2026-02-02
MERCADOLIBRE,2000005855694670,KLBR0001,SIN HUMO,1,179990.0,2024-06-05
MERCADOLIBRE,2000005856080180,KLBR0001,SIN HUMO,1,179990.0,2024-06-05
MERCADOLIBRE,2000008426529620,KLBR0001,SIN HUMO,1,179990.0,2024-06-03
MERCADOLIBRE,2000008447605450,KLBR0001,SIN HUMO,1,179990.0,2024-06-05
MERCADOLIBRE,2000008453246030,KLBR0001,SIN HUMO,1,179990.0,2024-06-05
MERCADOLIBRE,2000004336850781,KLES0032,WALLY 1500 C,1,179990.0,2023-04-03
MERCADOLIBRE,2000004336850783,KLES0032,WALLY 1500 C,1,179990.0,2023-04-03
MERCADOLIBRE,2000008225038520,KLES0032,WALLY 1500 C,1,179990.0,2024-05-08
MERCADOLIBRE,2000008413333140,KLES0032,WALLY 1500 C,1,179990.0,2024-06-01
MERCADOLIBRE,2000005498606283,KLES0037,WALLY 1500 INVERTER,1,179990.0,2024-03-08
MERCADOLIBRE,2000005532822243,KLES0037,WALLY 1500 INVERTER,1,179990.0,2024-03-17
MERCADOLIBRE,2000005552231497,KLES0037,WALLY 1500 INVERTER,1,179990.0,2024-03-22
MERCADOLIBRE,2000005552231499,KLES0037,WALLY 1500 INVERTER,1,179990.0,2024-03-22
MERCADOLIBRE,2000005624030613,KLES0037,WALLY 1500 INVERTER,1,179990.0,2024-04-10
MERCADOLIBRE,2000005667151889,KLES0037,WALLY 1500 INVERTER,1,179990.0,2024-04-21
MERCADOLIBRE,2000005706740200,KLES0037,WALLY 1500 INVERTER,1,179990.0,2024-05-01
MERCADOLIBRE,2000007748248814,KLES0037,WALLY 1500 INVERTER,1,179990.0,2024-03-05
MERCADOLIBRE,2000007758515942,KLES0037,WALLY 1500 INVERTER,1,179990.0,2024-03-06
MERCADOLIBRE,2000007776005670,KLES0037,WALLY 1500 INVERTER,1,179990.0,2024-03-08
MERCADOLIBRE,2000007779390669,KLES0037,WALLY 1500 INVERTER,1,179990.0,2025-05-03
MERCADOLIBRE,2000007886920966,KLES0037,WALLY 1500 INVERTER,1,179990.0,2024-03-23
MERCADOLIBRE,2000008015367910,KLES0037,WALLY 1500 INVERTER,1,179990.0,2024-04-10
MERCADOLIBRE,2000008053595058,KLES0037,WALLY 1500 INVERTER,1,179990.0,2024-04-16
MERCADOLIBRE,2000008099502278,KLES0037,WALLY 1500 INVERTER,1,179990.0,2024-04-22
MERCADOLIBRE,2000008136993248,KLES0037,WALLY 1500 INVERTER,1,179990.0,2024-04-27
MERCADOLIBRE,2000008160675716,KLES0037,WALLY 1500 INVERTER,1,179990.0,2024-04-30
MERCADOLIBRE,2000008180134510,KLES0037,WALLY 1500 INVERTER,1,179990.0,2024-05-03
MERCADOLIBRE,2000008582650750,KLES0037,WALLY 1500 INVERTER,1,179990.0,2024-06-21
MERCADOLIBRE,2000008604200300,KLES0037,WALLY 1500 INVERTER,1,179990.0,2024-06-24
MERCADOLIBRE,2000008633717097,KLES0037,WALLY 1500 INVERTER,1,179990.0,2025-07-26
MERCADOLIBRE,2000008645519681,KLES0037,WALLY 1500 INVERTER,1,179990.0,2025-07-27
MERCADOLIBRE,2000008646595801,KLES0037,WALLY 1500 INVERTER,1,179990.0,2025-07-28
MERCADOLIBRE,2000012471781594,KLES0037,WALLY 1500 INVERTER,1,179990.0,2025-07-29
FALABELLA,2209421198,KLES0031,WALLY 1000 C,2,179980.0,2024-05-15
MERCADOLIBRE,2000005787795700,KLES0031,WALLY 1000 C,2,179980.0,2024-05-20
MERCADOLIBRE,2000005937109540,KLES0031,WALLY 1000 C,2,179980.0,2024-06-23
MERCADOLIBRE,2000005954151940,KLES0031,WALLY 1000 C,2,179980.0,2024-06-27
MERCADOLIBRE,2000005926830950,KLES0066,WALLY ONE O 1200,2,179980.0,2024-06-21
MERCADOLIBRE,2000005939483870,KLES0066,WALLY ONE O 1200,2,179980.0,2024-06-24
MERCADOLIBRE,2000005941333740,KLES0066,WALLY ONE O 1200,2,179980.0,2024-06-24
MERCADOLIBRE,2000012583620820,KLES0066,WALLY ONE O 1200,2,179980.0,2026-04-19
FALABELLA,2075604766,KLES0067,WALLY ONE O 1800,2,179980.0,2023-07-07
FALABELLA,2085353767,KLES0067,WALLY ONE O 1800,2,179980.0,2023-08-20
FALABELLA,2203349987,KLES0067,WALLY ONE O 1800,2,179980.0,2024-05-05
FALABELLA,2508424346,KLES0067,WALLY ONE O 1800,2,179980.0,2024-07-04
PARIS,3002050220,KLES0067,WALLY ONE O 1800,2,179980.0,2025-03-31
RIPLEY,23684178501,KLES0067,WALLY ONE O 1800,2,179980.0,2025-06-10
MERCADOLIBRE,2000005850171870,KLES0067,WALLY ONE O 1800,2,179980.0,2024-06-04
MERCADOLIBRE,2000005863905790,KLES0067,WALLY ONE O 1800,2,179980.0,2024-06-06
MERCADOLIBRE,2000013235843917,KLES0088,CONVECTOR ELECTRICO APOLO 2000 INVERTER,1,178591.0,2026-05-29
MERCADOLIBRE,2000010577419231,KLCP0003,KALTEMP 5 X 9,1,176694.0,2025-12-15
MERCADOLIBRE,2000010737665095,KLCP0003,KALTEMP 5 X 9,1,176694.0,2025-12-24
MERCADOLIBRE,2000010749672991,KLCP0003,KALTEMP 5 X 9,1,176694.0,2025-12-26
MERCADOLIBRE,2000010766767561,KLCP0003,KALTEMP 5 X 9,1,176694.0,2025-12-27
MERCADOLIBRE,2000007958644920,KLES0037,WALLY 1500 INVERTER,1,171592.0,2024-04-03
MERCADOLIBRE,2000005732498740,KLES0037,WALLY 1500 INVERTER,1,170990.0,2024-05-07
MERCADOLIBRE,2000005735662810,KLES0037,WALLY 1500 INVERTER,1,170990.0,2024-05-08
MERCADOLIBRE,2000005778858070,KLES0037,WALLY 1500 INVERTER,1,170990.0,2024-05-18
MERCADOLIBRE,2000005808498150,KLES0037,WALLY 1500 INVERTER,1,170990.0,2024-05-24
MERCADOLIBRE,2000005808555090,KLES0037,WALLY 1500 INVERTER,1,170990.0,2024-05-24
MERCADOLIBRE,2000008210044540,KLES0037,WALLY 1500 INVERTER,1,170990.0,2024-05-07
MERCADOLIBRE,2000008232199800,KLES0037,WALLY 1500 INVERTER,1,170990.0,2024-05-09
MERCADOLIBRE,2000008238425890,KLES0037,WALLY 1500 INVERTER,1,170990.0,2024-05-10
MERCADOLIBRE,2000008254865500,KLES0037,WALLY 1500 INVERTER,1,170990.0,2024-05-13
MERCADOLIBRE,2000008263716170,KLES0037,WALLY 1500 INVERTER,1,170990.0,2024-05-14
MERCADOLIBRE,2000008270860610,KLES0037,WALLY 1500 INVERTER,1,170990.0,2024-05-14
MERCADOLIBRE,2000008299396700,KLES0037,WALLY 1500 INVERTER,1,170990.0,2024-05-17
MERCADOLIBRE,2000008306246100,KLES0037,WALLY 1500 INVERTER,1,170990.0,2024-05-18
MERCADOLIBRE,2000008308188050,KLES0037,WALLY 1500 INVERTER,1,170990.0,2024-05-18
MERCADOLIBRE,2000008313530250,KLES0037,WALLY 1500 INVERTER,1,170990.0,2024-05-19
MERCADOLIBRE,2000008325471230,KLES0037,WALLY 1500 INVERTER,1,170990.0,2024-05-20
MERCADOLIBRE,2000008355241810,KLES0037,WALLY 1500 INVERTER,1,170990.0,2024-05-24
MERCADOLIBRE,2000008358181110,KLES0037,WALLY 1500 INVERTER,1,170990.0,2024-05-24
MERCADOLIBRE,2000008358865140,KLES0037,WALLY 1500 INVERTER,1,170990.0,2024-05-24
MERCADOLIBRE,2000008374442860,KLES0037,WALLY 1500 INVERTER,1,170990.0,2024-05-27
MERCADOLIBRE,2000008405561380,KLES0037,WALLY 1500 INVERTER,1,170990.0,2024-05-31
MERCADOLIBRE,2000010060586877,KLCP0003,KALTEMP 5 X 9,1,170495.0,2025-11-17
MERCADOLIBRE,2000010161567709,KLCP0003,KALTEMP 5 X 9,1,170495.0,2025-11-23
MERCADOLIBRE,2000010784722093,KLEF0091,ENFRIADOR DE AIRE MISTRAL,1,169992.0,2025-12-28
MERCADOLIBRE,2000014472108150,KLEF0091,ENFRIADOR DE AIRE MISTRAL,1,169992.0,2025-12-26
FALABELLA,2180323217,KLES0014,CALEFACTOR SECATOALLAS,1,169990.0,2024-03-17
FALABELLA,2182440919,KLES0014,CALEFACTOR SECATOALLAS,1,169990.0,2024-03-22
FALABELLA,2183918657,KLES0014,CALEFACTOR SECATOALLAS,1,169990.0,2024-03-25
FALABELLA,2565758480,KLES0014,CALEFACTOR SECATOALLAS,1,169990.0,2024-09-01
FALABELLA,2573695421,KLES0014,CALEFACTOR SECATOALLAS,1,169990.0,2024-09-11
MERCADOLIBRE,2000004439695471,KLES0014,CALEFACTOR SECATOALLAS,1,169990.0,2023-05-11
MERCADOLIBRE,2000005558599793,KLES0014,CALEFACTOR SECATOALLAS,1,169990.0,2024-03-24
MERCADOLIBRE,2000005591099674,KLES0014,CALEFACTOR SECATOALLAS,1,169990.0,2023-05-05
MERCADOLIBRE,2000005594454480,KLES0014,CALEFACTOR SECATOALLAS,1,169990.0,2023-05-06
MERCADOLIBRE,2000005599699508,KLES0014,CALEFACTOR SECATOALLAS,1,169990.0,2023-05-07
MERCADOLIBRE,2000005603697480,KLES0014,CALEFACTOR SECATOALLAS,1,169990.0,2023-05-07
MERCADOLIBRE,2000005612908508,KLES0014,CALEFACTOR SECATOALLAS,1,169990.0,2023-05-08
MERCADOLIBRE,2000005613341404,KLES0014,CALEFACTOR SECATOALLAS,1,169990.0,2023-05-08
MERCADOLIBRE,2000005619148908,KLES0014,CALEFACTOR SECATOALLAS,1,169990.0,2023-05-09
MERCADOLIBRE,2000005640740972,KLES0014,CALEFACTOR SECATOALLAS,1,169990.0,2023-05-12
MERCADOLIBRE,2000006252921503,KLES0014,CALEFACTOR SECATOALLAS,1,169990.0,2024-08-31
MERCADOLIBRE,2000007828540462,KLES0014,CALEFACTOR SECATOALLAS,1,169990.0,2024-03-15
MERCADOLIBRE,2000007835857458,KLES0014,CALEFACTOR SECATOALLAS,1,169990.0,2024-03-16
MERCADOLIBRE,2000007846016294,KLES0014,CALEFACTOR SECATOALLAS,1,169990.0,2024-03-18
MERCADOLIBRE,2000007887339832,KLES0014,CALEFACTOR SECATOALLAS,1,169990.0,2024-03-23
MERCADOLIBRE,2000007919555964,KLES0014,CALEFACTOR SECATOALLAS,1,169990.0,2024-03-28
MERCADOLIBRE,2000007938828000,KLES0014,CALEFACTOR SECATOALLAS,1,169990.0,2024-03-31
MERCADOLIBRE,2000009100249056,KLES0014,CALEFACTOR SECATOALLAS,1,169990.0,2024-08-21
MERCADOLIBRE,2000015901300170,KLCP0005,MANTA TERMICA PISCINA - SOLAR POOL COVER 5X8 DOUBLE BUBBLE,1,169990.0,2026-04-08
FALABELLA,2556464010,KLES0036,WALLY 1000 INVERTER,1,169990.0,2024-08-21
MERCADOLIBRE,2000005532822239,KLES0036,WALLY 1000 INVERTER,1,169990.0,2024-03-17
MERCADOLIBRE,2000005532822241,KLES0036,WALLY 1000 INVERTER,1,169990.0,2024-03-17
MERCADOLIBRE,2000007871669272,KLES0036,WALLY 1000 INVERTER,1,169990.0,2024-03-21
FALABELLA,2204993259,KLES0037,WALLY 1500 INVERTER,1,169990.0,2024-05-08
FALABELLA,2205587659,KLES0037,WALLY 1500 INVERTER,1,169990.0,2024-05-09
PARIS,3001170370,KLES0037,WALLY 1500 INVERTER,1,169990.0,2025-03-28
PARIS,3002315330,KLES0037,WALLY 1500 INVERTER,1,169990.0,2025-04-01
PARIS,3004997000,KLES0037,WALLY 1500 INVERTER,1,169990.0,2025-04-14
FALABELLA,2239929593,KLES0032,WALLY 1500 C,2,169980.0,2024-06-05
MERCADOLIBRE,2000005845414410,KLES0032,WALLY 1500 C,2,169980.0,2024-06-03
MERCADOLIBRE,2000007721469583,KLES0037,WALLY 1500 INVERTER,1,169190.0,2025-04-26
MERCADOLIBRE,2000008228255609,KLES0037,WALLY 1500 INVERTER,1,169190.0,2025-06-18
MERCADOLIBRE,2000008303329203,KLES0037,WALLY 1500 INVERTER,1,169190.0,2025-06-25
MERCADOLIBRE,2000008316754919,KLES0037,WALLY 1500 INVERTER,1,169190.0,2025-06-27
MERCADOLIBRE,2000008340211781,KLES0037,WALLY 1500 INVERTER,1,169190.0,2025-06-29
MERCADOLIBRE,2000008381718349,KLES0037,WALLY 1500 INVERTER,1,169190.0,2025-07-03
MERCADOLIBRE,2000008499619329,KLES0037,WALLY 1500 INVERTER,1,169190.0,2025-07-14
MERCADOLIBRE,2000012122929212,KLES0037,WALLY 1500 INVERTER,1,169190.0,2025-06-30
MERCADOLIBRE,2000012217454220,KLES0037,WALLY 1500 INVERTER,1,169190.0,2025-07-07
MERCADOLIBRE,2000012252376744,KLES0037,WALLY 1500 INVERTER,1,169190.0,2025-07-10
MERCADOLIBRE,2000008177033861,KLES0070,PTC LIFE 2,2,167986.0,2025-06-12
MERCADOLIBRE,2000005507584311,KLES0036,WALLY 1000 INVERTER,1,164990.0,2024-03-11
MERCADOLIBRE,2000005507584317,KLES0036,WALLY 1000 INVERTER,1,164990.0,2024-03-11
MERCADOLIBRE,2000007775492882,KLES0036,WALLY 1000 INVERTER,1,164990.0,2024-03-08
FALABELLA,2066371726,KLES0066,WALLY ONE O 1200,3,164970.0,2023-05-29
MERCADOLIBRE,2000004451756397,KLES0014,CALEFACTOR SECATOALLAS,1,162490.0,2023-05-16
MERCADOLIBRE,2000005657571912,KLES0014,CALEFACTOR SECATOALLAS,1,162490.0,2023-05-15
MERCADOLIBRE,2000005666403584,KLES0014,CALEFACTOR SECATOALLAS,1,162490.0,2023-05-16
MERCADOLIBRE,2000005674247018,KLES0014,CALEFACTOR SECATOALLAS,1,162490.0,2023-05-18
MERCADOLIBRE,2000005692859714,KLES0014,CALEFACTOR SECATOALLAS,1,162490.0,2023-05-21
MERCADOLIBRE,2000005801494200,KLES0036,WALLY 1000 INVERTER,1,161490.0,2024-05-23
MERCADOLIBRE,2000005826699720,KLES0036,WALLY 1000 INVERTER,1,161490.0,2024-05-29
MERCADOLIBRE,2000008473978220,KLES0036,WALLY 1000 INVERTER,1,161490.0,2024-06-08
MERCADOLIBRE,2000007803660759,KLES0037,WALLY 1500 INVERTER,1,160191.0,2025-05-06
FALABELLA,2253305969,KLES0014,CALEFACTOR SECATOALLAS,1,159990.0,2024-06-16
FALABELLA,2527988205,KLES0014,CALEFACTOR SECATOALLAS,1,159990.0,2024-07-19
FALABELLA,2577691821,KLES0014,CALEFACTOR SECATOALLAS,1,159990.0,2024-09-16
RIPLEY,23476823801,KLES0014,CALEFACTOR SECATOALLAS,1,159990.0,2025-04-22
MERCADOLIBRE,2000005553723182,KLES0014,CALEFACTOR SECATOALLAS,1,159990.0,2023-04-29
MERCADOLIBRE,2000005557707356,KLES0014,CALEFACTOR SECATOALLAS,1,159990.0,2023-04-30
MERCADOLIBRE,2000006270986335,KLES0014,CALEFACTOR SECATOALLAS,1,159990.0,2024-09-04
MERCADOLIBRE,2000006270986337,KLES0014,CALEFACTOR SECATOALLAS,1,159990.0,2024-09-04
MERCADOLIBRE,2000006290354933,KLES0014,CALEFACTOR SECATOALLAS,1,159990.0,2024-09-08
MERCADOLIBRE,2000006290354935,KLES0014,CALEFACTOR SECATOALLAS,1,159990.0,2024-09-08
MERCADOLIBRE,2000006372277273,KLES0014,CALEFACTOR SECATOALLAS,1,159990.0,2024-09-26
MERCADOLIBRE,2000006372277275,KLES0014,CALEFACTOR SECATOALLAS,1,159990.0,2024-09-26
MERCADOLIBRE,2000009023839010,KLES0014,CALEFACTOR SECATOALLAS,1,159990.0,2024-08-13
MERCADOLIBRE,2000009235720664,KLES0014,CALEFACTOR SECATOALLAS,1,159990.0,2024-09-07
MERCADOLIBRE,2000009264824076,KLES0014,CALEFACTOR SECATOALLAS,1,159990.0,2024-09-10
MERCADOLIBRE,2000009308553314,KLES0014,CALEFACTOR SECATOALLAS,1,159990.0,2024-09-15
MERCADOLIBRE,2000009330774046,KLES0014,CALEFACTOR SECATOALLAS,1,159990.0,2024-09-18
MERCADOLIBRE,2000009369970062,KLES0014,CALEFACTOR SECATOALLAS,1,159990.0,2024-09-23
MERCADOLIBRE,2000009393804036,KLES0014,CALEFACTOR SECATOALLAS,1,159990.0,2024-09-25
MERCADOLIBRE,2000009396912408,KLES0014,CALEFACTOR SECATOALLAS,1,159990.0,2024-09-26
MERCADOLIBRE,2000012843632393,KLES0014,CALEFACTOR SECATOALLAS,1,159990.0,2026-05-06
MERCADOLIBRE,2000012856137919,KLES0014,CALEFACTOR SECATOALLAS,1,159990.0,2026-05-06
MERCADOLIBRE,2000012856137921,KLES0014,CALEFACTOR SECATOALLAS,1,159990.0,2026-05-06
MERCADOLIBRE,2000012935360013,KLES0014,CALEFACTOR SECATOALLAS,1,159990.0,2026-05-11
MERCADOLIBRE,2000012935360015,KLES0014,CALEFACTOR SECATOALLAS,1,159990.0,2026-05-11
MERCADOLIBRE,2000013171601917,KLES0014,CALEFACTOR SECATOALLAS,1,159990.0,2026-05-26
MERCADOLIBRE,2000013188770445,KLES0014,CALEFACTOR SECATOALLAS,1,159990.0,2026-05-26
MERCADOLIBRE,2000013473115109,KLES0014,CALEFACTOR SECATOALLAS,1,159990.0,2026-06-11
MERCADOLIBRE,2000013494893033,KLES0014,CALEFACTOR SECATOALLAS,1,159990.0,2026-06-12
MERCADOLIBRE,2000013505242133,KLES0014,CALEFACTOR SECATOALLAS,1,159990.0,2026-06-13
MERCADOLIBRE,2000013610682381,KLES0014,CALEFACTOR SECATOALLAS,1,159990.0,2026-06-19
MERCADOLIBRE,2000016631021344,KLES0014,CALEFACTOR SECATOALLAS,1,159990.0,2026-05-27
MERCADOLIBRE,2000016982172706,KLES0014,CALEFACTOR SECATOALLAS,1,159990.0,2026-06-17
MERCADOLIBRE,2000016994789976,KLES0014,CALEFACTOR SECATOALLAS,1,159990.0,2026-06-17
FALABELLA,2591482146,KLEF0091,ENFRIADOR DE AIRE MISTRAL,1,159990.0,2024-10-01
FALABELLA,2597134889,KLEF0091,ENFRIADOR DE AIRE MISTRAL,1,159990.0,2024-10-02
FALABELLA,2642146694,KLEF0091,ENFRIADOR DE AIRE MISTRAL,1,159990.0,2024-11-29
FALABELLA,2651887791,KLEF0091,ENFRIADOR DE AIRE MISTRAL,1,159990.0,2024-12-02
FALABELLA,2665783910,KLEF0091,ENFRIADOR DE AIRE MISTRAL,1,159990.0,2024-12-13
FALABELLA,2670457265,KLEF0091,ENFRIADOR DE AIRE MISTRAL,1,159990.0,2024-12-16
FALABELLA,2679692082,KLEF0091,ENFRIADOR DE AIRE MISTRAL,1,159990.0,2024-12-22
FALABELLA,2683469729,KLEF0091,ENFRIADOR DE AIRE MISTRAL,1,159990.0,2024-12-27
PARIS,2744216370,KLEF0091,ENFRIADOR DE AIRE MISTRAL,1,159990.0,2024-10-02
PARIS,2765859280,KLEF0091,ENFRIADOR DE AIRE MISTRAL,1,159990.0,2024-12-24
PARIS,2766320480,KLEF0091,ENFRIADOR DE AIRE MISTRAL,1,159990.0,2024-12-27
MERCADOLIBRE,2000006932474389,KLEF0091,ENFRIADOR DE AIRE MISTRAL,1,159990.0,2024-12-30
MERCADOLIBRE,2000009994426174,KLEF0091,ENFRIADOR DE AIRE MISTRAL,1,159990.0,2024-11-29
MERCADOLIBRE,2000010022435100,KLEF0091,ENFRIADOR DE AIRE MISTRAL,1,159990.0,2024-12-01
MERCADOLIBRE,2000010322128306,KLEF0091,ENFRIADOR DE AIRE MISTRAL,1,159990.0,2024-12-30
MERCADOLIBRE,2000010328283928,KLEF0091,ENFRIADOR DE AIRE MISTRAL,1,159990.0,2024-12-30
MERCADOLIBRE,2000010335627634,KLEF0091,ENFRIADOR DE AIRE MISTRAL,1,159990.0,2025-01-01
MERCADOLIBRE,2000010419832282,KLEF0091,ENFRIADOR DE AIRE MISTRAL,1,159990.0,2025-01-10
MERCADOLIBRE,2000010421346470,KLEF0091,ENFRIADOR DE AIRE MISTRAL,1,159990.0,2025-01-10
MERCADOLIBRE,2000010430549090,KLEF0091,ENFRIADOR DE AIRE MISTRAL,1,159990.0,2025-01-11
MERCADOLIBRE,2000010430818346,KLEF0091,ENFRIADOR DE AIRE MISTRAL,1,159990.0,2025-01-11
MERCADOLIBRE,2000012695090990,KLES0074,SECATOALLA WIFI,1,159990.0,2026-04-27
MERCADOLIBRE,2000008228782520,KLES0036,WALLY 1000 INVERTER,1,159990.0,2024-05-09
MERCADOLIBRE,2000008242153290,KLES0036,WALLY 1000 INVERTER,1,159990.0,2024-05-10
MERCADOLIBRE,2000008249681090,KLES0036,WALLY 1000 INVERTER,1,159990.0,2024-05-12
MERCADOLIBRE,2000008250041110,KLES0036,WALLY 1000 INVERTER,1,159990.0,2024-05-12
MERCADOLIBRE,2000012785982129,KLES0036,WALLY 1000 INVERTER,1,159990.0,2026-05-03
MERCADOLIBRE,2000012786924769,KLES0036,WALLY 1000 INVERTER,1,159990.0,2026-05-03
MERCADOLIBRE,2000012842065561,KLES0036,WALLY 1000 INVERTER,1,159990.0,2026-05-06
MERCADOLIBRE,2000012845713353,KLES0036,WALLY 1000 INVERTER,1,159990.0,2026-05-06
MERCADOLIBRE,2000012852834527,KLES0036,WALLY 1000 INVERTER,1,159990.0,2026-05-06
MERCADOLIBRE,2000012852834529,KLES0036,WALLY 1000 INVERTER,1,159990.0,2026-05-06
MERCADOLIBRE,2000012890476593,KLES0036,WALLY 1000 INVERTER,1,159990.0,2026-05-08
MERCADOLIBRE,2000012907291859,KLES0036,WALLY 1000 INVERTER,1,159990.0,2026-05-10
MERCADOLIBRE,2000012924768573,KLES0036,WALLY 1000 INVERTER,1,159990.0,2026-05-11
MERCADOLIBRE,2000012958563269,KLES0036,WALLY 1000 INVERTER,1,159990.0,2026-05-13
MERCADOLIBRE,2000012967373293,KLES0036,WALLY 1000 INVERTER,1,159990.0,2026-05-13
MERCADOLIBRE,2000012970247869,KLES0036,WALLY 1000 INVERTER,1,159990.0,2026-05-13
MERCADOLIBRE,2000012972581345,KLES0036,WALLY 1000 INVERTER,1,159990.0,2026-05-13
MERCADOLIBRE,2000012982339641,KLES0036,WALLY 1000 INVERTER,1,159990.0,2026-05-14
MERCADOLIBRE,2000012998924751,KLES0036,WALLY 1000 INVERTER,1,159990.0,2026-05-15
MERCADOLIBRE,2000016244760400,KLES0036,WALLY 1000 INVERTER,1,159990.0,2026-05-02
MERCADOLIBRE,2000016367853930,KLES0036,WALLY 1000 INVERTER,1,159990.0,2026-05-10
MERCADOLIBRE,2000016379358260,KLES0036,WALLY 1000 INVERTER,1,159990.0,2026-05-11
FALABELLA,2194160564,KLES0037,WALLY 1500 INVERTER,1,159990.0,2024-04-15
FALABELLA,2194740829,KLES0037,WALLY 1500 INVERTER,1,159990.0,2024-04-16
FALABELLA,2197185275,KLES0037,WALLY 1500 INVERTER,1,159990.0,2024-04-22
FALABELLA,2197448855,KLES0037,WALLY 1500 INVERTER,1,159990.0,2024-04-23
FALABELLA,2197857593,KLES0037,WALLY 1500 INVERTER,1,159990.0,2024-04-24
FALABELLA,2197920289,KLES0037,WALLY 1500 INVERTER,1,159990.0,2024-04-25
FALABELLA,2198173754,KLES0037,WALLY 1500 INVERTER,1,159990.0,2024-04-25
FALABELLA,2199507373,KLES0037,WALLY 1500 INVERTER,1,159990.0,2024-04-28
FALABELLA,2200346671,KLES0037,WALLY 1500 INVERTER,1,159990.0,2024-04-30
FALABELLA,2200679200,KLES0037,WALLY 1500 INVERTER,1,159990.0,2024-05-01
FALABELLA,2203556158,KLES0037,WALLY 1500 INVERTER,1,159990.0,2024-05-05
MERCADOLIBRE,2000005588890749,KLES0037,WALLY 1500 INVERTER,1,159990.0,2024-04-02
MERCADOLIBRE,2000005589419095,KLES0037,WALLY 1500 INVERTER,1,159990.0,2024-04-02
MERCADOLIBRE,2000005598020915,KLES0037,WALLY 1500 INVERTER,1,159990.0,2024-04-04
MERCADOLIBRE,2000005983313315,KLES0037,WALLY 1500 INVERTER,1,159990.0,2024-07-03
MERCADOLIBRE,2000005995029287,KLES0037,WALLY 1500 INVERTER,1,159990.0,2024-07-06
MERCADOLIBRE,2000005997583285,KLES0037,WALLY 1500 INVERTER,1,159990.0,2024-07-07
MERCADOLIBRE,2000006011091375,KLES0037,WALLY 1500 INVERTER,1,159990.0,2024-07-10
MERCADOLIBRE,2000006011091377,KLES0037,WALLY 1500 INVERTER,1,159990.0,2024-07-10
MERCADOLIBRE,2000006012745563,KLES0037,WALLY 1500 INVERTER,1,159990.0,2024-07-10
MERCADOLIBRE,2000006020933469,KLES0037,WALLY 1500 INVERTER,1,159990.0,2024-07-11
MERCADOLIBRE,2000006024076881,KLES0037,WALLY 1500 INVERTER,1,159990.0,2024-07-12
MERCADOLIBRE,2000007967392616,KLES0037,WALLY 1500 INVERTER,1,159990.0,2024-04-04
MERCADOLIBRE,2000008552704530,KLES0037,WALLY 1500 INVERTER,1,159990.0,2024-06-17
MERCADOLIBRE,2000008574904120,KLES0037,WALLY 1500 INVERTER,1,159990.0,2024-06-20
MERCADOLIBRE,2000008593194080,KLES0037,WALLY 1500 INVERTER,1,159990.0,2024-06-23
MERCADOLIBRE,2000008595778290,KLES0037,WALLY 1500 INVERTER,1,159990.0,2024-06-23
MERCADOLIBRE,2000008622868200,KLES0037,WALLY 1500 INVERTER,1,159990.0,2024-06-26
MERCADOLIBRE,2000008716487648,KLES0037,WALLY 1500 INVERTER,1,159990.0,2024-07-08
MERCADOLIBRE,2000008742758540,KLES0037,WALLY 1500 INVERTER,1,159990.0,2024-07-10
MERCADOLIBRE,2000008761318088,KLES0037,WALLY 1500 INVERTER,1,159990.0,2024-07-12
MERCADOLIBRE,2000008773046356,KLES0037,WALLY 1500 INVERTER,1,159990.0,2024-07-14
MERCADOLIBRE,2000008822971012,KLES0037,WALLY 1500 INVERTER,1,159990.0,2024-07-20
MERCADOLIBRE,2000008841501336,KLES0037,WALLY 1500 INVERTER,1,159990.0,2024-07-22
FALABELLA,2206720385,KLES0071,SKY BLACK,2,159980.0,2024-05-11
FALABELLA,2065878413,KLES0031,WALLY 1000 C,2,159980.0,2023-05-28
FALABELLA,2066193099,KLES0031,WALLY 1000 C,2,159980.0,2023-05-29
FALABELLA,2067885875,KLES0031,WALLY 1000 C,2,159980.0,2023-05-31
MERCADOLIBRE,2000005726935420,KLES0031,WALLY 1000 C,2,159980.0,2024-05-06
MERCADOLIBRE,2000005734512930,KLES0031,WALLY 1000 C,2,159980.0,2024-05-08
MERCADOLIBRE,2000005846722090,KLES0066,WALLY ONE O 1200,2,159980.0,2024-06-03
FALABELLA,2227545403,KLES0067,WALLY ONE O 1800,2,159980.0,2024-06-03
FALABELLA,2231984782,KLES0067,WALLY ONE O 1800,2,159980.0,2024-06-03
RIPLEY,23702378701,KLES0065,WALLY ONE O 600,2,159980.0,2025-06-19
PARIS,3072929840,KLEF0092,MINI VENTILADOR JET,8,159920.0,2025-12-15
MERCADOLIBRE,2000015906645520,KLES0014,CALEFACTOR SECATOALLAS,1,159416.0,2026-04-09
MERCADOLIBRE,2000012679405020,KLES0014,CALEFACTOR SECATOALLAS,1,158391.0,2026-04-25
MERCADOLIBRE,2000016041891280,KLES0014,CALEFACTOR SECATOALLAS,1,158391.0,2026-04-18
MERCADOLIBRE,2000016136440130,KLES0014,CALEFACTOR SECATOALLAS,1,158391.0,2026-04-25
MERCADOLIBRE,2000013243865693,KLES0087,CONVECTOR ELECTRICO APOLO 1500 INVERTER,1,158391.0,2026-05-30
MERCADOLIBRE,2000016646359698,KLES0087,CONVECTOR ELECTRICO APOLO 1500 INVERTER,1,158391.0,2026-05-28
MERCADOLIBRE,2000010131314637,KLCP0002,KALTEMP 5 X 8,1,156591.0,2025-11-21
MERCADOLIBRE,2000010160861407,KLCP0002,KALTEMP 5 X 8,1,156591.0,2025-11-23
MERCADOLIBRE,2000010412674625,KLCP0002,KALTEMP 5 X 8,1,156591.0,2025-12-06
MERCADOLIBRE,2000010430499375,KLCP0002,KALTEMP 5 X 8,1,156591.0,2025-12-07
MERCADOLIBRE,2000010474803501,KLCP0002,KALTEMP 5 X 8,1,156591.0,2025-12-09
MERCADOLIBRE,2000010519958453,KLCP0002,KALTEMP 5 X 8,1,156591.0,2025-12-12
MERCADOLIBRE,2000010710535909,KLCP0002,KALTEMP 5 X 8,1,156591.0,2025-12-22
MERCADOLIBRE,2000010744595375,KLCP0002,KALTEMP 5 X 8,1,156591.0,2025-12-25
MERCADOLIBRE,2000014368375142,KLCP0002,KALTEMP 5 X 8,1,156591.0,2025-12-18
MERCADOLIBRE,2000012517676210,KLES0065,WALLY ONE O 600,2,156420.0,2026-04-14
MERCADOLIBRE,2000007792279049,KLES0070,PTC LIFE 2,2,155986.0,2025-05-05
MERCADOLIBRE,2000012318820100,KLES0065,WALLY ONE O 600,2,155180.0,2026-04-01
MERCADOLIBRE,2000005761950360,KLES0014,CALEFACTOR SECATOALLAS,1,154990.0,2024-05-14
MERCADOLIBRE,2000008265362670,KLES0014,CALEFACTOR SECATOALLAS,1,154990.0,2024-05-14
MERCADOLIBRE,2000007167638169,KLEF0091,ENFRIADOR DE AIRE MISTRAL,1,154990.0,2025-02-09
MERCADOLIBRE,2000010668627368,KLEF0091,ENFRIADOR DE AIRE MISTRAL,1,154990.0,2025-02-05
MERCADOLIBRE,2000010671925138,KLEF0091,ENFRIADOR DE AIRE MISTRAL,1,154990.0,2025-02-06
MERCADOLIBRE,2000010675729604,KLEF0091,ENFRIADOR DE AIRE MISTRAL,1,154990.0,2025-02-06
MERCADOLIBRE,2000010690931022,KLEF0091,ENFRIADOR DE AIRE MISTRAL,1,154990.0,2025-02-07
MERCADOLIBRE,2000010701526468,KLEF0091,ENFRIADOR DE AIRE MISTRAL,1,154990.0,2025-02-09
MERCADOLIBRE,2000010702023220,KLEF0091,ENFRIADOR DE AIRE MISTRAL,1,154990.0,2025-02-09
MERCADOLIBRE,2000010722654144,KLEF0091,ENFRIADOR DE AIRE MISTRAL,1,154990.0,2025-02-11
MERCADOLIBRE,2000010752129456,KLEF0091,ENFRIADOR DE AIRE MISTRAL,1,154990.0,2025-02-13
MERCADOLIBRE,2000010927591530,KLEF0091,ENFRIADOR DE AIRE MISTRAL,1,154990.0,2025-03-05
MERCADOLIBRE,2000008296087669,KLES0036,WALLY 1000 INVERTER,1,153993.0,2025-06-25
MERCADOLIBRE,2000011054997128,KLEF0091,ENFRIADOR DE AIRE MISTRAL,1,153689.0,2025-03-17
MERCADOLIBRE,2000007435633793,KLES0014,CALEFACTOR SECATOALLAS,1,152991.0,2025-03-22
MERCADOLIBRE,2000007436929333,KLES0014,CALEFACTOR SECATOALLAS,1,152991.0,2025-03-22
MERCADOLIBRE,2000007442800497,KLES0014,CALEFACTOR SECATOALLAS,1,152991.0,2025-03-23
MERCADOLIBRE,2000007444814537,KLES0014,CALEFACTOR SECATOALLAS,1,152991.0,2025-03-24
MERCADOLIBRE,2000007470686889,KLES0014,CALEFACTOR SECATOALLAS,1,152991.0,2025-03-27
MERCADOLIBRE,2000007470686891,KLES0014,CALEFACTOR SECATOALLAS,1,152991.0,2025-03-27
MERCADOLIBRE,2000007486532597,KLES0014,CALEFACTOR SECATOALLAS,1,152991.0,2025-03-29
MERCADOLIBRE,2000007490115307,KLES0014,CALEFACTOR SECATOALLAS,1,152991.0,2025-03-30
MERCADOLIBRE,2000007490115311,KLES0014,CALEFACTOR SECATOALLAS,1,152991.0,2025-03-30
MERCADOLIBRE,2000007493671879,KLES0014,CALEFACTOR SECATOALLAS,1,152991.0,2025-03-30
MERCADOLIBRE,2000007500753129,KLES0014,CALEFACTOR SECATOALLAS,1,152991.0,2025-03-31
MERCADOLIBRE,2000007503059571,KLES0014,CALEFACTOR SECATOALLAS,1,152991.0,2025-03-31
MERCADOLIBRE,2000007855555949,KLES0037,WALLY 1500 INVERTER,1,152991.0,2025-05-12
MERCADOLIBRE,2000007856569417,KLES0037,WALLY 1500 INVERTER,1,152991.0,2025-05-12
MERCADOLIBRE,2000007872014285,KLES0037,WALLY 1500 INVERTER,1,152991.0,2025-05-13
MERCADOLIBRE,2000007877458751,KLES0037,WALLY 1500 INVERTER,1,152991.0,2025-05-14
MERCADOLIBRE,2000007877458753,KLES0037,WALLY 1500 INVERTER,1,152991.0,2025-05-14
MERCADOLIBRE,2000007877458755,KLES0037,WALLY 1500 INVERTER,1,152991.0,2025-05-14
MERCADOLIBRE,2000007877458757,KLES0037,WALLY 1500 INVERTER,1,152991.0,2025-05-14
MERCADOLIBRE,2000007886674833,KLES0037,WALLY 1500 INVERTER,1,152991.0,2025-05-15
MERCADOLIBRE,2000007910226951,KLES0037,WALLY 1500 INVERTER,1,152991.0,2025-05-18
MERCADOLIBRE,2000007930658893,KLES0037,WALLY 1500 INVERTER,1,152991.0,2025-05-20
MERCADOLIBRE,2000007970743969,KLES0037,WALLY 1500 INVERTER,1,152991.0,2025-05-24
MERCADOLIBRE,2000007998890209,KLES0037,WALLY 1500 INVERTER,1,152991.0,2025-05-27
MERCADOLIBRE,2000008017621699,KLES0037,WALLY 1500 INVERTER,1,152991.0,2025-05-29
MERCADOLIBRE,2000008036272037,KLES0037,WALLY 1500 INVERTER,1,152991.0,2025-05-31
MERCADOLIBRE,2000008717790685,KLES0037,WALLY 1500 INVERTER,1,152991.0,2025-08-03
MERCADOLIBRE,2000008725050053,KLES0037,WALLY 1500 INVERTER,1,152991.0,2025-08-04
MERCADOLIBRE,2000008729027547,KLES0037,WALLY 1500 INVERTER,1,152991.0,2025-08-04
MERCADOLIBRE,2000008757074821,KLES0037,WALLY 1500 INVERTER,1,152991.0,2025-08-06
MERCADOLIBRE,2000011603917514,KLES0037,WALLY 1500 INVERTER,1,152991.0,2025-05-14
MERCADOLIBRE,2000011638393982,KLES0037,WALLY 1500 INVERTER,1,152991.0,2025-05-17
MERCADOLIBRE,2000011644334524,KLES0037,WALLY 1500 INVERTER,1,152991.0,2025-05-17
MERCADOLIBRE,2000011671941856,KLES0037,WALLY 1500 INVERTER,1,152991.0,2025-05-20
MERCADOLIBRE,2000011721321254,KLES0037,WALLY 1500 INVERTER,1,152991.0,2025-05-25
MERCADOLIBRE,2000011733381600,KLES0037,WALLY 1500 INVERTER,1,152991.0,2025-05-26
MERCADOLIBRE,2000011740572924,KLES0037,WALLY 1500 INVERTER,1,152991.0,2025-05-27
MERCADOLIBRE,2000008814204566,KLES0036,WALLY 1000 INVERTER,1,152156.0,2024-07-19
MERCADOLIBRE,2000013613245617,KLES0087,CONVECTOR ELECTRICO APOLO 1500 INVERTER,1,150471.0,2026-06-20
MERCADOLIBRE,2000013319220993,KLES0088,CONVECTOR ELECTRICO APOLO 2000 INVERTER,1,150016.0,2026-06-03
MERCADOLIBRE,2000013322509553,KLES0088,CONVECTOR ELECTRICO APOLO 2000 INVERTER,1,150016.0,2026-06-03
MERCADOLIBRE,2000013330049269,KLES0088,CONVECTOR ELECTRICO APOLO 2000 INVERTER,1,150016.0,2026-06-03
MERCADOLIBRE,2000013330049271,KLES0088,CONVECTOR ELECTRICO APOLO 2000 INVERTER,1,150016.0,2026-06-03
MERCADOLIBRE,2000013411298693,KLES0088,CONVECTOR ELECTRICO APOLO 2000 INVERTER,1,150016.0,2026-06-08
MERCADOLIBRE,2000013461737957,KLES0088,CONVECTOR ELECTRICO APOLO 2000 INVERTER,1,150016.0,2026-06-10
MERCADOLIBRE,2000013479041937,KLES0088,CONVECTOR ELECTRICO APOLO 2000 INVERTER,1,150016.0,2026-06-11
MERCADOLIBRE,2000013488255651,KLES0088,CONVECTOR ELECTRICO APOLO 2000 INVERTER,1,150016.0,2026-06-12
MERCADOLIBRE,2000013510917243,KLES0088,CONVECTOR ELECTRICO APOLO 2000 INVERTER,1,150016.0,2026-06-14
MERCADOLIBRE,2000013524399709,KLES0088,CONVECTOR ELECTRICO APOLO 2000 INVERTER,1,150016.0,2026-06-15
MERCADOLIBRE,2000013528116325,KLES0088,CONVECTOR ELECTRICO APOLO 2000 INVERTER,1,150016.0,2026-06-15
MERCADOLIBRE,2000013530599405,KLES0088,CONVECTOR ELECTRICO APOLO 2000 INVERTER,1,150016.0,2026-06-15
MERCADOLIBRE,2000013541966265,KLES0088,CONVECTOR ELECTRICO APOLO 2000 INVERTER,1,150016.0,2026-06-15
MERCADOLIBRE,2000013568397617,KLES0088,CONVECTOR ELECTRICO APOLO 2000 INVERTER,1,150016.0,2026-06-17
MERCADOLIBRE,2000013577787101,KLES0088,CONVECTOR ELECTRICO APOLO 2000 INVERTER,1,150016.0,2026-06-17
MERCADOLIBRE,2000013579522685,KLES0088,CONVECTOR ELECTRICO APOLO 2000 INVERTER,1,150016.0,2026-06-17
MERCADOLIBRE,2000013592934321,KLES0088,CONVECTOR ELECTRICO APOLO 2000 INVERTER,1,150016.0,2026-06-18
MERCADOLIBRE,2000013603467307,KLES0088,CONVECTOR ELECTRICO APOLO 2000 INVERTER,1,150016.0,2026-06-19
MERCADOLIBRE,2000013606254029,KLES0088,CONVECTOR ELECTRICO APOLO 2000 INVERTER,1,150016.0,2026-06-19
MERCADOLIBRE,2000013626026515,KLES0088,CONVECTOR ELECTRICO APOLO 2000 INVERTER,1,150016.0,2026-06-21
MERCADOLIBRE,2000013773508697,KLES0088,CONVECTOR ELECTRICO APOLO 2000 INVERTER,1,150016.0,2026-06-30
MERCADOLIBRE,2000016728761780,KLES0088,CONVECTOR ELECTRICO APOLO 2000 INVERTER,1,150016.0,2026-06-01
MERCADOLIBRE,2000016762117194,KLES0088,CONVECTOR ELECTRICO APOLO 2000 INVERTER,1,150016.0,2026-06-03
MERCADOLIBRE,2000016854239102,KLES0088,CONVECTOR ELECTRICO APOLO 2000 INVERTER,1,150016.0,2026-06-09
MERCADOLIBRE,2000016894576684,KLES0088,CONVECTOR ELECTRICO APOLO 2000 INVERTER,1,150016.0,2026-06-11
MERCADOLIBRE,2000016942199492,KLES0088,CONVECTOR ELECTRICO APOLO 2000 INVERTER,1,150016.0,2026-06-14
MERCADOLIBRE,2000016738650808,KLES0089,CONVECTOR ELECTRICO APOLO FABRICS 1500 INVERTER,1,150016.0,2026-06-02
MERCADOLIBRE,2000010624602517,KLEF0091,ENFRIADOR DE AIRE MISTRAL,1,149993.0,2025-12-17
MERCADOLIBRE,2000010676695383,KLEF0091,ENFRIADOR DE AIRE MISTRAL,1,149993.0,2025-12-20
MERCADOLIBRE,2000010691472365,KLEF0091,ENFRIADOR DE AIRE MISTRAL,1,149993.0,2025-12-21
MERCADOLIBRE,2000014392415814,KLEF0091,ENFRIADOR DE AIRE MISTRAL,1,149993.0,2025-12-19
MERCADOLIBRE,2000007096608917,KLEF0091,ENFRIADOR DE AIRE MISTRAL,1,149992.0,2025-01-28
MERCADOLIBRE,2000007096608919,KLEF0091,ENFRIADOR DE AIRE MISTRAL,1,149992.0,2025-01-28
MERCADOLIBRE,2000007096608921,KLEF0091,ENFRIADOR DE AIRE MISTRAL,1,149992.0,2025-01-28
MERCADOLIBRE,2000007096608923,KLEF0091,ENFRIADOR DE AIRE MISTRAL,1,149992.0,2025-01-28
MERCADOLIBRE,2000007206834149,KLEF0091,ENFRIADOR DE AIRE MISTRAL,1,149992.0,2025-02-15
MERCADOLIBRE,2000007234584851,KLEF0091,ENFRIADOR DE AIRE MISTRAL,1,149992.0,2025-02-20
MERCADOLIBRE,2000007235165185,KLEF0091,ENFRIADOR DE AIRE MISTRAL,1,149992.0,2025-02-20
MERCADOLIBRE,2000007264811453,KLEF0091,ENFRIADOR DE AIRE MISTRAL,1,149992.0,2025-02-25
MERCADOLIBRE,2000007264937761,KLEF0091,ENFRIADOR DE AIRE MISTRAL,1,149992.0,2025-02-25
MERCADOLIBRE,2000010403881096,KLEF0091,ENFRIADOR DE AIRE MISTRAL,1,149992.0,2025-01-08
MERCADOLIBRE,2000010423323536,KLEF0091,ENFRIADOR DE AIRE MISTRAL,1,149992.0,2025-01-10
MERCADOLIBRE,2000010558504248,KLEF0091,ENFRIADOR DE AIRE MISTRAL,1,149992.0,2025-01-24
MERCADOLIBRE,2000010572457002,KLEF0091,ENFRIADOR DE AIRE MISTRAL,1,149992.0,2025-01-26
MERCADOLIBRE,2000010590953782,KLEF0091,ENFRIADOR DE AIRE MISTRAL,1,149992.0,2025-01-28
MERCADOLIBRE,2000010600846570,KLEF0091,ENFRIADOR DE AIRE MISTRAL,1,149992.0,2025-01-29
MERCADOLIBRE,2000010615068794,KLEF0091,ENFRIADOR DE AIRE MISTRAL,1,149992.0,2025-01-31
MERCADOLIBRE,2000010788402522,KLEF0091,ENFRIADOR DE AIRE MISTRAL,1,149992.0,2025-02-17
FALABELLA,2198531035,KLES0014,CALEFACTOR SECATOALLAS,1,149990.0,2024-04-26
FALABELLA,2199048175,KLES0014,CALEFACTOR SECATOALLAS,1,149990.0,2024-04-27
FALABELLA,2199598188,KLES0014,CALEFACTOR SECATOALLAS,1,149990.0,2024-04-29
FALABELLA,2199937204,KLES0014,CALEFACTOR SECATOALLAS,1,149990.0,2024-04-29
FALABELLA,2201332632,KLES0014,CALEFACTOR SECATOALLAS,1,149990.0,2024-05-02
FALABELLA,2201464630,KLES0014,CALEFACTOR SECATOALLAS,1,149990.0,2024-05-02
FALABELLA,2201556906,KLES0014,CALEFACTOR SECATOALLAS,1,149990.0,2024-05-02
FALABELLA,2207135730,KLES0014,CALEFACTOR SECATOALLAS,1,149990.0,2024-05-12
FALABELLA,2208245536,KLES0014,CALEFACTOR SECATOALLAS,1,149990.0,2024-05-14
FALABELLA,2210458939,KLES0014,CALEFACTOR SECATOALLAS,1,149990.0,2024-05-16
FALABELLA,2210791194,KLES0014,CALEFACTOR SECATOALLAS,1,149990.0,2024-05-17
FALABELLA,2212466493,KLES0014,CALEFACTOR SECATOALLAS,1,149990.0,2024-05-19
FALABELLA,2213403307,KLES0014,CALEFACTOR SECATOALLAS,1,149990.0,2024-05-20
FALABELLA,2217235626,KLES0014,CALEFACTOR SECATOALLAS,1,149990.0,2024-05-24
FALABELLA,2219419560,KLES0014,CALEFACTOR SECATOALLAS,1,149990.0,2024-05-25
FALABELLA,2223195261,KLES0014,CALEFACTOR SECATOALLAS,1,149990.0,2024-05-29
FALABELLA,2225106707,KLES0014,CALEFACTOR SECATOALLAS,1,149990.0,2024-05-30
FALABELLA,2603484838,KLES0014,CALEFACTOR SECATOALLAS,1,149990.0,2024-10-10
FALABELLA,2607950644,KLES0014,CALEFACTOR SECATOALLAS,1,149990.0,2024-10-17
PARIS,3008175550,KLES0014,CALEFACTOR SECATOALLAS,1,149990.0,2025-05-03
PARIS,3009147340,KLES0014,CALEFACTOR SECATOALLAS,1,149990.0,2025-05-07
PARIS,3018400391,KLES0014,CALEFACTOR SECATOALLAS,1,149990.0,2025-06-02
PARIS,3019574481,KLES0014,CALEFACTOR SECATOALLAS,1,149990.0,2025-06-03
PARIS,3028607570,KLES0014,CALEFACTOR SECATOALLAS,1,149990.0,2025-06-30
MERCADOLIBRE,2000005322905305,KLES0014,CALEFACTOR SECATOALLAS,1,149990.0,2024-01-22
MERCADOLIBRE,2000005331071559,KLES0014,CALEFACTOR SECATOALLAS,1,149990.0,2024-01-24
MERCADOLIBRE,2000005374225819,KLES0014,CALEFACTOR SECATOALLAS,1,149990.0,2024-02-05
MERCADOLIBRE,2000005374225821,KLES0014,CALEFACTOR SECATOALLAS,1,149990.0,2024-02-05
MERCADOLIBRE,2000005374225823,KLES0014,CALEFACTOR SECATOALLAS,1,149990.0,2024-02-05
MERCADOLIBRE,2000005395426099,KLES0014,CALEFACTOR SECATOALLAS,1,149990.0,2024-02-10
MERCADOLIBRE,2000005395426101,KLES0014,CALEFACTOR SECATOALLAS,1,149990.0,2024-02-10
MERCADOLIBRE,2000005399559363,KLES0014,CALEFACTOR SECATOALLAS,1,149990.0,2024-02-11
MERCADOLIBRE,2000005412481901,KLES0014,CALEFACTOR SECATOALLAS,1,149990.0,2024-02-15
MERCADOLIBRE,2000005416719569,KLES0014,CALEFACTOR SECATOALLAS,1,149990.0,2024-02-16
MERCADOLIBRE,2000005695336715,KLES0014,CALEFACTOR SECATOALLAS,1,149990.0,2024-04-28
MERCADOLIBRE,2000005785388220,KLES0014,CALEFACTOR SECATOALLAS,1,149990.0,2024-05-19
MERCADOLIBRE,2000005804615830,KLES0014,CALEFACTOR SECATOALLAS,1,149990.0,2024-05-23
MERCADOLIBRE,2000007402932470,KLES0014,CALEFACTOR SECATOALLAS,1,149990.0,2024-01-17
MERCADOLIBRE,2000007457946588,KLES0014,CALEFACTOR SECATOALLAS,1,149990.0,2024-01-25
MERCADOLIBRE,2000007526056678,KLES0014,CALEFACTOR SECATOALLAS,1,149990.0,2024-02-03
MERCADOLIBRE,2000007567087966,KLES0014,CALEFACTOR SECATOALLAS,1,149990.0,2024-02-08
MERCADOLIBRE,2000007599390534,KLES0014,CALEFACTOR SECATOALLAS,1,149990.0,2024-02-13
MERCADOLIBRE,2000008136433000,KLES0014,CALEFACTOR SECATOALLAS,1,149990.0,2024-04-27
MERCADOLIBRE,2000008144766822,KLES0014,CALEFACTOR SECATOALLAS,1,149990.0,2024-04-28
MERCADOLIBRE,2000008146493212,KLES0014,CALEFACTOR SECATOALLAS,1,149990.0,2024-04-28
MERCADOLIBRE,2000008228865260,KLES0014,CALEFACTOR SECATOALLAS,1,149990.0,2024-05-09
MERCADOLIBRE,2000008232909770,KLES0014,CALEFACTOR SECATOALLAS,1,149990.0,2024-05-09
MERCADOLIBRE,2000008245296710,KLES0014,CALEFACTOR SECATOALLAS,1,149990.0,2024-05-11
MERCADOLIBRE,2000008327942530,KLES0014,CALEFACTOR SECATOALLAS,1,149990.0,2024-05-21
MERCADOLIBRE,2000008332254290,KLES0014,CALEFACTOR SECATOALLAS,1,149990.0,2024-05-21
MERCADOLIBRE,2000008333411910,KLES0014,CALEFACTOR SECATOALLAS,1,149990.0,2024-05-21
MERCADOLIBRE,2000008333894800,KLES0014,CALEFACTOR SECATOALLAS,1,149990.0,2024-05-21
MERCADOLIBRE,2000008349421030,KLES0014,CALEFACTOR SECATOALLAS,1,149990.0,2024-05-23
MERCADOLIBRE,2000008352234310,KLES0014,CALEFACTOR SECATOALLAS,1,149990.0,2024-05-23
MERCADOLIBRE,2000008357534190,KLES0014,CALEFACTOR SECATOALLAS,1,149990.0,2024-05-24
MERCADOLIBRE,2000008361660930,KLES0014,CALEFACTOR SECATOALLAS,1,149990.0,2024-05-25
MERCADOLIBRE,2000008367924340,KLES0014,CALEFACTOR SECATOALLAS,1,149990.0,2024-05-26
MERCADOLIBRE,2000008370237110,KLES0014,CALEFACTOR SECATOALLAS,1,149990.0,2024-05-26
MERCADOLIBRE,2000008374758180,KLES0014,CALEFACTOR SECATOALLAS,1,149990.0,2024-05-27
MERCADOLIBRE,2000008375647270,KLES0014,CALEFACTOR SECATOALLAS,1,149990.0,2024-05-27
MERCADOLIBRE,2000008378657480,KLES0014,CALEFACTOR SECATOALLAS,1,149990.0,2024-05-27
MERCADOLIBRE,2000008385555990,KLES0014,CALEFACTOR SECATOALLAS,1,149990.0,2024-05-28
MERCADOLIBRE,2000008411627020,KLES0014,CALEFACTOR SECATOALLAS,1,149990.0,2024-05-31
MERCADOLIBRE,2000008604088260,KLES0014,CALEFACTOR SECATOALLAS,1,149990.0,2024-06-24
MERCADOLIBRE,2000008648788360,KLES0014,CALEFACTOR SECATOALLAS,1,149990.0,2024-06-30
MERCADOLIBRE,2000012446506140,KLES0014,CALEFACTOR SECATOALLAS,1,149990.0,2026-04-10
MERCADOLIBRE,2000012582701040,KLES0014,CALEFACTOR SECATOALLAS,1,149990.0,2026-04-19
MERCADOLIBRE,2000013315018565,KLES0014,CALEFACTOR SECATOALLAS,1,149990.0,2026-06-02
MERCADOLIBRE,2000013316528373,KLES0014,CALEFACTOR SECATOALLAS,1,149990.0,2026-06-02
MERCADOLIBRE,2000013397642499,KLES0014,CALEFACTOR SECATOALLAS,1,149990.0,2026-06-07
MERCADOLIBRE,2000015889386250,KLES0014,CALEFACTOR SECATOALLAS,1,149990.0,2026-04-08
MERCADOLIBRE,2000016722457252,KLES0014,CALEFACTOR SECATOALLAS,1,149990.0,2026-06-01
MERCADOLIBRE,2000016768382260,KLES0014,CALEFACTOR SECATOALLAS,1,149990.0,2026-06-03
MERCADOLIBRE,2000016781607602,KLES0014,CALEFACTOR SECATOALLAS,1,149990.0,2026-06-04
MERCADOLIBRE,2000016812526090,KLES0014,CALEFACTOR SECATOALLAS,1,149990.0,2026-06-06
MERCADOLIBRE,2000016819335732,KLES0014,CALEFACTOR SECATOALLAS,1,149990.0,2026-06-07
FALABELLA,2590472389,KLEF0091,ENFRIADOR DE AIRE MISTRAL,1,149990.0,2024-09-30
PARIS,2773515940,KLEF0091,ENFRIADOR DE AIRE MISTRAL,1,149990.0,2025-02-10
PARIS,3082675020,KLEF0091,ENFRIADOR DE AIRE MISTRAL,1,149990.0,2026-01-31
RIPLEY,24070969401,KLEF0091,ENFRIADOR DE AIRE MISTRAL,1,149990.0,2025-10-18
RIPLEY,24239376101,KLEF0091,ENFRIADOR DE AIRE MISTRAL,1,149990.0,2025-12-11
RIPLEY,24318008401,KLEF0091,ENFRIADOR DE AIRE MISTRAL,1,149990.0,2025-12-31
RIPLEY,24320044801,KLEF0091,ENFRIADOR DE AIRE MISTRAL,1,149990.0,2026-01-01
MERCADOLIBRE,2000007137317605,KLEF0091,ENFRIADOR DE AIRE MISTRAL,1,149990.0,2025-02-04
MERCADOLIBRE,2000010632493378,KLEF0091,ENFRIADOR DE AIRE MISTRAL,1,149990.0,2025-02-02
MERCADOLIBRE,2000008186923711,KLES0074,SECATOALLA WIFI,1,149990.0,2025-06-13
MERCADOLIBRE,2000008189511093,KLES0074,SECATOALLA WIFI,1,149990.0,2025-06-14
MERCADOLIBRE,2000008206705773,KLES0074,SECATOALLA WIFI,1,149990.0,2025-06-16
MERCADOLIBRE,2000008210234285,KLES0074,SECATOALLA WIFI,1,149990.0,2025-06-16
MERCADOLIBRE,2000008229853345,KLES0074,SECATOALLA WIFI,1,149990.0,2025-06-18
MERCADOLIBRE,2000008251708301,KLES0074,SECATOALLA WIFI,1,149990.0,2025-06-20
MERCADOLIBRE,2000008251708315,KLES0074,SECATOALLA WIFI,1,149990.0,2025-06-20
MERCADOLIBRE,2000008263204311,KLES0074,SECATOALLA WIFI,1,149990.0,2025-06-21
MERCADOLIBRE,2000011077909401,KLES0074,SECATOALLA WIFI,1,149990.0,2026-01-16
MERCADOLIBRE,2000011431171601,KLES0074,SECATOALLA WIFI,1,149990.0,2026-02-06
MERCADOLIBRE,2000011431171603,KLES0074,SECATOALLA WIFI,1,149990.0,2026-02-06
MERCADOLIBRE,2000011573184633,KLES0074,SECATOALLA WIFI,1,149990.0,2026-02-15
FALABELLA,2606258826,KLES0036,WALLY 1000 INVERTER,1,149990.0,2024-10-15
PARIS,3003914200,KLES0036,WALLY 1000 INVERTER,1,149990.0,2025-04-09
MERCADOLIBRE,2000005608467025,KLES0036,WALLY 1000 INVERTER,1,149990.0,2024-04-07
MERCADOLIBRE,2000005608467027,KLES0036,WALLY 1000 INVERTER,1,149990.0,2024-04-07
MERCADOLIBRE,2000005608467029,KLES0036,WALLY 1000 INVERTER,1,149990.0,2024-04-07
MERCADOLIBRE,2000005624030609,KLES0036,WALLY 1000 INVERTER,1,149990.0,2024-04-10
MERCADOLIBRE,2000005624030611,KLES0036,WALLY 1000 INVERTER,1,149990.0,2024-04-10
MERCADOLIBRE,2000005628884137,KLES0036,WALLY 1000 INVERTER,1,149990.0,2024-04-11
MERCADOLIBRE,2000005633046511,KLES0036,WALLY 1000 INVERTER,1,149990.0,2024-04-12
MERCADOLIBRE,2000005633471341,KLES0036,WALLY 1000 INVERTER,1,149990.0,2024-04-12
MERCADOLIBRE,2000005997583283,KLES0036,WALLY 1000 INVERTER,1,149990.0,2024-07-07
MERCADOLIBRE,2000006024886431,KLES0036,WALLY 1000 INVERTER,1,149990.0,2024-07-12
MERCADOLIBRE,2000007205219195,KLES0036,WALLY 1000 INVERTER,1,149990.0,2025-02-15
MERCADOLIBRE,2000007970788626,KLES0036,WALLY 1000 INVERTER,1,149990.0,2024-04-04
MERCADOLIBRE,2000007987638644,KLES0036,WALLY 1000 INVERTER,1,149990.0,2024-04-07
MERCADOLIBRE,2000007996955801,KLES0036,WALLY 1000 INVERTER,1,149990.0,2025-05-27
MERCADOLIBRE,2000008039044698,KLES0036,WALLY 1000 INVERTER,1,149990.0,2024-04-14
MERCADOLIBRE,2000008050195758,KLES0036,WALLY 1000 INVERTER,1,149990.0,2024-04-15
MERCADOLIBRE,2000008054373258,KLES0036,WALLY 1000 INVERTER,1,149990.0,2024-04-16
MERCADOLIBRE,2000008060126832,KLES0036,WALLY 1000 INVERTER,1,149990.0,2024-04-16
MERCADOLIBRE,2000008068031164,KLES0036,WALLY 1000 INVERTER,1,149990.0,2024-04-17
MERCADOLIBRE,2000008099851060,KLES0036,WALLY 1000 INVERTER,1,149990.0,2024-04-22
MERCADOLIBRE,2000008140370930,KLES0036,WALLY 1000 INVERTER,1,149990.0,2024-04-27
MERCADOLIBRE,2000008142444424,KLES0036,WALLY 1000 INVERTER,1,149990.0,2024-04-28
MERCADOLIBRE,2000008184435570,KLES0036,WALLY 1000 INVERTER,1,149990.0,2024-05-03
MERCADOLIBRE,2000008569074910,KLES0036,WALLY 1000 INVERTER,1,149990.0,2024-06-19
MERCADOLIBRE,2000008614993930,KLES0036,WALLY 1000 INVERTER,1,149990.0,2024-06-25
MERCADOLIBRE,2000008695604134,KLES0036,WALLY 1000 INVERTER,1,149990.0,2024-07-05
MERCADOLIBRE,2000008712536312,KLES0036,WALLY 1000 INVERTER,1,149990.0,2024-07-07
MERCADOLIBRE,2000008741963510,KLES0036,WALLY 1000 INVERTER,1,149990.0,2024-07-10
MERCADOLIBRE,2000008750003952,KLES0036,WALLY 1000 INVERTER,1,149990.0,2024-07-11
MERCADOLIBRE,2000008901171328,KLES0036,WALLY 1000 INVERTER,1,149990.0,2024-07-30
MERCADOLIBRE,2000011724791854,KLES0036,WALLY 1000 INVERTER,1,149990.0,2025-05-26
MERCADOLIBRE,2000012315054950,KLES0036,WALLY 1000 INVERTER,1,149990.0,2026-04-01
MERCADOLIBRE,2000012318520620,KLES0036,WALLY 1000 INVERTER,1,149990.0,2026-04-01
MERCADOLIBRE,2000012324193690,KLES0036,WALLY 1000 INVERTER,1,149990.0,2026-04-02
MERCADOLIBRE,2000012329499360,KLES0036,WALLY 1000 INVERTER,1,149990.0,2026-04-02
MERCADOLIBRE,2000012349233140,KLES0036,WALLY 1000 INVERTER,1,149990.0,2026-04-03
MERCADOLIBRE,2000012358125270,KLES0036,WALLY 1000 INVERTER,1,149990.0,2026-04-04
MERCADOLIBRE,2000012378032020,KLES0036,WALLY 1000 INVERTER,1,149990.0,2026-04-06
MERCADOLIBRE,2000012394643660,KLES0036,WALLY 1000 INVERTER,1,149990.0,2026-04-07
MERCADOLIBRE,2000012459902640,KLES0036,WALLY 1000 INVERTER,1,149990.0,2026-04-11
MERCADOLIBRE,2000012522327910,KLES0036,WALLY 1000 INVERTER,1,149990.0,2026-04-15
MERCADOLIBRE,2000015930776910,KLES0036,WALLY 1000 INVERTER,1,149990.0,2026-04-10
MERCADOLIBRE,2000015974098700,KLES0036,WALLY 1000 INVERTER,1,149990.0,2026-04-14
MERCADOLIBRE,2000016022137200,KLES0036,WALLY 1000 INVERTER,1,149990.0,2026-04-16
FALABELLA,2083469932,KLES0031,WALLY 1000 C,2,149980.0,2023-08-11
FALABELLA,2085600730,KLES0031,WALLY 1000 C,2,149980.0,2023-08-21
FALABELLA,2087105022,KLES0031,WALLY 1000 C,2,149980.0,2023-08-27
FALABELLA,2232257310,KLES0031,WALLY 1000 C,2,149980.0,2024-06-03
PARIS,3022198674,KLES0066,WALLY ONE O 1200,2,149980.0,2025-06-04
FALABELLA,2227437349,KLES0067,WALLY ONE O 1800,2,149980.0,2024-06-03
FALABELLA,2232375141,KLES0067,WALLY ONE O 1800,2,149980.0,2024-06-03
FALABELLA,2235035011,KLES0067,WALLY ONE O 1800,2,149980.0,2024-06-04
MERCADOLIBRE,2000007870442249,KLES0014,CALEFACTOR SECATOALLAS,1,149391.0,2025-05-13
MERCADOLIBRE,2000007870442251,KLES0014,CALEFACTOR SECATOALLAS,1,149391.0,2025-05-13
MERCADOLIBRE,2000007870456895,KLES0014,CALEFACTOR SECATOALLAS,1,149391.0,2025-05-13
MERCADOLIBRE,2000007871396541,KLES0014,CALEFACTOR SECATOALLAS,1,149391.0,2025-05-13
MERCADOLIBRE,2000007874257441,KLES0014,CALEFACTOR SECATOALLAS,1,149391.0,2025-05-14
MERCADOLIBRE,2000007882507291,KLES0014,CALEFACTOR SECATOALLAS,1,149391.0,2025-05-14
MERCADOLIBRE,2000007882841401,KLES0014,CALEFACTOR SECATOALLAS,1,149391.0,2025-05-14
MERCADOLIBRE,2000007886669239,KLES0014,CALEFACTOR SECATOALLAS,1,149391.0,2025-05-15
MERCADOLIBRE,2000007905466585,KLES0014,CALEFACTOR SECATOALLAS,1,149391.0,2025-05-17
MERCADOLIBRE,2000007905531679,KLES0014,CALEFACTOR SECATOALLAS,1,149391.0,2025-05-17
MERCADOLIBRE,2000007914709649,KLES0014,CALEFACTOR SECATOALLAS,1,149391.0,2025-05-18
MERCADOLIBRE,2000011616928946,KLES0014,CALEFACTOR SECATOALLAS,1,149391.0,2025-05-15
MERCADOLIBRE,2000011623284228,KLES0014,CALEFACTOR SECATOALLAS,1,149391.0,2025-05-15
MERCADOLIBRE,2000011640293680,KLES0014,CALEFACTOR SECATOALLAS,1,149391.0,2025-05-17
MERCADOLIBRE,2000008282646201,KLES0074,SECATOALLA WIFI,1,149391.0,2025-06-23
MERCADOLIBRE,2000008292646577,KLES0074,SECATOALLA WIFI,1,149391.0,2025-06-24
MERCADOLIBRE,2000008321474805,KLES0074,SECATOALLA WIFI,1,149391.0,2025-06-27
MERCADOLIBRE,2000008330524247,KLES0074,SECATOALLA WIFI,1,149391.0,2025-06-28
MERCADOLIBRE,2000008347647709,KLES0074,SECATOALLA WIFI,1,149391.0,2025-06-30
MERCADOLIBRE,2000008359838885,KLES0074,SECATOALLA WIFI,1,149391.0,2025-07-01
MERCADOLIBRE,2000008359838887,KLES0074,SECATOALLA WIFI,1,149391.0,2025-07-01
MERCADOLIBRE,2000008359838889,KLES0074,SECATOALLA WIFI,1,149391.0,2025-07-01
MERCADOLIBRE,2000008359838891,KLES0074,SECATOALLA WIFI,1,149391.0,2025-07-01
MERCADOLIBRE,2000008359838893,KLES0074,SECATOALLA WIFI,1,149391.0,2025-07-01
MERCADOLIBRE,2000008362305875,KLES0074,SECATOALLA WIFI,1,149391.0,2025-07-01
MERCADOLIBRE,2000008366362113,KLES0074,SECATOALLA WIFI,1,149391.0,2025-07-01
MERCADOLIBRE,2000008374020245,KLES0074,SECATOALLA WIFI,1,149391.0,2025-07-02
MERCADOLIBRE,2000008379090979,KLES0074,SECATOALLA WIFI,1,149391.0,2025-07-03
MERCADOLIBRE,2000008487190403,KLES0074,SECATOALLA WIFI,1,149391.0,2025-07-12
MERCADOLIBRE,2000012085442552,KLES0074,SECATOALLA WIFI,1,149391.0,2025-06-26
MERCADOLIBRE,2000012132497494,KLES0074,SECATOALLA WIFI,1,149391.0,2025-07-01
MERCADOLIBRE,2000012193684028,KLES0074,SECATOALLA WIFI,1,149391.0,2025-07-05
MERCADOLIBRE,2000012205563998,KLES0074,SECATOALLA WIFI,1,149391.0,2025-07-07
MERCADOLIBRE,2000012213154620,KLES0074,SECATOALLA WIFI,1,149391.0,2025-07-07
MERCADOLIBRE,2000012288801372,KLES0074,SECATOALLA WIFI,1,149391.0,2025-07-14
MERCADOLIBRE,2000007954911618,KLES0036,WALLY 1000 INVERTER,1,148192.0,2024-04-02
MERCADOLIBRE,2000008276555190,KLES0036,WALLY 1000 INVERTER,1,147490.0,2024-05-15
MERCADOLIBRE,2000008295446970,KLES0036,WALLY 1000 INVERTER,1,147490.0,2024-05-17
MERCADOLIBRE,2000013335992549,KLES0088,CONVECTOR ELECTRICO APOLO 2000 INVERTER,1,146445.0,2026-06-03
MERCADOLIBRE,2000009939257741,KLEF0091,ENFRIADOR DE AIRE MISTRAL,1,145993.0,2025-11-10
MERCADOLIBRE,2000010044964853,KLEF0091,ENFRIADOR DE AIRE MISTRAL,1,145993.0,2025-11-16
MERCADOLIBRE,2000010047585445,KLEF0091,ENFRIADOR DE AIRE MISTRAL,1,145993.0,2025-11-16
MERCADOLIBRE,2000010170147825,KLEF0091,ENFRIADOR DE AIRE MISTRAL,1,145993.0,2025-11-24
MERCADOLIBRE,2000014180769558,KLEF0091,ENFRIADOR DE AIRE MISTRAL,1,145992.0,2025-12-07
MERCADOLIBRE,2000014204797986,KLEF0091,ENFRIADOR DE AIRE MISTRAL,1,145992.0,2025-12-08
MERCADOLIBRE,2000017094716934,KLES0014,CALEFACTOR SECATOALLAS,1,143489.0,2026-06-24
MERCADOLIBRE,2000017123730788,KLES0014,CALEFACTOR SECATOALLAS,1,143489.0,2026-06-26
MERCADOLIBRE,2000012101837973,KLES0036,WALLY 1000 INVERTER,1,142994.0,2026-03-18
MERCADOLIBRE,2000012101837975,KLES0036,WALLY 1000 INVERTER,1,142994.0,2026-03-18
MERCADOLIBRE,2000012171053261,KLES0036,WALLY 1000 INVERTER,1,142994.0,2026-03-23
MERCADOLIBRE,2000012195049593,KLES0036,WALLY 1000 INVERTER,1,142994.0,2026-03-24
MERCADOLIBRE,2000012195049595,KLES0036,WALLY 1000 INVERTER,1,142994.0,2026-03-24
MERCADOLIBRE,2000012195049597,KLES0036,WALLY 1000 INVERTER,1,142994.0,2026-03-24
MERCADOLIBRE,2000012232304023,KLES0036,WALLY 1000 INVERTER,1,142994.0,2026-03-26
MERCADOLIBRE,2000012290680799,KLES0036,WALLY 1000 INVERTER,1,142994.0,2026-03-30
MERCADOLIBRE,2000015588471666,KLES0036,WALLY 1000 INVERTER,1,142994.0,2026-03-17
MERCADOLIBRE,2000015665062240,KLES0036,WALLY 1000 INVERTER,1,142994.0,2026-03-23
MERCADOLIBRE,2000015666672204,KLES0036,WALLY 1000 INVERTER,1,142994.0,2026-03-23
MERCADOLIBRE,2000015725147476,KLES0036,WALLY 1000 INVERTER,1,142994.0,2026-03-27
MERCADOLIBRE,2000015757950238,KLES0036,WALLY 1000 INVERTER,1,142994.0,2026-03-30
MERCADOLIBRE,2000015787758426,KLES0036,WALLY 1000 INVERTER,1,142994.0,2026-03-31
MERCADOLIBRE,2000013361868499,KLES0089,CONVECTOR ELECTRICO APOLO FABRICS 1500 INVERTER,1,142873.0,2026-06-05
MERCADOLIBRE,2000013573610889,KLES0089,CONVECTOR ELECTRICO APOLO FABRICS 1500 INVERTER,1,142873.0,2026-06-17
MERCADOLIBRE,2000013581800021,KLES0089,CONVECTOR ELECTRICO APOLO FABRICS 1500 INVERTER,1,142873.0,2026-06-18
MERCADOLIBRE,2000013716554537,KLES0089,CONVECTOR ELECTRICO APOLO FABRICS 1500 INVERTER,1,142873.0,2026-06-26
MERCADOLIBRE,2000013773508695,KLES0089,CONVECTOR ELECTRICO APOLO FABRICS 1500 INVERTER,1,142873.0,2026-06-30
MERCADOLIBRE,2000013779744221,KLES0089,CONVECTOR ELECTRICO APOLO FABRICS 1500 INVERTER,1,142873.0,2026-06-30
MERCADOLIBRE,2000013786846505,KLES0089,CONVECTOR ELECTRICO APOLO FABRICS 1500 INVERTER,1,142873.0,2026-07-01
MERCADOLIBRE,2000017123879320,KLES0089,CONVECTOR ELECTRICO APOLO FABRICS 1500 INVERTER,1,142873.0,2026-06-26
MERCADOLIBRE,2000012604863510,KLES0036,WALLY 1000 INVERTER,1,142768.0,2026-04-20
MERCADOLIBRE,2000012710277190,KLES0036,WALLY 1000 INVERTER,1,142768.0,2026-04-27
MERCADOLIBRE,2000016064078630,KLES0036,WALLY 1000 INVERTER,1,142768.0,2026-04-20
MERCADOLIBRE,2000016074585780,KLES0036,WALLY 1000 INVERTER,1,142768.0,2026-04-20
MERCADOLIBRE,2000016086051240,KLES0036,WALLY 1000 INVERTER,1,142768.0,2026-04-21
MERCADOLIBRE,2000016137198180,KLES0036,WALLY 1000 INVERTER,1,142768.0,2026-04-25
MERCADOLIBRE,2000016159792720,KLES0036,WALLY 1000 INVERTER,1,142768.0,2026-04-27
MERCADOLIBRE,2000016174371440,KLES0036,WALLY 1000 INVERTER,1,142768.0,2026-04-27
MERCADOLIBRE,2000016174967520,KLES0036,WALLY 1000 INVERTER,1,142768.0,2026-04-27
MERCADOLIBRE,2000010260659565,KLCP0003,KALTEMP 5 X 9,1,142595.0,2025-11-28
MERCADOLIBRE,2000014046132794,KLCP0003,KALTEMP 5 X 9,1,142595.0,2025-11-29
MERCADOLIBRE,2000014211491886,KLES0014,CALEFACTOR SECATOALLAS,1,140392.0,2025-12-09
MERCADOLIBRE,2000008600723089,KLES0074,SECATOALLA WIFI,1,140392.0,2025-07-23
MERCADOLIBRE,2000008780533333,KLES0074,SECATOALLA WIFI,1,140392.0,2025-08-08
MERCADOLIBRE,2000008799878371,KLES0074,SECATOALLA WIFI,1,140392.0,2025-08-09
MERCADOLIBRE,2000009051791141,KLES0074,SECATOALLA WIFI,1,140392.0,2025-08-31
MERCADOLIBRE,2000009051791143,KLES0074,SECATOALLA WIFI,1,140392.0,2025-08-31
MERCADOLIBRE,2000012616221550,KLES0074,SECATOALLA WIFI,1,140392.0,2025-08-10
MERCADOLIBRE,2000010255570711,KLEF0091,ENFRIADOR DE AIRE MISTRAL,1,139993.0,2025-11-28
MERCADOLIBRE,2000010317369999,KLEF0091,ENFRIADOR DE AIRE MISTRAL,1,139993.0,2025-12-01
FALABELLA,2069194703,KLES0014,CALEFACTOR SECATOALLAS,1,139990.0,2023-06-04
FALABELLA,2069369633,KLES0014,CALEFACTOR SECATOALLAS,1,139990.0,2023-06-05
FALABELLA,2069396477,KLES0014,CALEFACTOR SECATOALLAS,1,139990.0,2023-06-05
FALABELLA,2069402854,KLES0014,CALEFACTOR SECATOALLAS,1,139990.0,2023-06-05
FALABELLA,2069494177,KLES0014,CALEFACTOR SECATOALLAS,1,139990.0,2023-06-06
FALABELLA,2070108516,KLES0014,CALEFACTOR SECATOALLAS,1,139990.0,2023-06-09
FALABELLA,2070191903,KLES0014,CALEFACTOR SECATOALLAS,1,139990.0,2023-06-10
FALABELLA,2070355571,KLES0014,CALEFACTOR SECATOALLAS,1,139990.0,2023-06-11
FALABELLA,2070363564,KLES0014,CALEFACTOR SECATOALLAS,1,139990.0,2023-06-11
FALABELLA,2070951610,KLES0014,CALEFACTOR SECATOALLAS,1,139990.0,2023-06-13
FALABELLA,2071418794,KLES0014,CALEFACTOR SECATOALLAS,1,139990.0,2023-06-16
FALABELLA,2072245673,KLES0014,CALEFACTOR SECATOALLAS,1,139990.0,2023-06-21
FALABELLA,2072873778,KLES0014,CALEFACTOR SECATOALLAS,1,139990.0,2023-06-25
FALABELLA,2072972485,KLES0014,CALEFACTOR SECATOALLAS,1,139990.0,2023-06-25
FALABELLA,2073052221,KLES0014,CALEFACTOR SECATOALLAS,1,139990.0,2023-06-26
FALABELLA,2073098911,KLES0014,CALEFACTOR SECATOALLAS,1,139990.0,2023-06-26
FALABELLA,2073118214,KLES0014,CALEFACTOR SECATOALLAS,1,139990.0,2023-06-26
FALABELLA,2073164655,KLES0014,CALEFACTOR SECATOALLAS,1,139990.0,2023-06-26
FALABELLA,2073196153,KLES0014,CALEFACTOR SECATOALLAS,1,139990.0,2023-06-27
FALABELLA,2073201446,KLES0014,CALEFACTOR SECATOALLAS,1,139990.0,2023-06-27
FALABELLA,2073563776,KLES0014,CALEFACTOR SECATOALLAS,1,139990.0,2023-06-29
FALABELLA,2073612771,KLES0014,CALEFACTOR SECATOALLAS,1,139990.0,2023-06-29
FALABELLA,2074058115,KLES0014,CALEFACTOR SECATOALLAS,1,139990.0,2023-07-01
FALABELLA,2074342350,KLES0014,CALEFACTOR SECATOALLAS,1,139990.0,2023-07-02
FALABELLA,2074554288,KLES0014,CALEFACTOR SECATOALLAS,1,139990.0,2023-07-03
FALABELLA,2074743727,KLES0014,CALEFACTOR SECATOALLAS,1,139990.0,2023-07-04
FALABELLA,2076275766,KLES0014,CALEFACTOR SECATOALLAS,1,139990.0,2023-07-10
FALABELLA,2076284726,KLES0014,CALEFACTOR SECATOALLAS,1,139990.0,2023-07-10
FALABELLA,2076300648,KLES0014,CALEFACTOR SECATOALLAS,1,139990.0,2023-07-10
FALABELLA,2076458409,KLES0014,CALEFACTOR SECATOALLAS,1,139990.0,2023-07-11
FALABELLA,2077310892,KLES0014,CALEFACTOR SECATOALLAS,1,139990.0,2023-07-15
FALABELLA,2077432311,KLES0014,CALEFACTOR SECATOALLAS,1,139990.0,2023-07-16
FALABELLA,2077762211,KLES0014,CALEFACTOR SECATOALLAS,1,139990.0,2023-07-17
FALABELLA,2137147641,KLES0014,CALEFACTOR SECATOALLAS,1,139990.0,2023-12-12
FALABELLA,2184805125,KLES0014,CALEFACTOR SECATOALLAS,1,139990.0,2024-03-27
FALABELLA,2194434652,KLES0014,CALEFACTOR SECATOALLAS,1,139990.0,2024-04-16
FALABELLA,2194753822,KLES0014,CALEFACTOR SECATOALLAS,1,139990.0,2024-04-16
FALABELLA,2195055671,KLES0014,CALEFACTOR SECATOALLAS,1,139990.0,2024-04-17
FALABELLA,2195942438,KLES0014,CALEFACTOR SECATOALLAS,1,139990.0,2024-04-19
FALABELLA,2197154167,KLES0014,CALEFACTOR SECATOALLAS,1,139990.0,2024-04-22
PARIS,3092801100,KLES0014,CALEFACTOR SECATOALLAS,1,139990.0,2026-03-25
PARIS,3095022062,KLES0014,CALEFACTOR SECATOALLAS,1,139990.0,2026-04-01
RIPLEY,23717168301,KLES0014,CALEFACTOR SECATOALLAS,1,139990.0,2025-06-27
MERCADOLIBRE,2000004555177691,KLES0014,CALEFACTOR SECATOALLAS,1,139990.0,2023-06-19
MERCADOLIBRE,2000004555457729,KLES0014,CALEFACTOR SECATOALLAS,1,139990.0,2023-06-19
MERCADOLIBRE,2000004559890337,KLES0014,CALEFACTOR SECATOALLAS,1,139990.0,2023-06-20
MERCADOLIBRE,2000004575212963,KLES0014,CALEFACTOR SECATOALLAS,1,139990.0,2023-06-26
MERCADOLIBRE,2000004575450035,KLES0014,CALEFACTOR SECATOALLAS,1,139990.0,2023-06-26
MERCADOLIBRE,2000004597581107,KLES0014,CALEFACTOR SECATOALLAS,1,139990.0,2023-07-04
MERCADOLIBRE,2000004597581109,KLES0014,CALEFACTOR SECATOALLAS,1,139990.0,2023-07-04
MERCADOLIBRE,2000004602017655,KLES0014,CALEFACTOR SECATOALLAS,1,139990.0,2023-07-05
MERCADOLIBRE,2000004603815605,KLES0014,CALEFACTOR SECATOALLAS,1,139990.0,2023-07-05
MERCADOLIBRE,2000004605388451,KLES0014,CALEFACTOR SECATOALLAS,1,139990.0,2023-07-06
MERCADOLIBRE,2000004605388453,KLES0014,CALEFACTOR SECATOALLAS,1,139990.0,2023-07-06
MERCADOLIBRE,2000004605388455,KLES0014,CALEFACTOR SECATOALLAS,1,139990.0,2023-07-06
MERCADOLIBRE,2000004605388457,KLES0014,CALEFACTOR SECATOALLAS,1,139990.0,2023-07-06
MERCADOLIBRE,2000004613762125,KLES0014,CALEFACTOR SECATOALLAS,1,139990.0,2023-07-09
MERCADOLIBRE,2000004619144959,KLES0014,CALEFACTOR SECATOALLAS,1,139990.0,2023-07-10
MERCADOLIBRE,2000004623900897,KLES0014,CALEFACTOR SECATOALLAS,1,139990.0,2023-07-12
MERCADOLIBRE,2000004623900899,KLES0014,CALEFACTOR SECATOALLAS,1,139990.0,2023-07-12
MERCADOLIBRE,2000004637379473,KLES0014,CALEFACTOR SECATOALLAS,1,139990.0,2023-07-16
MERCADOLIBRE,2000004643736697,KLES0014,CALEFACTOR SECATOALLAS,1,139990.0,2023-07-18
MERCADOLIBRE,2000004643736699,KLES0014,CALEFACTOR SECATOALLAS,1,139990.0,2023-07-18
MERCADOLIBRE,2000004651684229,KLES0014,CALEFACTOR SECATOALLAS,1,139990.0,2023-07-20
MERCADOLIBRE,2000004651684233,KLES0014,CALEFACTOR SECATOALLAS,1,139990.0,2023-07-20
MERCADOLIBRE,2000004661992545,KLES0014,CALEFACTOR SECATOALLAS,1,139990.0,2023-07-24
MERCADOLIBRE,2000004661992547,KLES0014,CALEFACTOR SECATOALLAS,1,139990.0,2023-07-24
MERCADOLIBRE,2000004661992549,KLES0014,CALEFACTOR SECATOALLAS,1,139990.0,2023-07-24
MERCADOLIBRE,2000004661992551,KLES0014,CALEFACTOR SECATOALLAS,1,139990.0,2023-07-24
MERCADOLIBRE,2000004663842447,KLES0014,CALEFACTOR SECATOALLAS,1,139990.0,2023-07-25
MERCADOLIBRE,2000004682606931,KLES0014,CALEFACTOR SECATOALLAS,1,139990.0,2023-07-31
MERCADOLIBRE,2000004682606933,KLES0014,CALEFACTOR SECATOALLAS,1,139990.0,2023-07-31
MERCADOLIBRE,2000005269593781,KLES0014,CALEFACTOR SECATOALLAS,1,139990.0,2024-01-08
MERCADOLIBRE,2000005291500065,KLES0014,CALEFACTOR SECATOALLAS,1,139990.0,2024-01-14
MERCADOLIBRE,2000005292653107,KLES0014,CALEFACTOR SECATOALLAS,1,139990.0,2024-01-14
MERCADOLIBRE,2000005292653109,KLES0014,CALEFACTOR SECATOALLAS,1,139990.0,2024-01-14
MERCADOLIBRE,2000005292653111,KLES0014,CALEFACTOR SECATOALLAS,1,139990.0,2024-01-14
MERCADOLIBRE,2000005292653113,KLES0014,CALEFACTOR SECATOALLAS,1,139990.0,2024-01-14
MERCADOLIBRE,2000005623909029,KLES0014,CALEFACTOR SECATOALLAS,1,139990.0,2024-04-10
MERCADOLIBRE,2000005641315901,KLES0014,CALEFACTOR SECATOALLAS,1,139990.0,2024-04-15
MERCADOLIBRE,2000005641315903,KLES0014,CALEFACTOR SECATOALLAS,1,139990.0,2024-04-15
MERCADOLIBRE,2000005643976693,KLES0014,CALEFACTOR SECATOALLAS,1,139990.0,2024-04-15
MERCADOLIBRE,2000005649625725,KLES0014,CALEFACTOR SECATOALLAS,1,139990.0,2024-04-16
MERCADOLIBRE,2000005650635185,KLES0014,CALEFACTOR SECATOALLAS,1,139990.0,2024-04-17
MERCADOLIBRE,2000005667151885,KLES0014,CALEFACTOR SECATOALLAS,1,139990.0,2024-04-21
MERCADOLIBRE,2000005767966862,KLES0014,CALEFACTOR SECATOALLAS,1,139990.0,2023-06-01
MERCADOLIBRE,2000005769342198,KLES0014,CALEFACTOR SECATOALLAS,1,139990.0,2023-06-02
MERCADOLIBRE,2000005790742890,KLES0014,CALEFACTOR SECATOALLAS,1,139990.0,2023-06-05
MERCADOLIBRE,2000005791560842,KLES0014,CALEFACTOR SECATOALLAS,1,139990.0,2023-06-05
MERCADOLIBRE,2000005798397404,KLES0014,CALEFACTOR SECATOALLAS,1,139990.0,2023-06-06
MERCADOLIBRE,2000005819461882,KLES0014,CALEFACTOR SECATOALLAS,1,139990.0,2023-06-09
MERCADOLIBRE,2000005820611110,KLES0014,CALEFACTOR SECATOALLAS,1,139990.0,2023-06-09
MERCADOLIBRE,2000005824087798,KLES0014,CALEFACTOR SECATOALLAS,1,139990.0,2023-06-10
MERCADOLIBRE,2000005825580550,KLES0014,CALEFACTOR SECATOALLAS,1,139990.0,2023-06-10
MERCADOLIBRE,2000005825691454,KLES0014,CALEFACTOR SECATOALLAS,1,139990.0,2023-06-10
MERCADOLIBRE,2000005836064624,KLES0014,CALEFACTOR SECATOALLAS,1,139990.0,2023-06-12
MERCADOLIBRE,2000005841103742,KLES0014,CALEFACTOR SECATOALLAS,1,139990.0,2023-06-12
MERCADOLIBRE,2000005842009684,KLES0014,CALEFACTOR SECATOALLAS,1,139990.0,2023-06-13
MERCADOLIBRE,2000005842924092,KLES0014,CALEFACTOR SECATOALLAS,1,139990.0,2023-06-13
MERCADOLIBRE,2000005844264938,KLES0014,CALEFACTOR SECATOALLAS,1,139990.0,2023-06-13
MERCADOLIBRE,2000005859829380,KLES0014,CALEFACTOR SECATOALLAS,1,139990.0,2023-06-15
MERCADOLIBRE,2000005872044332,KLES0014,CALEFACTOR SECATOALLAS,1,139990.0,2023-06-17
MERCADOLIBRE,2000005873193574,KLES0014,CALEFACTOR SECATOALLAS,1,139990.0,2023-06-17
MERCADOLIBRE,2000005878658518,KLES0014,CALEFACTOR SECATOALLAS,1,139990.0,2023-06-18
MERCADOLIBRE,2000005879764094,KLES0014,CALEFACTOR SECATOALLAS,1,139990.0,2023-06-18
MERCADOLIBRE,2000005882745828,KLES0014,CALEFACTOR SECATOALLAS,1,139990.0,2023-06-19
MERCADOLIBRE,2000005896499276,KLES0014,CALEFACTOR SECATOALLAS,1,139990.0,2023-06-21
MERCADOLIBRE,2000005899611650,KLES0014,CALEFACTOR SECATOALLAS,1,139990.0,2023-06-21
MERCADOLIBRE,2000005899840958,KLES0014,CALEFACTOR SECATOALLAS,1,139990.0,2023-06-21
MERCADOLIBRE,2000005906382308,KLES0014,CALEFACTOR SECATOALLAS,1,139990.0,2023-06-22
MERCADOLIBRE,2000005906905160,KLES0014,CALEFACTOR SECATOALLAS,1,139990.0,2023-06-22
MERCADOLIBRE,2000005909230884,KLES0014,CALEFACTOR SECATOALLAS,1,139990.0,2023-06-23
MERCADOLIBRE,2000005911399986,KLES0014,CALEFACTOR SECATOALLAS,1,139990.0,2023-06-23
MERCADOLIBRE,2000005912610690,KLES0014,CALEFACTOR SECATOALLAS,1,139990.0,2023-06-23
MERCADOLIBRE,2000005914800804,KLES0014,CALEFACTOR SECATOALLAS,1,139990.0,2023-06-24
MERCADOLIBRE,2000005915853214,KLES0014,CALEFACTOR SECATOALLAS,1,139990.0,2023-06-24
MERCADOLIBRE,2000005921450586,KLES0014,CALEFACTOR SECATOALLAS,1,139990.0,2023-06-25
MERCADOLIBRE,2000005922850698,KLES0014,CALEFACTOR SECATOALLAS,1,139990.0,2023-06-26
MERCADOLIBRE,2000005926179164,KLES0014,CALEFACTOR SECATOALLAS,1,139990.0,2023-06-26
MERCADOLIBRE,2000005941909354,KLES0014,CALEFACTOR SECATOALLAS,1,139990.0,2023-06-28
MERCADOLIBRE,2000005949536612,KLES0014,CALEFACTOR SECATOALLAS,1,139990.0,2023-06-29
MERCADOLIBRE,2000005951581594,KLES0014,CALEFACTOR SECATOALLAS,1,139990.0,2023-06-30
MERCADOLIBRE,2000005955861298,KLES0014,CALEFACTOR SECATOALLAS,1,139990.0,2023-07-01
MERCADOLIBRE,2000005980022728,KLES0014,CALEFACTOR SECATOALLAS,1,139990.0,2023-07-04
MERCADOLIBRE,2000005980741268,KLES0014,CALEFACTOR SECATOALLAS,1,139990.0,2023-07-04
MERCADOLIBRE,2000005984908351,KLES0014,CALEFACTOR SECATOALLAS,1,139990.0,2024-07-04
MERCADOLIBRE,2000005992275114,KLES0014,CALEFACTOR SECATOALLAS,1,139990.0,2023-07-06
MERCADOLIBRE,2000006008006368,KLES0014,CALEFACTOR SECATOALLAS,1,139990.0,2023-07-08
MERCADOLIBRE,2000006008067744,KLES0014,CALEFACTOR SECATOALLAS,1,139990.0,2023-07-08
MERCADOLIBRE,2000006008349892,KLES0014,CALEFACTOR SECATOALLAS,1,139990.0,2023-07-08
MERCADOLIBRE,2000006012903538,KLES0014,CALEFACTOR SECATOALLAS,1,139990.0,2023-07-09
MERCADOLIBRE,2000006018534220,KLES0014,CALEFACTOR SECATOALLAS,1,139990.0,2023-07-10
MERCADOLIBRE,2000006019880602,KLES0014,CALEFACTOR SECATOALLAS,1,139990.0,2023-07-10
MERCADOLIBRE,2000006023304766,KLES0014,CALEFACTOR SECATOALLAS,1,139990.0,2023-07-11
MERCADOLIBRE,2000006024268360,KLES0014,CALEFACTOR SECATOALLAS,1,139990.0,2023-07-11
MERCADOLIBRE,2000006024694646,KLES0014,CALEFACTOR SECATOALLAS,1,139990.0,2023-07-11
MERCADOLIBRE,2000006033745744,KLES0014,CALEFACTOR SECATOALLAS,1,139990.0,2023-07-12
MERCADOLIBRE,2000006040393428,KLES0014,CALEFACTOR SECATOALLAS,1,139990.0,2023-07-13
MERCADOLIBRE,2000006057246178,KLES0014,CALEFACTOR SECATOALLAS,1,139990.0,2023-07-15
MERCADOLIBRE,2000006060233953,KLES0014,CALEFACTOR SECATOALLAS,1,139990.0,2024-07-20
MERCADOLIBRE,2000006061703916,KLES0014,CALEFACTOR SECATOALLAS,1,139990.0,2023-07-16
MERCADOLIBRE,2000006066259501,KLES0014,CALEFACTOR SECATOALLAS,1,139990.0,2024-07-22
MERCADOLIBRE,2000006067041162,KLES0014,CALEFACTOR SECATOALLAS,1,139990.0,2023-07-17
MERCADOLIBRE,2000006071027272,KLES0014,CALEFACTOR SECATOALLAS,1,139990.0,2023-07-17
MERCADOLIBRE,2000006074134270,KLES0014,CALEFACTOR SECATOALLAS,1,139990.0,2023-07-18
MERCADOLIBRE,2000006074458101,KLES0014,CALEFACTOR SECATOALLAS,1,139990.0,2024-07-23
MERCADOLIBRE,2000006075249092,KLES0014,CALEFACTOR SECATOALLAS,1,139990.0,2023-07-18
MERCADOLIBRE,2000006080382192,KLES0014,CALEFACTOR SECATOALLAS,1,139990.0,2023-07-19
MERCADOLIBRE,2000006083414544,KLES0014,CALEFACTOR SECATOALLAS,1,139990.0,2023-07-19
MERCADOLIBRE,2000006084490275,KLES0014,CALEFACTOR SECATOALLAS,1,139990.0,2024-07-25
MERCADOLIBRE,2000006086608098,KLES0014,CALEFACTOR SECATOALLAS,1,139990.0,2023-07-19
MERCADOLIBRE,2000006093527664,KLES0014,CALEFACTOR SECATOALLAS,1,139990.0,2023-07-20
MERCADOLIBRE,2000006098146454,KLES0014,CALEFACTOR SECATOALLAS,1,139990.0,2023-07-21
MERCADOLIBRE,2000006110440976,KLES0014,CALEFACTOR SECATOALLAS,1,139990.0,2023-07-24
MERCADOLIBRE,2000006117073246,KLES0014,CALEFACTOR SECATOALLAS,1,139990.0,2023-07-24
MERCADOLIBRE,2000006117078778,KLES0014,CALEFACTOR SECATOALLAS,1,139990.0,2023-07-24
MERCADOLIBRE,2000006121013696,KLES0014,CALEFACTOR SECATOALLAS,1,139990.0,2023-07-25
MERCADOLIBRE,2000006149027918,KLES0014,CALEFACTOR SECATOALLAS,1,139990.0,2023-07-29
MERCADOLIBRE,2000006149547704,KLES0014,CALEFACTOR SECATOALLAS,1,139990.0,2023-07-29
MERCADOLIBRE,2000006151991274,KLES0014,CALEFACTOR SECATOALLAS,1,139990.0,2023-07-30
MERCADOLIBRE,2000006156896162,KLES0014,CALEFACTOR SECATOALLAS,1,139990.0,2023-07-31
MERCADOLIBRE,2000006162061428,KLES0014,CALEFACTOR SECATOALLAS,1,139990.0,2023-07-31
MERCADOLIBRE,2000006166248112,KLES0014,CALEFACTOR SECATOALLAS,1,139990.0,2023-08-01
MERCADOLIBRE,2000007352948694,KLES0014,CALEFACTOR SECATOALLAS,1,139990.0,2024-01-10
MERCADOLIBRE,2000007380438244,KLES0014,CALEFACTOR SECATOALLAS,1,139990.0,2024-01-14
MERCADOLIBRE,2000007969786176,KLES0014,CALEFACTOR SECATOALLAS,1,139990.0,2024-04-04
MERCADOLIBRE,2000008003973368,KLES0014,CALEFACTOR SECATOALLAS,1,139990.0,2024-04-09
MERCADOLIBRE,2000008009405690,KLES0014,CALEFACTOR SECATOALLAS,1,139990.0,2024-04-10
MERCADOLIBRE,2000008020124924,KLES0014,CALEFACTOR SECATOALLAS,1,139990.0,2024-04-11
MERCADOLIBRE,2000008029333538,KLES0014,CALEFACTOR SECATOALLAS,1,139990.0,2024-04-12
MERCADOLIBRE,2000008034638936,KLES0014,CALEFACTOR SECATOALLAS,1,139990.0,2024-04-13
MERCADOLIBRE,2000008036871590,KLES0014,CALEFACTOR SECATOALLAS,1,139990.0,2024-04-13
MERCADOLIBRE,2000008042910076,KLES0014,CALEFACTOR SECATOALLAS,1,139990.0,2024-04-14
MERCADOLIBRE,2000008043517644,KLES0014,CALEFACTOR SECATOALLAS,1,139990.0,2024-04-14
MERCADOLIBRE,2000008046891362,KLES0014,CALEFACTOR SECATOALLAS,1,139990.0,2024-04-15
MERCADOLIBRE,2000008052788354,KLES0014,CALEFACTOR SECATOALLAS,1,139990.0,2024-04-15
MERCADOLIBRE,2000008054189456,KLES0014,CALEFACTOR SECATOALLAS,1,139990.0,2024-04-16
MERCADOLIBRE,2000008054940380,KLES0014,CALEFACTOR SECATOALLAS,1,139990.0,2024-04-16
MERCADOLIBRE,2000008055155216,KLES0014,CALEFACTOR SECATOALLAS,1,139990.0,2024-04-16
MERCADOLIBRE,2000008061348602,KLES0014,CALEFACTOR SECATOALLAS,1,139990.0,2024-04-16
MERCADOLIBRE,2000008090619168,KLES0014,CALEFACTOR SECATOALLAS,1,139990.0,2024-04-20
MERCADOLIBRE,2000008094811386,KLES0014,CALEFACTOR SECATOALLAS,1,139990.0,2024-04-21
MERCADOLIBRE,2000008095278638,KLES0014,CALEFACTOR SECATOALLAS,1,139990.0,2024-04-21
MERCADOLIBRE,2000008104507468,KLES0014,CALEFACTOR SECATOALLAS,1,139990.0,2024-04-22
MERCADOLIBRE,2000008106430810,KLES0014,CALEFACTOR SECATOALLAS,1,139990.0,2024-04-23
MERCADOLIBRE,2000008108258806,KLES0014,CALEFACTOR SECATOALLAS,1,139990.0,2024-04-23
MERCADOLIBRE,2000008120393820,KLES0014,CALEFACTOR SECATOALLAS,1,139990.0,2024-04-24
MERCADOLIBRE,2000008120936248,KLES0014,CALEFACTOR SECATOALLAS,1,139990.0,2024-04-24
MERCADOLIBRE,2000008121926590,KLES0014,CALEFACTOR SECATOALLAS,1,139990.0,2024-04-25
MERCADOLIBRE,2000008657525488,KLES0014,CALEFACTOR SECATOALLAS,1,139990.0,2024-07-01
MERCADOLIBRE,2000008668157464,KLES0014,CALEFACTOR SECATOALLAS,1,139990.0,2024-07-02
MERCADOLIBRE,2000008686798188,KLES0014,CALEFACTOR SECATOALLAS,1,139990.0,2024-07-04
MERCADOLIBRE,2000008689490496,KLES0014,CALEFACTOR SECATOALLAS,1,139990.0,2024-07-04
MERCADOLIBRE,2000008695741400,KLES0014,CALEFACTOR SECATOALLAS,1,139990.0,2024-07-05
MERCADOLIBRE,2000008712609866,KLES0014,CALEFACTOR SECATOALLAS,1,139990.0,2024-07-07
MERCADOLIBRE,2000008714504148,KLES0014,CALEFACTOR SECATOALLAS,1,139990.0,2024-07-07
MERCADOLIBRE,2000008715088708,KLES0014,CALEFACTOR SECATOALLAS,1,139990.0,2024-07-07
MERCADOLIBRE,2000008715543428,KLES0014,CALEFACTOR SECATOALLAS,1,139990.0,2024-07-07
MERCADOLIBRE,2000008716369294,KLES0014,CALEFACTOR SECATOALLAS,1,139990.0,2024-07-08
MERCADOLIBRE,2000008718754002,KLES0014,CALEFACTOR SECATOALLAS,1,139990.0,2024-07-08
MERCADOLIBRE,2000008725641902,KLES0014,CALEFACTOR SECATOALLAS,1,139990.0,2024-07-09
MERCADOLIBRE,2000008733768276,KLES0014,CALEFACTOR SECATOALLAS,1,139990.0,2024-07-09
MERCADOLIBRE,2000008751840678,KLES0014,CALEFACTOR SECATOALLAS,1,139990.0,2024-07-11
MERCADOLIBRE,2000008753056054,KLES0014,CALEFACTOR SECATOALLAS,1,139990.0,2024-07-11
MERCADOLIBRE,2000008760805834,KLES0014,CALEFACTOR SECATOALLAS,1,139990.0,2024-07-12
MERCADOLIBRE,2000008764167560,KLES0014,CALEFACTOR SECATOALLAS,1,139990.0,2024-07-13
MERCADOLIBRE,2000008771594538,KLES0014,CALEFACTOR SECATOALLAS,1,139990.0,2024-07-14
MERCADOLIBRE,2000008820649774,KLES0014,CALEFACTOR SECATOALLAS,1,139990.0,2024-07-19
MERCADOLIBRE,2000008833481838,KLES0014,CALEFACTOR SECATOALLAS,1,139990.0,2024-07-21
MERCADOLIBRE,2000008904857960,KLES0014,CALEFACTOR SECATOALLAS,1,139990.0,2024-07-30
MERCADOLIBRE,2000008913614532,KLES0014,CALEFACTOR SECATOALLAS,1,139990.0,2024-07-31
MERCADOLIBRE,2000008913850360,KLES0014,CALEFACTOR SECATOALLAS,1,139990.0,2024-07-31
MERCADOLIBRE,2000011370550165,KLES0014,CALEFACTOR SECATOALLAS,1,139990.0,2026-02-03
MERCADOLIBRE,2000011425646547,KLES0014,CALEFACTOR SECATOALLAS,1,139990.0,2026-02-06
MERCADOLIBRE,2000011445385559,KLES0014,CALEFACTOR SECATOALLAS,1,139990.0,2026-02-07
MERCADOLIBRE,2000011490607465,KLES0014,CALEFACTOR SECATOALLAS,1,139990.0,2026-02-10
MERCADOLIBRE,2000011490607467,KLES0014,CALEFACTOR SECATOALLAS,1,139990.0,2026-02-10
MERCADOLIBRE,2000011499837741,KLES0014,CALEFACTOR SECATOALLAS,1,139990.0,2026-02-10
FALABELLA,2149486149,KLEF0091,ENFRIADOR DE AIRE MISTRAL,1,139990.0,2024-01-05
FALABELLA,2157438586,KLEF0091,ENFRIADOR DE AIRE MISTRAL,1,139990.0,2024-01-24
FALABELLA,2158973830,KLEF0091,ENFRIADOR DE AIRE MISTRAL,1,139990.0,2024-01-28
FALABELLA,2158989233,KLEF0091,ENFRIADOR DE AIRE MISTRAL,1,139990.0,2024-01-28
FALABELLA,2159940865,KLEF0091,ENFRIADOR DE AIRE MISTRAL,1,139990.0,2024-01-30
FALABELLA,2160859275,KLEF0091,ENFRIADOR DE AIRE MISTRAL,1,139990.0,2024-02-01
FALABELLA,2160895631,KLEF0091,ENFRIADOR DE AIRE MISTRAL,1,139990.0,2024-02-01
FALABELLA,2161056719,KLEF0091,ENFRIADOR DE AIRE MISTRAL,1,139990.0,2024-02-02
FALABELLA,2161146780,KLEF0091,ENFRIADOR DE AIRE MISTRAL,1,139990.0,2024-02-02
FALABELLA,2161368011,KLEF0091,ENFRIADOR DE AIRE MISTRAL,1,139990.0,2024-02-02
RIPLEY,24208692001,KLEF0091,ENFRIADOR DE AIRE MISTRAL,1,139990.0,2025-12-03
MERCADOLIBRE,2000005252112541,KLEF0091,ENFRIADOR DE AIRE MISTRAL,1,139990.0,2024-01-04
MERCADOLIBRE,2000005259671795,KLEF0091,ENFRIADOR DE AIRE MISTRAL,1,139990.0,2024-01-05
MERCADOLIBRE,2000005316571781,KLEF0091,ENFRIADOR DE AIRE MISTRAL,1,139990.0,2024-01-20
MERCADOLIBRE,2000005325830177,KLEF0091,ENFRIADOR DE AIRE MISTRAL,1,139990.0,2024-01-23
MERCADOLIBRE,2000005325830179,KLEF0091,ENFRIADOR DE AIRE MISTRAL,1,139990.0,2024-01-23
MERCADOLIBRE,2000005363564155,KLEF0091,ENFRIADOR DE AIRE MISTRAL,1,139990.0,2024-02-02
MERCADOLIBRE,2000005366720977,KLEF0091,ENFRIADOR DE AIRE MISTRAL,1,139990.0,2024-02-02
MERCADOLIBRE,2000005405712213,KLEF0091,ENFRIADOR DE AIRE MISTRAL,1,139990.0,2024-02-13
MERCADOLIBRE,2000005465785603,KLEF0091,ENFRIADOR DE AIRE MISTRAL,1,139990.0,2024-02-29
MERCADOLIBRE,2000005465785605,KLEF0091,ENFRIADOR DE AIRE MISTRAL,1,139990.0,2024-02-29
MERCADOLIBRE,2000005682640143,KLEF0091,ENFRIADOR DE AIRE MISTRAL,1,139990.0,2024-04-25
MERCADOLIBRE,2000005682640145,KLEF0091,ENFRIADOR DE AIRE MISTRAL,1,139990.0,2024-04-25
MERCADOLIBRE,2000007295424268,KLEF0091,ENFRIADOR DE AIRE MISTRAL,1,139990.0,2024-01-03
MERCADOLIBRE,2000007308516950,KLEF0091,ENFRIADOR DE AIRE MISTRAL,1,139990.0,2024-01-04
MERCADOLIBRE,2000007315038156,KLEF0091,ENFRIADOR DE AIRE MISTRAL,1,139990.0,2024-01-05
MERCADOLIBRE,2000007323726238,KLEF0091,ENFRIADOR DE AIRE MISTRAL,1,139990.0,2024-01-07
MERCADOLIBRE,2000007367299384,KLEF0091,ENFRIADOR DE AIRE MISTRAL,1,139990.0,2024-01-12
MERCADOLIBRE,2000007372732422,KLEF0091,ENFRIADOR DE AIRE MISTRAL,1,139990.0,2024-01-13
MERCADOLIBRE,2000007388116652,KLEF0091,ENFRIADOR DE AIRE MISTRAL,1,139990.0,2024-01-15
MERCADOLIBRE,2000007393485796,KLEF0091,ENFRIADOR DE AIRE MISTRAL,1,139990.0,2024-01-16
MERCADOLIBRE,2000007395526816,KLEF0091,ENFRIADOR DE AIRE MISTRAL,1,139990.0,2024-01-16
MERCADOLIBRE,2000007396414536,KLEF0091,ENFRIADOR DE AIRE MISTRAL,1,139990.0,2024-01-16
MERCADOLIBRE,2000007401384488,KLEF0091,ENFRIADOR DE AIRE MISTRAL,1,139990.0,2024-01-17
MERCADOLIBRE,2000007412264820,KLEF0091,ENFRIADOR DE AIRE MISTRAL,1,139990.0,2024-01-18
MERCADOLIBRE,2000007412900394,KLEF0091,ENFRIADOR DE AIRE MISTRAL,1,139990.0,2024-01-18
MERCADOLIBRE,2000007421035434,KLEF0091,ENFRIADOR DE AIRE MISTRAL,1,139990.0,2024-01-19
MERCADOLIBRE,2000007421504594,KLEF0091,ENFRIADOR DE AIRE MISTRAL,1,139990.0,2024-01-19
MERCADOLIBRE,2000007422538888,KLEF0091,ENFRIADOR DE AIRE MISTRAL,1,139990.0,2024-01-20
MERCADOLIBRE,2000007422955564,KLEF0091,ENFRIADOR DE AIRE MISTRAL,1,139990.0,2024-01-20
MERCADOLIBRE,2000007423148280,KLEF0091,ENFRIADOR DE AIRE MISTRAL,1,139990.0,2024-01-20
MERCADOLIBRE,2000007423330674,KLEF0091,ENFRIADOR DE AIRE MISTRAL,1,139990.0,2024-01-20
MERCADOLIBRE,2000007424196678,KLEF0091,ENFRIADOR DE AIRE MISTRAL,1,139990.0,2024-01-20
MERCADOLIBRE,2000007426269780,KLEF0091,ENFRIADOR DE AIRE MISTRAL,1,139990.0,2024-01-20
MERCADOLIBRE,2000007429351514,KLEF0091,ENFRIADOR DE AIRE MISTRAL,1,139990.0,2024-01-21
MERCADOLIBRE,2000007430813872,KLEF0091,ENFRIADOR DE AIRE MISTRAL,1,139990.0,2024-01-21
MERCADOLIBRE,2000007436646756,KLEF0091,ENFRIADOR DE AIRE MISTRAL,1,139990.0,2024-01-22
MERCADOLIBRE,2000007437838072,KLEF0091,ENFRIADOR DE AIRE MISTRAL,1,139990.0,2024-01-22
MERCADOLIBRE,2000007444592142,KLEF0091,ENFRIADOR DE AIRE MISTRAL,1,139990.0,2024-01-23
MERCADOLIBRE,2000007446917810,KLEF0091,ENFRIADOR DE AIRE MISTRAL,1,139990.0,2024-01-23
MERCADOLIBRE,2000007450856792,KLEF0091,ENFRIADOR DE AIRE MISTRAL,1,139990.0,2024-01-24
MERCADOLIBRE,2000007452372068,KLEF0091,ENFRIADOR DE AIRE MISTRAL,1,139990.0,2024-01-24
MERCADOLIBRE,2000007452920412,KLEF0091,ENFRIADOR DE AIRE MISTRAL,1,139990.0,2024-01-24
MERCADOLIBRE,2000007480580462,KLEF0091,ENFRIADOR DE AIRE MISTRAL,1,139990.0,2024-01-28
MERCADOLIBRE,2000007483069396,KLEF0091,ENFRIADOR DE AIRE MISTRAL,1,139990.0,2024-01-29
MERCADOLIBRE,2000007483995280,KLEF0091,ENFRIADOR DE AIRE MISTRAL,1,139990.0,2024-01-29
MERCADOLIBRE,2000007487449596,KLEF0091,ENFRIADOR DE AIRE MISTRAL,1,139990.0,2024-01-29
MERCADOLIBRE,2000007488178694,KLEF0091,ENFRIADOR DE AIRE MISTRAL,1,139990.0,2024-01-29
MERCADOLIBRE,2000007489096288,KLEF0091,ENFRIADOR DE AIRE MISTRAL,1,139990.0,2024-01-29
MERCADOLIBRE,2000007492768210,KLEF0091,ENFRIADOR DE AIRE MISTRAL,1,139990.0,2024-01-30
MERCADOLIBRE,2000007493219746,KLEF0091,ENFRIADOR DE AIRE MISTRAL,1,139990.0,2024-01-30
MERCADOLIBRE,2000007500023028,KLEF0091,ENFRIADOR DE AIRE MISTRAL,1,139990.0,2024-01-31
MERCADOLIBRE,2000007503888746,KLEF0091,ENFRIADOR DE AIRE MISTRAL,1,139990.0,2024-01-31
MERCADOLIBRE,2000007505123870,KLEF0091,ENFRIADOR DE AIRE MISTRAL,1,139990.0,2024-01-31
MERCADOLIBRE,2000007506168078,KLEF0091,ENFRIADOR DE AIRE MISTRAL,1,139990.0,2024-01-31
MERCADOLIBRE,2000007506638594,KLEF0091,ENFRIADOR DE AIRE MISTRAL,1,139990.0,2024-01-31
MERCADOLIBRE,2000007507413552,KLEF0091,ENFRIADOR DE AIRE MISTRAL,1,139990.0,2024-02-01
MERCADOLIBRE,2000007507467592,KLEF0091,ENFRIADOR DE AIRE MISTRAL,1,139990.0,2024-02-01
MERCADOLIBRE,2000007509992444,KLEF0091,ENFRIADOR DE AIRE MISTRAL,1,139990.0,2024-02-01
MERCADOLIBRE,2000007510626604,KLEF0091,ENFRIADOR DE AIRE MISTRAL,1,139990.0,2024-02-01
MERCADOLIBRE,2000007510855870,KLEF0091,ENFRIADOR DE AIRE MISTRAL,1,139990.0,2024-02-01
MERCADOLIBRE,2000007512364404,KLEF0091,ENFRIADOR DE AIRE MISTRAL,1,139990.0,2024-02-01
MERCADOLIBRE,2000007514593908,KLEF0091,ENFRIADOR DE AIRE MISTRAL,1,139990.0,2024-02-01
MERCADOLIBRE,2000007514719626,KLEF0091,ENFRIADOR DE AIRE MISTRAL,1,139990.0,2024-02-01
MERCADOLIBRE,2000007514873126,KLEF0091,ENFRIADOR DE AIRE MISTRAL,1,139990.0,2024-02-01
MERCADOLIBRE,2000007515093590,KLEF0091,ENFRIADOR DE AIRE MISTRAL,1,139990.0,2024-02-02
MERCADOLIBRE,2000007515202148,KLEF0091,ENFRIADOR DE AIRE MISTRAL,1,139990.0,2024-02-02
MERCADOLIBRE,2000007516170044,KLEF0091,ENFRIADOR DE AIRE MISTRAL,1,139990.0,2024-02-02
MERCADOLIBRE,2000007516726416,KLEF0091,ENFRIADOR DE AIRE MISTRAL,1,139990.0,2024-02-02
MERCADOLIBRE,2000007518968048,KLEF0091,ENFRIADOR DE AIRE MISTRAL,1,139990.0,2024-02-02
MERCADOLIBRE,2000007519428472,KLEF0091,ENFRIADOR DE AIRE MISTRAL,1,139990.0,2024-02-02
MERCADOLIBRE,2000007519986288,KLEF0091,ENFRIADOR DE AIRE MISTRAL,1,139990.0,2024-02-02
MERCADOLIBRE,2000007521225588,KLEF0091,ENFRIADOR DE AIRE MISTRAL,1,139990.0,2024-02-02
MERCADOLIBRE,2000007521912932,KLEF0091,ENFRIADOR DE AIRE MISTRAL,1,139990.0,2024-02-02
MERCADOLIBRE,2000007522617990,KLEF0091,ENFRIADOR DE AIRE MISTRAL,1,139990.0,2024-02-03
MERCADOLIBRE,2000007595447080,KLEF0091,ENFRIADOR DE AIRE MISTRAL,1,139990.0,2024-02-13
MERCADOLIBRE,2000007635223228,KLEF0091,ENFRIADOR DE AIRE MISTRAL,1,139990.0,2024-02-19
MERCADOLIBRE,2000007692851820,KLEF0091,ENFRIADOR DE AIRE MISTRAL,1,139990.0,2024-02-26
MERCADOLIBRE,2000008159971304,KLEF0091,ENFRIADOR DE AIRE MISTRAL,1,139990.0,2024-04-30
MERCADOLIBRE,2000008706338217,KLES0074,SECATOALLA WIFI,1,139990.0,2025-08-02
MERCADOLIBRE,2000007623766345,KLES0036,WALLY 1000 INVERTER,1,139990.0,2025-04-14
MERCADOLIBRE,2000007670600661,KLES0036,WALLY 1000 INVERTER,1,139990.0,2025-04-20
MERCADOLIBRE,2000007670600663,KLES0036,WALLY 1000 INVERTER,1,139990.0,2025-04-20
MERCADOLIBRE,2000007674818925,KLES0036,WALLY 1000 INVERTER,1,139990.0,2025-04-21
MERCADOLIBRE,2000007695220365,KLES0036,WALLY 1000 INVERTER,1,139990.0,2025-04-23
MERCADOLIBRE,2000007741875449,KLES0036,WALLY 1000 INVERTER,1,139990.0,2025-04-29
MERCADOLIBRE,2000007752791315,KLES0036,WALLY 1000 INVERTER,1,139990.0,2025-04-30
MERCADOLIBRE,2000011415576694,KLES0036,WALLY 1000 INVERTER,1,139990.0,2025-04-24
MERCADOLIBRE,2000011424705662,KLES0036,WALLY 1000 INVERTER,1,139990.0,2025-04-25
MERCADOLIBRE,2000011470534894,KLES0036,WALLY 1000 INVERTER,1,139990.0,2025-04-30
MERCADOLIBRE,2000006435538736,KLES0037,WALLY 1500 INVERTER,1,139990.0,2023-09-10
MERCADOLIBRE,2000006509059062,KLES0037,WALLY 1500 INVERTER,1,139990.0,2023-09-20
MERCADOLIBRE,2000004409840439,KLES0067,WALLY ONE O 1800,1,139990.0,2023-05-01
MERCADOLIBRE,2000004410971145,KLES0067,WALLY ONE O 1800,1,139990.0,2023-05-02
MERCADOLIBRE,2000004410971147,KLES0067,WALLY ONE O 1800,1,139990.0,2023-05-02
MERCADOLIBRE,2000005525380266,KLES0067,WALLY ONE O 1800,1,139990.0,2023-04-24
MERCADOLIBRE,2000005565428788,KLES0067,WALLY ONE O 1800,1,139990.0,2023-05-01
MERCADOLIBRE,2000005568590962,KLES0067,WALLY ONE O 1800,1,139990.0,2023-05-02
PARIS,3069921510,LOJM0002,CARRETE MANGUERA RETRÁCTIL 30M,2,139980.0,2025-12-08
MERCADOLIBRE,2000007833686421,KLES0070,PTC LIFE 2,2,139980.0,2025-05-09
FALABELLA,2230211004,KLES0071,SKY BLACK,2,139980.0,2024-06-03
RIPLEY,23689730201,KLES0066,WALLY ONE O 1200,2,139980.0,2025-06-12
MERCADOLIBRE,2000007388187855,KLES0036,WALLY 1000 INVERTER,1,139391.0,2025-03-15
MERCADOLIBRE,2000013301649329,KLES0087,CONVECTOR ELECTRICO APOLO 1500 INVERTER,1,139384.0,2026-06-02
MERCADOLIBRE,2000013311725509,KLES0087,CONVECTOR ELECTRICO APOLO 1500 INVERTER,1,139384.0,2026-06-02
MERCADOLIBRE,2000013315915253,KLES0087,CONVECTOR ELECTRICO APOLO 1500 INVERTER,1,139384.0,2026-06-02
MERCADOLIBRE,2000016718817856,KLES0087,CONVECTOR ELECTRICO APOLO 1500 INVERTER,1,139384.0,2026-06-01
MERCADOLIBRE,2000016756505156,KLES0087,CONVECTOR ELECTRICO APOLO 1500 INVERTER,1,139384.0,2026-06-03
MERCADOLIBRE,2000009521935715,KLES0074,SECATOALLA WIFI,1,138989.0,2025-10-08
MERCADOLIBRE,2000009521935717,KLES0074,SECATOALLA WIFI,1,138989.0,2025-10-08
MERCADOLIBRE,2000013310387306,KLES0074,SECATOALLA WIFI,1,138989.0,2025-10-07
MERCADOLIBRE,2000007422434281,KLES0036,WALLY 1000 INVERTER,1,138593.0,2025-03-20
MERCADOLIBRE,2000007467091045,KLES0036,WALLY 1000 INVERTER,1,138593.0,2025-03-26
MERCADOLIBRE,2000007773879177,KLES0036,WALLY 1000 INVERTER,1,138593.0,2025-05-03
MERCADOLIBRE,2000007790945483,KLES0036,WALLY 1000 INVERTER,1,138593.0,2025-05-05
MERCADOLIBRE,2000007795913741,KLES0036,WALLY 1000 INVERTER,1,138593.0,2025-05-05
MERCADOLIBRE,2000007800204607,KLES0036,WALLY 1000 INVERTER,1,138593.0,2025-05-06
MERCADOLIBRE,2000007802315547,KLES0036,WALLY 1000 INVERTER,1,138593.0,2025-05-06
MERCADOLIBRE,2000007802315549,KLES0036,WALLY 1000 INVERTER,1,138593.0,2025-05-06
MERCADOLIBRE,2000007845144231,KLES0036,WALLY 1000 INVERTER,1,138593.0,2025-05-11
MERCADOLIBRE,2000007845144233,KLES0036,WALLY 1000 INVERTER,1,138593.0,2025-05-11
MERCADOLIBRE,2000007845144235,KLES0036,WALLY 1000 INVERTER,1,138593.0,2025-05-11
MERCADOLIBRE,2000007846535601,KLES0036,WALLY 1000 INVERTER,1,138593.0,2025-05-11
MERCADOLIBRE,2000011123775136,KLES0036,WALLY 1000 INVERTER,1,138593.0,2025-03-25
MERCADOLIBRE,2000011500624048,KLES0036,WALLY 1000 INVERTER,1,138593.0,2025-05-04
MERCADOLIBRE,2000011515114412,KLES0036,WALLY 1000 INVERTER,1,138593.0,2025-05-05
MERCADOLIBRE,2000007360648861,KLES0014,CALEFACTOR SECATOALLAS,1,138592.0,2025-03-12
MERCADOLIBRE,2000007360657967,KLES0014,CALEFACTOR SECATOALLAS,1,138592.0,2025-03-12
MERCADOLIBRE,2000007361329637,KLES0014,CALEFACTOR SECATOALLAS,1,138592.0,2025-03-12
MERCADOLIBRE,2000007361505497,KLES0014,CALEFACTOR SECATOALLAS,1,138592.0,2025-03-12
MERCADOLIBRE,2000007371164095,KLES0014,CALEFACTOR SECATOALLAS,1,138592.0,2025-03-13
MERCADOLIBRE,2000007371164097,KLES0014,CALEFACTOR SECATOALLAS,1,138592.0,2025-03-13
MERCADOLIBRE,2000007382401209,KLES0014,CALEFACTOR SECATOALLAS,1,138592.0,2025-03-14
MERCADOLIBRE,2000007385213225,KLES0014,CALEFACTOR SECATOALLAS,1,138592.0,2025-03-15
MERCADOLIBRE,2000007386151455,KLES0014,CALEFACTOR SECATOALLAS,1,138592.0,2025-03-15
MERCADOLIBRE,2000007389662167,KLES0014,CALEFACTOR SECATOALLAS,1,138592.0,2025-03-16
MERCADOLIBRE,2000007402252359,KLES0014,CALEFACTOR SECATOALLAS,1,138592.0,2025-03-17
MERCADOLIBRE,2000009241803821,KLES0074,SECATOALLA WIFI,1,138592.0,2025-09-16
MERCADOLIBRE,2000009291829163,KLES0074,SECATOALLA WIFI,1,138592.0,2025-09-21
MERCADOLIBRE,2000009314051635,KLES0074,SECATOALLA WIFI,1,138592.0,2025-09-23
MERCADOLIBRE,2000013133428978,KLES0074,SECATOALLA WIFI,1,138592.0,2025-09-22
MERCADOLIBRE,2000008202594351,KLES0037,WALLY 1500 INVERTER,1,138592.0,2025-06-15
MERCADOLIBRE,2000008204445725,KLES0037,WALLY 1500 INVERTER,1,138592.0,2025-06-16
MERCADOLIBRE,2000008207813221,KLES0037,WALLY 1500 INVERTER,1,138592.0,2025-06-16
MERCADOLIBRE,2000013364733757,KLES0088,CONVECTOR ELECTRICO APOLO 2000 INVERTER,1,138239.0,2026-06-05
MERCADOLIBRE,2000016814539274,KLES0088,CONVECTOR ELECTRICO APOLO 2000 INVERTER,1,138239.0,2026-06-06
MERCADOLIBRE,2000007469090347,KLES0036,WALLY 1000 INVERTER,1,137691.0,2025-03-27
MERCADOLIBRE,2000007469090349,KLES0036,WALLY 1000 INVERTER,1,137691.0,2025-03-27
MERCADOLIBRE,2000007475076585,KLES0036,WALLY 1000 INVERTER,1,137691.0,2025-03-27
MERCADOLIBRE,2000007476537545,KLES0036,WALLY 1000 INVERTER,1,137691.0,2025-03-28
MERCADOLIBRE,2000007499969625,KLES0036,WALLY 1000 INVERTER,1,137691.0,2025-03-31
MERCADOLIBRE,2000007503404467,KLES0036,WALLY 1000 INVERTER,1,137691.0,2025-03-31
MERCADOLIBRE,2000007507067145,KLES0036,WALLY 1000 INVERTER,1,137691.0,2025-04-01
MERCADOLIBRE,2000007508605615,KLES0036,WALLY 1000 INVERTER,1,137691.0,2025-04-01
MERCADOLIBRE,2000007510930889,KLES0036,WALLY 1000 INVERTER,1,137691.0,2025-04-01
MERCADOLIBRE,2000007517927549,KLES0036,WALLY 1000 INVERTER,1,137691.0,2025-04-02
MERCADOLIBRE,2000007520048857,KLES0036,WALLY 1000 INVERTER,1,137691.0,2025-04-02
MERCADOLIBRE,2000007531093901,KLES0036,WALLY 1000 INVERTER,1,137691.0,2025-04-03
MERCADOLIBRE,2000007532118065,KLES0036,WALLY 1000 INVERTER,1,137691.0,2025-04-03
MERCADOLIBRE,2000007549297921,KLES0036,WALLY 1000 INVERTER,1,137691.0,2025-04-06
MERCADOLIBRE,2000007549450273,KLES0036,WALLY 1000 INVERTER,1,137691.0,2025-04-06
MERCADOLIBRE,2000011210755952,KLES0036,WALLY 1000 INVERTER,1,137691.0,2025-04-03
MERCADOLIBRE,2000010888385811,KLES0014,CALEFACTOR SECATOALLAS,1,137690.0,2026-01-05
MERCADOLIBRE,2000010917898289,KLES0014,CALEFACTOR SECATOALLAS,1,137690.0,2026-01-07
MERCADOLIBRE,2000010917898291,KLES0014,CALEFACTOR SECATOALLAS,1,137690.0,2026-01-07
MERCADOLIBRE,2000012602422650,KLES0036,WALLY 1000 INVERTER,1,135844.0,2026-04-20
MERCADOLIBRE,2000012614510590,KLES0036,WALLY 1000 INVERTER,1,135844.0,2026-04-21
MERCADOLIBRE,2000012648396170,KLES0036,WALLY 1000 INVERTER,1,135844.0,2026-04-23
MERCADOLIBRE,2000013400714425,KLES0089,CONVECTOR ELECTRICO APOLO FABRICS 1500 INVERTER,1,135729.0,2026-06-07
MERCADOLIBRE,2000012692412920,KLES0036,WALLY 1000 INVERTER,1,135629.0,2026-04-26
MERCADOLIBRE,2000010247822343,KLCP0002,KALTEMP 5 X 8,1,134993.0,2025-11-28
MERCADOLIBRE,2000004608277109,KLES0014,CALEFACTOR SECATOALLAS,1,134990.0,2023-07-07
MERCADOLIBRE,2000004608277111,KLES0014,CALEFACTOR SECATOALLAS,1,134990.0,2023-07-07
MERCADOLIBRE,2000006973505209,KLES0014,CALEFACTOR SECATOALLAS,1,134990.0,2025-01-07
MERCADOLIBRE,2000006973505211,KLES0014,CALEFACTOR SECATOALLAS,1,134990.0,2025-01-07
MERCADOLIBRE,2000007152901889,KLES0014,CALEFACTOR SECATOALLAS,1,134990.0,2025-02-06
MERCADOLIBRE,2000007152901891,KLES0014,CALEFACTOR SECATOALLAS,1,134990.0,2025-02-06
MERCADOLIBRE,2000008888058804,KLES0014,CALEFACTOR SECATOALLAS,1,134990.0,2024-07-28
MERCADOLIBRE,2000010365024384,KLES0014,CALEFACTOR SECATOALLAS,1,134990.0,2025-01-04
MERCADOLIBRE,2000010544117270,KLES0014,CALEFACTOR SECATOALLAS,1,134990.0,2025-01-23
MERCADOLIBRE,2000008875202398,KLES0036,WALLY 1000 INVERTER,1,134990.0,2024-07-26
MERCADOLIBRE,2000008876645516,KLES0036,WALLY 1000 INVERTER,1,134990.0,2024-07-26
MERCADOLIBRE,2000008053523079,KLES0037,WALLY 1500 INVERTER,1,134990.0,2025-06-02
MERCADOLIBRE,2000008054118127,KLES0037,WALLY 1500 INVERTER,1,134990.0,2025-06-02
MERCADOLIBRE,2000008054531595,KLES0037,WALLY 1500 INVERTER,1,134990.0,2025-06-02
MERCADOLIBRE,2000008054531597,KLES0037,WALLY 1500 INVERTER,1,134990.0,2025-06-02
MERCADOLIBRE,2000008054680521,KLES0037,WALLY 1500 INVERTER,1,134990.0,2025-06-02
MERCADOLIBRE,2000008062351297,KLES0037,WALLY 1500 INVERTER,1,134990.0,2025-06-02
MERCADOLIBRE,2000011808168260,KLES0037,WALLY 1500 INVERTER,1,134990.0,2025-06-02
MERCADOLIBRE,2000011815151932,KLES0037,WALLY 1500 INVERTER,1,134990.0,2025-06-03
MERCADOLIBRE,2000013464277465,KLES0087,CONVECTOR ELECTRICO APOLO 1500 INVERTER,1,134632.0,2026-06-11
MERCADOLIBRE,2000013468463555,KLES0087,CONVECTOR ELECTRICO APOLO 1500 INVERTER,1,134632.0,2026-06-11
MERCADOLIBRE,2000013491405275,KLES0087,CONVECTOR ELECTRICO APOLO 1500 INVERTER,1,134632.0,2026-06-12
MERCADOLIBRE,2000013491405277,KLES0087,CONVECTOR ELECTRICO APOLO 1500 INVERTER,1,134632.0,2026-06-12
MERCADOLIBRE,2000013495539185,KLES0087,CONVECTOR ELECTRICO APOLO 1500 INVERTER,1,134632.0,2026-06-12
MERCADOLIBRE,2000013500206361,KLES0087,CONVECTOR ELECTRICO APOLO 1500 INVERTER,1,134632.0,2026-06-13
MERCADOLIBRE,2000013547467505,KLES0087,CONVECTOR ELECTRICO APOLO 1500 INVERTER,1,134632.0,2026-06-16
MERCADOLIBRE,2000013654432241,KLES0087,CONVECTOR ELECTRICO APOLO 1500 INVERTER,1,134632.0,2026-06-22
MERCADOLIBRE,2000013654432243,KLES0087,CONVECTOR ELECTRICO APOLO 1500 INVERTER,1,134632.0,2026-06-22
MERCADOLIBRE,2000013655262393,KLES0087,CONVECTOR ELECTRICO APOLO 1500 INVERTER,1,134632.0,2026-06-22
MERCADOLIBRE,2000013655763985,KLES0087,CONVECTOR ELECTRICO APOLO 1500 INVERTER,1,134632.0,2026-06-22
MERCADOLIBRE,2000013664967015,KLES0087,CONVECTOR ELECTRICO APOLO 1500 INVERTER,1,134632.0,2026-06-23
MERCADOLIBRE,2000013666799493,KLES0087,CONVECTOR ELECTRICO APOLO 1500 INVERTER,1,134632.0,2026-06-23
MERCADOLIBRE,2000013669327173,KLES0087,CONVECTOR ELECTRICO APOLO 1500 INVERTER,1,134632.0,2026-06-23
MERCADOLIBRE,2000013674725357,KLES0087,CONVECTOR ELECTRICO APOLO 1500 INVERTER,1,134632.0,2026-06-24
MERCADOLIBRE,2000013682579445,KLES0087,CONVECTOR ELECTRICO APOLO 1500 INVERTER,1,134632.0,2026-06-24
MERCADOLIBRE,2000013685055057,KLES0087,CONVECTOR ELECTRICO APOLO 1500 INVERTER,1,134632.0,2026-06-24
MERCADOLIBRE,2000013741555841,KLES0087,CONVECTOR ELECTRICO APOLO 1500 INVERTER,1,134632.0,2026-06-28
MERCADOLIBRE,2000013756020297,KLES0087,CONVECTOR ELECTRICO APOLO 1500 INVERTER,1,134632.0,2026-06-29
MERCADOLIBRE,2000013757690823,KLES0087,CONVECTOR ELECTRICO APOLO 1500 INVERTER,1,134632.0,2026-06-29
MERCADOLIBRE,2000013758309523,KLES0087,CONVECTOR ELECTRICO APOLO 1500 INVERTER,1,134632.0,2026-06-29
MERCADOLIBRE,2000013758309525,KLES0087,CONVECTOR ELECTRICO APOLO 1500 INVERTER,1,134632.0,2026-06-29
MERCADOLIBRE,2000013771530925,KLES0087,CONVECTOR ELECTRICO APOLO 1500 INVERTER,1,134632.0,2026-06-30
MERCADOLIBRE,2000013776537757,KLES0087,CONVECTOR ELECTRICO APOLO 1500 INVERTER,1,134632.0,2026-06-30
MERCADOLIBRE,2000013786044559,KLES0087,CONVECTOR ELECTRICO APOLO 1500 INVERTER,1,134632.0,2026-07-01
MERCADOLIBRE,2000013787118689,KLES0087,CONVECTOR ELECTRICO APOLO 1500 INVERTER,1,134632.0,2026-07-01
MERCADOLIBRE,2000016951616396,KLES0087,CONVECTOR ELECTRICO APOLO 1500 INVERTER,1,134632.0,2026-06-15
MERCADOLIBRE,2000017068259912,KLES0087,CONVECTOR ELECTRICO APOLO 1500 INVERTER,1,134632.0,2026-06-22
MERCADOLIBRE,2000017074785264,KLES0087,CONVECTOR ELECTRICO APOLO 1500 INVERTER,1,134632.0,2026-06-23
MERCADOLIBRE,2000017100166404,KLES0087,CONVECTOR ELECTRICO APOLO 1500 INVERTER,1,134632.0,2026-06-24
MERCADOLIBRE,2000017178326610,KLES0087,CONVECTOR ELECTRICO APOLO 1500 INVERTER,1,134632.0,2026-06-30
MERCADOLIBRE,2000014580423292,KLES0014,CALEFACTOR SECATOALLAS,1,134631.0,2026-01-05
MERCADOLIBRE,2000010170781017,KLES0074,SECATOALLA WIFI,1,134434.0,2025-11-24
MERCADOLIBRE,2000010882448495,KLES0074,SECATOALLA WIFI,1,134275.0,2026-01-05
MERCADOLIBRE,2000010882448497,KLES0074,SECATOALLA WIFI,1,134275.0,2026-01-05
MERCADOLIBRE,2000010743198653,KLES0074,SECATOALLA WIFI,1,133192.0,2025-12-25
MERCADOLIBRE,2000014218986934,KLES0074,SECATOALLA WIFI,1,133192.0,2025-12-09
MERCADOLIBRE,2000006819407117,KLES0014,CALEFACTOR SECATOALLAS,1,132185.0,2024-12-11
MERCADOLIBRE,2000006853388941,KLES0014,CALEFACTOR SECATOALLAS,1,132185.0,2024-12-16
MERCADOLIBRE,2000006853388943,KLES0014,CALEFACTOR SECATOALLAS,1,132185.0,2024-12-16
MERCADOLIBRE,2000006903132865,KLES0014,CALEFACTOR SECATOALLAS,1,132185.0,2024-12-23
MERCADOLIBRE,2000006903132867,KLES0014,CALEFACTOR SECATOALLAS,1,132185.0,2024-12-23
MERCADOLIBRE,2000014585796128,KLCP0001,KALTEMP 4 X 7,1,131995.0,2026-01-05
MERCADOLIBRE,2000013360814325,KLES0087,CONVECTOR ELECTRICO APOLO 1500 INVERTER,1,131465.0,2026-06-05
MERCADOLIBRE,2000013382194277,KLES0087,CONVECTOR ELECTRICO APOLO 1500 INVERTER,1,131465.0,2026-06-06
FALABELLA,2152849947,KLPB0017,3.05 m x 76 cm 4.6 m3,1,129990.0,2024-01-12
FALABELLA,2156570727,KLPB0017,3.05 m x 76 cm 4.6 m3,1,129990.0,2024-01-22
FALABELLA,2157650760,KLPB0017,3.05 m x 76 cm 4.6 m3,1,129990.0,2024-01-24
FALABELLA,2157748541,KLPB0017,3.05 m x 76 cm 4.6 m3,1,129990.0,2024-01-24
FALABELLA,2159030182,KLPB0017,3.05 m x 76 cm 4.6 m3,1,129990.0,2024-01-28
FALABELLA,2159528161,KLPB0017,3.05 m x 76 cm 4.6 m3,1,129990.0,2024-01-29
FALABELLA,2159921447,KLPB0017,3.05 m x 76 cm 4.6 m3,1,129990.0,2024-01-30
FALABELLA,2160325775,KLPB0017,3.05 m x 76 cm 4.6 m3,1,129990.0,2024-01-31
FALABELLA,2160327422,KLPB0017,3.05 m x 76 cm 4.6 m3,1,129990.0,2024-01-31
FALABELLA,2160410476,KLPB0017,3.05 m x 76 cm 4.6 m3,1,129990.0,2024-01-31
FALABELLA,2161430239,KLPB0017,3.05 m x 76 cm 4.6 m3,1,129990.0,2024-02-02
FALABELLA,2161619333,KLPB0017,3.05 m x 76 cm 4.6 m3,1,129990.0,2024-02-03
FALABELLA,2161645894,KLPB0017,3.05 m x 76 cm 4.6 m3,1,129990.0,2024-02-03
FALABELLA,2161723356,KLPB0017,3.05 m x 76 cm 4.6 m3,1,129990.0,2024-02-03
FALABELLA,2161762860,KLPB0017,3.05 m x 76 cm 4.6 m3,1,129990.0,2024-02-03
MERCADOLIBRE,2000004469705123,KLES0014,CALEFACTOR SECATOALLAS,1,129990.0,2023-05-22
MERCADOLIBRE,2000004469705125,KLES0014,CALEFACTOR SECATOALLAS,1,129990.0,2023-05-22
MERCADOLIBRE,2000004476962905,KLES0014,CALEFACTOR SECATOALLAS,1,129990.0,2023-05-24
MERCADOLIBRE,2000004476962909,KLES0014,CALEFACTOR SECATOALLAS,1,129990.0,2023-05-24
MERCADOLIBRE,2000004476962911,KLES0014,CALEFACTOR SECATOALLAS,1,129990.0,2023-05-24
MERCADOLIBRE,2000004479686145,KLES0014,CALEFACTOR SECATOALLAS,1,129990.0,2023-05-25
MERCADOLIBRE,2000004483974597,KLES0014,CALEFACTOR SECATOALLAS,1,129990.0,2023-05-27
MERCADOLIBRE,2000004485481561,KLES0014,CALEFACTOR SECATOALLAS,1,129990.0,2023-05-28
MERCADOLIBRE,2000004485481563,KLES0014,CALEFACTOR SECATOALLAS,1,129990.0,2023-05-28
MERCADOLIBRE,2000004486435415,KLES0014,CALEFACTOR SECATOALLAS,1,129990.0,2023-05-28
MERCADOLIBRE,2000004672044531,KLES0014,CALEFACTOR SECATOALLAS,1,129990.0,2023-07-27
MERCADOLIBRE,2000004672044533,KLES0014,CALEFACTOR SECATOALLAS,1,129990.0,2023-07-27
MERCADOLIBRE,2000004673482321,KLES0014,CALEFACTOR SECATOALLAS,1,129990.0,2023-07-28
MERCADOLIBRE,2000004673482323,KLES0014,CALEFACTOR SECATOALLAS,1,129990.0,2023-07-28
MERCADOLIBRE,2000005705286818,KLES0014,CALEFACTOR SECATOALLAS,1,129990.0,2023-05-23
MERCADOLIBRE,2000005710962700,KLES0014,CALEFACTOR SECATOALLAS,1,129990.0,2023-05-24
MERCADOLIBRE,2000005714469796,KLES0014,CALEFACTOR SECATOALLAS,1,129990.0,2023-05-24
MERCADOLIBRE,2000005717433822,KLES0014,CALEFACTOR SECATOALLAS,1,129990.0,2023-05-25
MERCADOLIBRE,2000005717545072,KLES0014,CALEFACTOR SECATOALLAS,1,129990.0,2023-05-25
MERCADOLIBRE,2000005718533388,KLES0014,CALEFACTOR SECATOALLAS,1,129990.0,2023-05-25
MERCADOLIBRE,2000005720698176,KLES0014,CALEFACTOR SECATOALLAS,1,129990.0,2023-05-25
MERCADOLIBRE,2000005721006988,KLES0014,CALEFACTOR SECATOALLAS,1,129990.0,2023-05-25
MERCADOLIBRE,2000005723723574,KLES0014,CALEFACTOR SECATOALLAS,1,129990.0,2023-05-26
MERCADOLIBRE,2000005724075236,KLES0014,CALEFACTOR SECATOALLAS,1,129990.0,2023-05-26
MERCADOLIBRE,2000005724180334,KLES0014,CALEFACTOR SECATOALLAS,1,129990.0,2023-05-26
MERCADOLIBRE,2000005727524740,KLES0014,CALEFACTOR SECATOALLAS,1,129990.0,2023-05-26
MERCADOLIBRE,2000006138704298,KLES0014,CALEFACTOR SECATOALLAS,1,129990.0,2023-07-28
FALABELLA,2173846333,KLEF0091,ENFRIADOR DE AIRE MISTRAL,1,129990.0,2024-03-03
FALABELLA,2173944659,KLEF0091,ENFRIADOR DE AIRE MISTRAL,1,129990.0,2024-03-04
FALABELLA,2180369883,KLEF0091,ENFRIADOR DE AIRE MISTRAL,1,129990.0,2024-03-18
MERCADOLIBRE,2000005477422255,KLEF0091,ENFRIADOR DE AIRE MISTRAL,1,129990.0,2024-03-03
MERCADOLIBRE,2000005526743329,KLEF0091,ENFRIADOR DE AIRE MISTRAL,1,129990.0,2024-03-15
MERCADOLIBRE,2000005526743331,KLEF0091,ENFRIADOR DE AIRE MISTRAL,1,129990.0,2024-03-15
MERCADOLIBRE,2000005575415617,KLEF0091,ENFRIADOR DE AIRE MISTRAL,1,129990.0,2024-03-28
MERCADOLIBRE,2000005575415619,KLEF0091,ENFRIADOR DE AIRE MISTRAL,1,129990.0,2024-03-28
MERCADOLIBRE,2000005575415621,KLEF0091,ENFRIADOR DE AIRE MISTRAL,1,129990.0,2024-03-28
MERCADOLIBRE,2000005575415623,KLEF0091,ENFRIADOR DE AIRE MISTRAL,1,129990.0,2024-03-28
MERCADOLIBRE,2000005575415625,KLEF0091,ENFRIADOR DE AIRE MISTRAL,1,129990.0,2024-03-28
MERCADOLIBRE,2000005575415627,KLEF0091,ENFRIADOR DE AIRE MISTRAL,1,129990.0,2024-03-28
MERCADOLIBRE,2000007718327344,KLEF0091,ENFRIADOR DE AIRE MISTRAL,1,129990.0,2024-02-29
MERCADOLIBRE,2000007934291972,KLEF0091,ENFRIADOR DE AIRE MISTRAL,1,129990.0,2024-03-30
MERCADOLIBRE,2000005551243836,KLAP0047,FILTRO PISCINA ESTRUCTURAL AVENLI 290729EU,1,129990.0,2023-04-28
MERCADOLIBRE,2000004349127729,KLES0032,WALLY 1500 C,1,129990.0,2023-04-08
MERCADOLIBRE,2000005429149640,KLES0032,WALLY 1500 C,1,129990.0,2023-04-08
FALABELLA,2226609843,KLES0037,WALLY 1500 INVERTER,1,129990.0,2024-06-02
FALABELLA,2229014684,KLES0037,WALLY 1500 INVERTER,1,129990.0,2024-06-03
FALABELLA,2229618588,KLES0037,WALLY 1500 INVERTER,1,129990.0,2024-06-03
FALABELLA,2229866987,KLES0037,WALLY 1500 INVERTER,1,129990.0,2024-06-03
FALABELLA,2230311679,KLES0037,WALLY 1500 INVERTER,1,129990.0,2024-06-03
FALABELLA,2232000112,KLES0037,WALLY 1500 INVERTER,1,129990.0,2024-06-03
FALABELLA,2233409626,KLES0037,WALLY 1500 INVERTER,1,129990.0,2024-06-03
FALABELLA,2238935810,KLES0037,WALLY 1500 INVERTER,1,129990.0,2024-06-04
FALABELLA,2241604876,KLES0037,WALLY 1500 INVERTER,1,129990.0,2024-06-05
PARIS,3045706020,KLES0037,WALLY 1500 INVERTER,1,129990.0,2025-09-27
PARIS,3046114140,KLES0037,WALLY 1500 INVERTER,1,129990.0,2025-09-29
MERCADOLIBRE,2000004767069597,KLES0037,WALLY 1500 INVERTER,1,129990.0,2023-08-25
MERCADOLIBRE,2000006349283170,KLES0037,WALLY 1500 INVERTER,1,129990.0,2023-08-28
MERCADOLIBRE,2000008163992300,KLES0067,WALLY ONE O 1800,1,129990.0,2024-05-01
MERCADOLIBRE,2000008174418700,KLES0067,WALLY ONE O 1800,1,129990.0,2024-05-02
MERCADOLIBRE,2000013817314929,KLES0067,WALLY ONE O 1800,1,129990.0,2026-07-02
MERCADOLIBRE,2000005764359770,KLES0070,PTC LIFE 2,2,129980.0,2024-05-15
FALABELLA,2237378512,KLES0071,SKY BLACK,2,129980.0,2024-06-04
MERCADOLIBRE,2000013987476318,KLES0014,CALEFACTOR SECATOALLAS,1,129593.0,2025-11-25
MERCADOLIBRE,2000006747667743,KLES0014,CALEFACTOR SECATOALLAS,1,129592.0,2024-12-01
MERCADOLIBRE,2000010008839866,KLES0014,CALEFACTOR SECATOALLAS,1,129592.0,2024-11-30
MERCADOLIBRE,2000010017960486,KLES0014,CALEFACTOR SECATOALLAS,1,129592.0,2024-12-01
MERCADOLIBRE,2000010023941448,KLES0014,CALEFACTOR SECATOALLAS,1,129592.0,2024-12-02
MERCADOLIBRE,2000010030695000,KLES0014,CALEFACTOR SECATOALLAS,1,129592.0,2024-12-02
MERCADOLIBRE,2000008538112677,KLES0037,WALLY 1500 INVERTER,1,129592.0,2025-07-17
MERCADOLIBRE,2000008538112679,KLES0037,WALLY 1500 INVERTER,1,129592.0,2025-07-17
MERCADOLIBRE,2000012317927476,KLES0037,WALLY 1500 INVERTER,1,129592.0,2025-07-16
MERCADOLIBRE,2000012324555968,KLES0037,WALLY 1500 INVERTER,1,129592.0,2025-07-16
MERCADOLIBRE,2000005409349643,KLEF0091,ENFRIADOR DE AIRE MISTRAL,1,128990.0,2024-02-14
MERCADOLIBRE,2000005416722239,KLEF0091,ENFRIADOR DE AIRE MISTRAL,1,128990.0,2024-02-16
MERCADOLIBRE,2000005416722241,KLEF0091,ENFRIADOR DE AIRE MISTRAL,1,128990.0,2024-02-16
MERCADOLIBRE,2000005416722243,KLEF0091,ENFRIADOR DE AIRE MISTRAL,1,128990.0,2024-02-16
MERCADOLIBRE,2000005416722245,KLEF0091,ENFRIADOR DE AIRE MISTRAL,1,128990.0,2024-02-16
MERCADOLIBRE,2000005416722247,KLEF0091,ENFRIADOR DE AIRE MISTRAL,1,128990.0,2024-02-16
MERCADOLIBRE,2000005417573705,KLEF0091,ENFRIADOR DE AIRE MISTRAL,1,128990.0,2024-02-16
MERCADOLIBRE,2000005420314797,KLEF0091,ENFRIADOR DE AIRE MISTRAL,1,128990.0,2024-02-17
MERCADOLIBRE,2000005423867259,KLEF0091,ENFRIADOR DE AIRE MISTRAL,1,128990.0,2024-02-18
MERCADOLIBRE,2000007598542320,KLEF0091,ENFRIADOR DE AIRE MISTRAL,1,128990.0,2024-02-13
MERCADOLIBRE,2000007599108900,KLEF0091,ENFRIADOR DE AIRE MISTRAL,1,128990.0,2024-02-13
MERCADOLIBRE,2000007606922534,KLEF0091,ENFRIADOR DE AIRE MISTRAL,1,128990.0,2024-02-14
MERCADOLIBRE,2000007608490740,KLEF0091,ENFRIADOR DE AIRE MISTRAL,1,128990.0,2024-02-15
MERCADOLIBRE,2000007611455006,KLEF0091,ENFRIADOR DE AIRE MISTRAL,1,128990.0,2024-02-15
MERCADOLIBRE,2000007629172240,KLEF0091,ENFRIADOR DE AIRE MISTRAL,1,128990.0,2024-02-18
MERCADOLIBRE,2000007629823576,KLEF0091,ENFRIADOR DE AIRE MISTRAL,1,128990.0,2024-02-18
MERCADOLIBRE,2000007629875564,KLEF0091,ENFRIADOR DE AIRE MISTRAL,1,128990.0,2024-02-18
MERCADOLIBRE,2000007629985780,KLEF0091,ENFRIADOR DE AIRE MISTRAL,1,128990.0,2024-02-18
MERCADOLIBRE,2000007633639064,KLEF0091,ENFRIADOR DE AIRE MISTRAL,1,128990.0,2024-02-18
MERCADOLIBRE,2000004186786234,KLAP0047,FILTRO PISCINA ESTRUCTURAL AVENLI 290729EU,1,128990.0,2022-09-10
MERCADOLIBRE,2000009928292769,KLES0014,CALEFACTOR SECATOALLAS,1,127793.0,2025-11-09
MERCADOLIBRE,2000010150313991,KLES0014,CALEFACTOR SECATOALLAS,1,127793.0,2025-11-22
MERCADOLIBRE,2000013894113328,KLES0014,CALEFACTOR SECATOALLAS,1,127793.0,2025-11-18
MERCADOLIBRE,2000006466716594,KLES0037,WALLY 1500 INVERTER,1,126090.0,2023-09-14
MERCADOLIBRE,2000008066100603,KLES0036,WALLY 1000 INVERTER,1,124990.0,2025-06-03
MERCADOLIBRE,2000008066917637,KLES0036,WALLY 1000 INVERTER,1,124990.0,2025-06-03
MERCADOLIBRE,2000008066917639,KLES0036,WALLY 1000 INVERTER,1,124990.0,2025-06-03
MERCADOLIBRE,2000008066917641,KLES0036,WALLY 1000 INVERTER,1,124990.0,2025-06-03
PARIS,3048786540,KLES0037,WALLY 1500 INVERTER,1,124990.0,2025-10-06
PARIS,3073121080,KLES0037,WALLY 1500 INVERTER,1,124990.0,2025-12-15
PARIS,3075294800,KLES0037,WALLY 1500 INVERTER,1,124990.0,2025-12-21
PARIS,3082608880,KLES0037,WALLY 1500 INVERTER,1,124990.0,2026-01-31
MERCADOLIBRE,2000009886141331,KLCP0001,KALTEMP 4 X 7,1,124795.0,2025-11-06
MERCADOLIBRE,2000009960756189,KLCP0001,KALTEMP 4 X 7,1,124795.0,2025-11-11
MERCADOLIBRE,2000010035796017,KLCP0001,KALTEMP 4 X 7,1,124795.0,2025-11-15
MERCADOLIBRE,2000010094271501,KLCP0001,KALTEMP 4 X 7,1,124795.0,2025-11-18
MERCADOLIBRE,2000010097275141,KLCP0001,KALTEMP 4 X 7,1,124795.0,2025-11-19
MERCADOLIBRE,2000010102408725,KLCP0001,KALTEMP 4 X 7,1,124795.0,2025-11-19
MERCADOLIBRE,2000010119980665,KLCP0001,KALTEMP 4 X 7,1,124795.0,2025-11-20
MERCADOLIBRE,2000010130566181,KLCP0001,KALTEMP 4 X 7,1,124795.0,2025-11-21
MERCADOLIBRE,2000010408352317,KLCP0001,KALTEMP 4 X 7,1,124795.0,2025-12-06
MERCADOLIBRE,2000010411986209,KLCP0001,KALTEMP 4 X 7,1,124795.0,2025-12-06
MERCADOLIBRE,2000010791066823,KLCP0001,KALTEMP 4 X 7,1,124795.0,2025-12-29
MERCADOLIBRE,2000013905358654,KLCP0001,KALTEMP 4 X 7,1,124795.0,2025-11-19
MERCADOLIBRE,2000014212487002,KLCP0001,KALTEMP 4 X 7,1,124795.0,2025-12-09
MERCADOLIBRE,2000014336797256,KLCP0001,KALTEMP 4 X 7,1,124795.0,2025-12-16
MERCADOLIBRE,2000008067588573,KLES0037,WALLY 1500 INVERTER,1,124193.0,2025-06-03
MERCADOLIBRE,2000008070819251,KLES0037,WALLY 1500 INVERTER,1,124193.0,2025-06-03
MERCADOLIBRE,2000008073042833,KLES0037,WALLY 1500 INVERTER,1,124193.0,2025-06-03
MERCADOLIBRE,2000008075290889,KLES0037,WALLY 1500 INVERTER,1,124193.0,2025-06-03
MERCADOLIBRE,2000011826762116,KLES0037,WALLY 1500 INVERTER,1,124193.0,2025-06-03
MERCADOLIBRE,2000008203592949,KLES0036,WALLY 1000 INVERTER,1,120994.0,2025-06-15
FALABELLA,2226846423,KLES0014,CALEFACTOR SECATOALLAS,1,119990.0,2024-06-02
FALABELLA,2230178805,KLES0014,CALEFACTOR SECATOALLAS,1,119990.0,2024-06-03
FALABELLA,2230427887,KLES0014,CALEFACTOR SECATOALLAS,1,119990.0,2024-06-03
FALABELLA,2230751246,KLES0014,CALEFACTOR SECATOALLAS,1,119990.0,2024-06-03
FALABELLA,2232477830,KLES0014,CALEFACTOR SECATOALLAS,1,119990.0,2024-06-03
FALABELLA,2232596034,KLES0014,CALEFACTOR SECATOALLAS,1,119990.0,2024-06-03
FALABELLA,2235845382,KLES0014,CALEFACTOR SECATOALLAS,1,119990.0,2024-06-04
FALABELLA,2237253095,KLES0014,CALEFACTOR SECATOALLAS,1,119990.0,2024-06-04
FALABELLA,2237426223,KLES0014,CALEFACTOR SECATOALLAS,1,119990.0,2024-06-04
FALABELLA,2237556185,KLES0014,CALEFACTOR SECATOALLAS,1,119990.0,2024-06-04
FALABELLA,2238149389,KLES0014,CALEFACTOR SECATOALLAS,1,119990.0,2024-06-04
FALABELLA,2240011782,KLES0014,CALEFACTOR SECATOALLAS,1,119990.0,2024-06-05
FALABELLA,2241333591,KLES0014,CALEFACTOR SECATOALLAS,1,119990.0,2024-06-05
FALABELLA,2242110777,KLES0014,CALEFACTOR SECATOALLAS,1,119990.0,2024-06-05
FALABELLA,2243565362,KLES0014,CALEFACTOR SECATOALLAS,1,119990.0,2024-06-05
FALABELLA,2245515773,KLES0014,CALEFACTOR SECATOALLAS,1,119990.0,2024-06-06
FALABELLA,2588280578,KLES0014,CALEFACTOR SECATOALLAS,1,119990.0,2024-09-30
FALABELLA,2593807334,KLES0014,CALEFACTOR SECATOALLAS,1,119990.0,2024-10-01
FALABELLA,2595455294,KLES0014,CALEFACTOR SECATOALLAS,1,119990.0,2024-10-02
FALABELLA,2597771039,KLES0014,CALEFACTOR SECATOALLAS,1,119990.0,2024-10-02
MERCADOLIBRE,2000004322249321,KLES0014,CALEFACTOR SECATOALLAS,1,119990.0,2023-03-28
MERCADOLIBRE,2000004322249323,KLES0014,CALEFACTOR SECATOALLAS,1,119990.0,2023-03-28
MERCADOLIBRE,2000004324571875,KLES0014,CALEFACTOR SECATOALLAS,1,119990.0,2023-03-29
MERCADOLIBRE,2000004324571877,KLES0014,CALEFACTOR SECATOALLAS,1,119990.0,2023-03-29
MERCADOLIBRE,2000005362727684,KLES0014,CALEFACTOR SECATOALLAS,1,119990.0,2023-03-27
MERCADOLIBRE,2000005364300732,KLES0014,CALEFACTOR SECATOALLAS,1,119990.0,2023-03-28
MERCADOLIBRE,2000005365640738,KLES0014,CALEFACTOR SECATOALLAS,1,119990.0,2023-03-28
MERCADOLIBRE,2000005365935180,KLES0014,CALEFACTOR SECATOALLAS,1,119990.0,2023-03-28
MERCADOLIBRE,2000005367285486,KLES0014,CALEFACTOR SECATOALLAS,1,119990.0,2023-03-28
MERCADOLIBRE,2000005844203240,KLES0014,CALEFACTOR SECATOALLAS,1,119990.0,2024-06-03
MERCADOLIBRE,2000005847049210,KLES0014,CALEFACTOR SECATOALLAS,1,119990.0,2024-06-03
MERCADOLIBRE,2000005849054460,KLES0014,CALEFACTOR SECATOALLAS,1,119990.0,2024-06-03
MERCADOLIBRE,2000005855312980,KLES0014,CALEFACTOR SECATOALLAS,1,119990.0,2024-06-05
MERCADOLIBRE,2000005858562440,KLES0014,CALEFACTOR SECATOALLAS,1,119990.0,2024-06-05
MERCADOLIBRE,2000005860453200,KLES0014,CALEFACTOR SECATOALLAS,1,119990.0,2024-06-06
MERCADOLIBRE,2000006387981131,KLES0014,CALEFACTOR SECATOALLAS,1,119990.0,2024-09-30
MERCADOLIBRE,2000006388107489,KLES0014,CALEFACTOR SECATOALLAS,1,119990.0,2024-09-30
MERCADOLIBRE,2000006388107491,KLES0014,CALEFACTOR SECATOALLAS,1,119990.0,2024-09-30
MERCADOLIBRE,2000008424482560,KLES0014,CALEFACTOR SECATOALLAS,1,119990.0,2024-06-02
MERCADOLIBRE,2000008424588730,KLES0014,CALEFACTOR SECATOALLAS,1,119990.0,2024-06-03
MERCADOLIBRE,2000008424608590,KLES0014,CALEFACTOR SECATOALLAS,1,119990.0,2024-06-03
MERCADOLIBRE,2000008424702590,KLES0014,CALEFACTOR SECATOALLAS,1,119990.0,2024-06-03
MERCADOLIBRE,2000008425484660,KLES0014,CALEFACTOR SECATOALLAS,1,119990.0,2024-06-03
MERCADOLIBRE,2000008432700010,KLES0014,CALEFACTOR SECATOALLAS,1,119990.0,2024-06-03
MERCADOLIBRE,2000008434776370,KLES0014,CALEFACTOR SECATOALLAS,1,119990.0,2024-06-04
MERCADOLIBRE,2000008439647770,KLES0014,CALEFACTOR SECATOALLAS,1,119990.0,2024-06-04
MERCADOLIBRE,2000008443617940,KLES0014,CALEFACTOR SECATOALLAS,1,119990.0,2024-06-04
MERCADOLIBRE,2000008445266110,KLES0014,CALEFACTOR SECATOALLAS,1,119990.0,2024-06-05
MERCADOLIBRE,2000008445675840,KLES0014,CALEFACTOR SECATOALLAS,1,119990.0,2024-06-05
MERCADOLIBRE,2000008446395490,KLES0014,CALEFACTOR SECATOALLAS,1,119990.0,2024-06-05
MERCADOLIBRE,2000008446527310,KLES0014,CALEFACTOR SECATOALLAS,1,119990.0,2024-06-05
MERCADOLIBRE,2000008447432480,KLES0014,CALEFACTOR SECATOALLAS,1,119990.0,2024-06-05
MERCADOLIBRE,2000008448161230,KLES0014,CALEFACTOR SECATOALLAS,1,119990.0,2024-06-05
MERCADOLIBRE,2000008448888890,KLES0014,CALEFACTOR SECATOALLAS,1,119990.0,2024-06-05
MERCADOLIBRE,2000008450463250,KLES0014,CALEFACTOR SECATOALLAS,1,119990.0,2024-06-05
MERCADOLIBRE,2000008451541900,KLES0014,CALEFACTOR SECATOALLAS,1,119990.0,2024-06-05
MERCADOLIBRE,2000008451938740,KLES0014,CALEFACTOR SECATOALLAS,1,119990.0,2024-06-05
MERCADOLIBRE,2000008453918480,KLES0014,CALEFACTOR SECATOALLAS,1,119990.0,2024-06-05
MERCADOLIBRE,2000008453936400,KLES0014,CALEFACTOR SECATOALLAS,1,119990.0,2024-06-05
MERCADOLIBRE,2000008454745690,KLES0014,CALEFACTOR SECATOALLAS,1,119990.0,2024-06-06
MERCADOLIBRE,2000008455317150,KLES0014,CALEFACTOR SECATOALLAS,1,119990.0,2024-06-06
MERCADOLIBRE,2000008458344990,KLES0014,CALEFACTOR SECATOALLAS,1,119990.0,2024-06-06
MERCADOLIBRE,2000008459628060,KLES0014,CALEFACTOR SECATOALLAS,1,119990.0,2024-06-06
MERCADOLIBRE,2000009427542280,KLES0014,CALEFACTOR SECATOALLAS,1,119990.0,2024-09-30
MERCADOLIBRE,2000009431523958,KLES0014,CALEFACTOR SECATOALLAS,1,119990.0,2024-09-30
MERCADOLIBRE,2000009435804280,KLES0014,CALEFACTOR SECATOALLAS,1,119990.0,2024-10-01
MERCADOLIBRE,2000009436281658,KLES0014,CALEFACTOR SECATOALLAS,1,119990.0,2024-10-01
MERCADOLIBRE,2000009436376696,KLES0014,CALEFACTOR SECATOALLAS,1,119990.0,2024-10-01
FALABELLA,2136364345,KLAP0047,FILTRO PISCINA ESTRUCTURAL AVENLI 290729EU,1,119990.0,2023-11-12
MERCADOLIBRE,2000004200445871,KLAP0047,FILTRO PISCINA ESTRUCTURAL AVENLI 290729EU,1,119990.0,2023-02-09
MERCADOLIBRE,2000004252438387,KLAP0047,FILTRO PISCINA ESTRUCTURAL AVENLI 290729EU,1,119990.0,2023-03-02
MERCADOLIBRE,2000005110563484,KLAP0047,FILTRO PISCINA ESTRUCTURAL AVENLI 290729EU,1,119990.0,2023-02-13
MERCADOLIBRE,2000005150070088,KLAP0047,FILTRO PISCINA ESTRUCTURAL AVENLI 290729EU,1,119990.0,2023-02-20
MERCADOLIBRE,2000005167697118,KLAP0047,FILTRO PISCINA ESTRUCTURAL AVENLI 290729EU,1,119990.0,2023-02-23
MERCADOLIBRE,2000005187131356,KLAP0047,FILTRO PISCINA ESTRUCTURAL AVENLI 290729EU,1,119990.0,2023-02-27
MERCADOLIBRE,2000005221972140,KLAP0047,FILTRO PISCINA ESTRUCTURAL AVENLI 290729EU,1,119990.0,2023-03-04
MERCADOLIBRE,2000005305927398,KLAP0047,FILTRO PISCINA ESTRUCTURAL AVENLI 290729EU,1,119990.0,2023-03-17
MERCADOLIBRE,2000005334710528,KLAP0047,FILTRO PISCINA ESTRUCTURAL AVENLI 290729EU,1,119990.0,2023-03-22
PARIS,3010002120,KLES0031,WALLY 1000 C,1,119990.0,2025-05-12
PARIS,3014226210,KLES0031,WALLY 1000 C,1,119990.0,2025-05-29
PARIS,3039248650,KLES0031,WALLY 1000 C,1,119990.0,2025-08-24
MERCADOLIBRE,2000004425718449,KLES0031,WALLY 1000 C,1,119990.0,2023-05-07
MERCADOLIBRE,2000004425718451,KLES0031,WALLY 1000 C,1,119990.0,2023-05-07
MERCADOLIBRE,2000004436849419,KLES0031,WALLY 1000 C,1,119990.0,2023-05-10
MERCADOLIBRE,2000004436849423,KLES0031,WALLY 1000 C,1,119990.0,2023-05-10
MERCADOLIBRE,2000004436849425,KLES0031,WALLY 1000 C,1,119990.0,2023-05-10
MERCADOLIBRE,2000005583845930,KLES0031,WALLY 1000 C,1,119990.0,2023-05-04
MERCADOLIBRE,2000005596221214,KLES0031,WALLY 1000 C,1,119990.0,2023-05-06
MERCADOLIBRE,2000005602306842,KLES0031,WALLY 1000 C,1,119990.0,2023-05-07
MERCADOLIBRE,2000005608392014,KLES0031,WALLY 1000 C,1,119990.0,2023-05-08
MERCADOLIBRE,2000005611230622,KLES0031,WALLY 1000 C,1,119990.0,2023-05-08
MERCADOLIBRE,2000005613568644,KLES0031,WALLY 1000 C,1,119990.0,2023-05-09
MERCADOLIBRE,2000005625413194,KLES0031,WALLY 1000 C,1,119990.0,2023-05-10
MERCADOLIBRE,2000005627905872,KLES0031,WALLY 1000 C,1,119990.0,2023-05-10
MERCADOLIBRE,2000005844393160,KLES0036,WALLY 1000 INVERTER,1,119990.0,2024-06-03
MERCADOLIBRE,2000005844842940,KLES0036,WALLY 1000 INVERTER,1,119990.0,2024-06-03
MERCADOLIBRE,2000005846024740,KLES0036,WALLY 1000 INVERTER,1,119990.0,2024-06-03
MERCADOLIBRE,2000005846134080,KLES0036,WALLY 1000 INVERTER,1,119990.0,2024-06-03
MERCADOLIBRE,2000005846717620,KLES0036,WALLY 1000 INVERTER,1,119990.0,2024-06-03
MERCADOLIBRE,2000005847155870,KLES0036,WALLY 1000 INVERTER,1,119990.0,2024-06-03
MERCADOLIBRE,2000005848796320,KLES0036,WALLY 1000 INVERTER,1,119990.0,2024-06-03
MERCADOLIBRE,2000005852361580,KLES0036,WALLY 1000 INVERTER,1,119990.0,2024-06-04
MERCADOLIBRE,2000005852707760,KLES0036,WALLY 1000 INVERTER,1,119990.0,2024-06-04
MERCADOLIBRE,2000008433795420,KLES0036,WALLY 1000 INVERTER,1,119990.0,2024-06-03
MERCADOLIBRE,2000008437603540,KLES0036,WALLY 1000 INVERTER,1,119990.0,2024-06-04
MERCADOLIBRE,2000008443211210,KLES0036,WALLY 1000 INVERTER,1,119990.0,2024-06-04
MERCADOLIBRE,2000008453064180,KLES0036,WALLY 1000 INVERTER,1,119990.0,2024-06-05
MERCADOLIBRE,2000008458718160,KLES0036,WALLY 1000 INVERTER,1,119990.0,2024-06-06
FALABELLA,2255759432,KLES0032,WALLY 1500 C,1,119990.0,2024-06-19
FALABELLA,2261631548,KLES0032,WALLY 1500 C,1,119990.0,2024-06-25
FALABELLA,2500720917,KLES0032,WALLY 1500 C,1,119990.0,2024-06-27
FALABELLA,2505938927,KLES0032,WALLY 1500 C,1,119990.0,2024-07-02
FALABELLA,2523759338,KLES0032,WALLY 1500 C,1,119990.0,2024-07-17
FALABELLA,2527648222,KLES0032,WALLY 1500 C,1,119990.0,2024-07-19
FALABELLA,2543320741,KLES0032,WALLY 1500 C,1,119990.0,2024-08-04
FALABELLA,2544224596,KLES0032,WALLY 1500 C,1,119990.0,2024-08-05
FALABELLA,2545962357,KLES0032,WALLY 1500 C,1,119990.0,2024-08-07
MERCADOLIBRE,2000007806670908,KLES0032,WALLY 1500 C,1,119990.0,2024-03-12
MERCADOLIBRE,2000007816628502,KLES0032,WALLY 1500 C,1,119990.0,2024-03-13
MERCADOLIBRE,2000007874663470,KLES0032,WALLY 1500 C,1,119990.0,2024-03-21
MERCADOLIBRE,2000007754434543,KLES0067,WALLY ONE O 1800,1,119990.0,2025-04-30
MERCADOLIBRE,2000007756248013,KLES0067,WALLY ONE O 1800,1,119990.0,2025-04-30
MERCADOLIBRE,2000007759157437,KLES0067,WALLY ONE O 1800,1,119990.0,2025-05-01
MERCADOLIBRE,2000007875680979,KLES0067,WALLY ONE O 1800,1,119990.0,2025-05-14
MERCADOLIBRE,2000011488539668,KLES0067,WALLY ONE O 1800,1,119990.0,2025-05-02
MERCADOLIBRE,2000011594956532,KLES0067,WALLY ONE O 1800,1,119990.0,2025-05-13
MERCADOLIBRE,2000011599888710,KLES0067,WALLY ONE O 1800,1,119990.0,2025-05-13
FALABELLA,2199513392,KLES0070,PTC LIFE 2,2,119980.0,2024-04-28
FALABELLA,2200734532,KLES0070,PTC LIFE 2,2,119980.0,2024-05-01
MERCADOLIBRE,2000005927917130,KLES0070,PTC LIFE 2,2,119980.0,2024-06-21
FALABELLA,2069123964,KLES0065,WALLY ONE O 600,2,119980.0,2023-06-04
RIPLEY,23462762301,KLES0067,WALLY ONE O 1800,1,118990.0,2025-04-14
MERCADOLIBRE,2000006791190718,KLES0069,IR STONE BLANCO,1,115414.0,2023-10-31
FALABELLA,2065888713,KLES0014,CALEFACTOR SECATOALLAS,1,114990.0,2023-05-28
FALABELLA,2065910321,KLES0014,CALEFACTOR SECATOALLAS,1,114990.0,2023-05-28
FALABELLA,2065911647,KLES0014,CALEFACTOR SECATOALLAS,1,114990.0,2023-05-28
FALABELLA,2065960358,KLES0014,CALEFACTOR SECATOALLAS,1,114990.0,2023-05-29
FALABELLA,2066039832,KLES0014,CALEFACTOR SECATOALLAS,1,114990.0,2023-05-29
FALABELLA,2066250401,KLES0014,CALEFACTOR SECATOALLAS,1,114990.0,2023-05-29
FALABELLA,2066266368,KLES0014,CALEFACTOR SECATOALLAS,1,114990.0,2023-05-29
FALABELLA,2066323471,KLES0014,CALEFACTOR SECATOALLAS,1,114990.0,2023-05-29
FALABELLA,2066346960,KLES0014,CALEFACTOR SECATOALLAS,1,114990.0,2023-05-29
FALABELLA,2066534963,KLES0014,CALEFACTOR SECATOALLAS,1,114990.0,2023-05-29
FALABELLA,2066613534,KLES0014,CALEFACTOR SECATOALLAS,1,114990.0,2023-05-29
FALABELLA,2066823047,KLES0014,CALEFACTOR SECATOALLAS,1,114990.0,2023-05-29
FALABELLA,2067139462,KLES0014,CALEFACTOR SECATOALLAS,1,114990.0,2023-05-30
FALABELLA,2067264414,KLES0014,CALEFACTOR SECATOALLAS,1,114990.0,2023-05-30
FALABELLA,2067463759,KLES0014,CALEFACTOR SECATOALLAS,1,114990.0,2023-05-30
FALABELLA,2068389946,KLES0014,CALEFACTOR SECATOALLAS,1,114990.0,2023-05-31
FALABELLA,2068562833,KLES0014,CALEFACTOR SECATOALLAS,1,114990.0,2023-06-01
RIPLEY,23618916301,KLES0014,CALEFACTOR SECATOALLAS,1,114990.0,2025-06-03
RIPLEY,23662582201,KLES0014,CALEFACTOR SECATOALLAS,1,114990.0,2025-06-04
MERCADOLIBRE,2000004489162349,KLES0014,CALEFACTOR SECATOALLAS,1,114990.0,2023-05-29
MERCADOLIBRE,2000004489162351,KLES0014,CALEFACTOR SECATOALLAS,1,114990.0,2023-05-29
MERCADOLIBRE,2000004494250449,KLES0014,CALEFACTOR SECATOALLAS,1,114990.0,2023-05-30
MERCADOLIBRE,2000004494250453,KLES0014,CALEFACTOR SECATOALLAS,1,114990.0,2023-05-30
MERCADOLIBRE,2000004494922327,KLES0014,CALEFACTOR SECATOALLAS,1,114990.0,2023-05-31
MERCADOLIBRE,2000005737473958,KLES0014,CALEFACTOR SECATOALLAS,1,114990.0,2023-05-29
MERCADOLIBRE,2000005739383518,KLES0014,CALEFACTOR SECATOALLAS,1,114990.0,2023-05-29
MERCADOLIBRE,2000005739485870,KLES0014,CALEFACTOR SECATOALLAS,1,114990.0,2023-05-29
MERCADOLIBRE,2000005739602898,KLES0014,CALEFACTOR SECATOALLAS,1,114990.0,2023-05-29
MERCADOLIBRE,2000005742461280,KLES0014,CALEFACTOR SECATOALLAS,1,114990.0,2023-05-29
MERCADOLIBRE,2000005742735072,KLES0014,CALEFACTOR SECATOALLAS,1,114990.0,2023-05-29
MERCADOLIBRE,2000005743852680,KLES0014,CALEFACTOR SECATOALLAS,1,114990.0,2023-05-29
MERCADOLIBRE,2000005744175410,KLES0014,CALEFACTOR SECATOALLAS,1,114990.0,2023-05-30
MERCADOLIBRE,2000005745130022,KLES0014,CALEFACTOR SECATOALLAS,1,114990.0,2023-05-30
MERCADOLIBRE,2000005750961362,KLES0014,CALEFACTOR SECATOALLAS,1,114990.0,2023-05-30
MERCADOLIBRE,2000005751598180,KLES0014,CALEFACTOR SECATOALLAS,1,114990.0,2023-05-30
MERCADOLIBRE,2000005751899146,KLES0014,CALEFACTOR SECATOALLAS,1,114990.0,2023-05-30
MERCADOLIBRE,2000005754889792,KLES0014,CALEFACTOR SECATOALLAS,1,114990.0,2023-05-31
MERCADOLIBRE,2000005755450050,KLES0014,CALEFACTOR SECATOALLAS,1,114990.0,2023-05-31
MERCADOLIBRE,2000005755772374,KLES0014,CALEFACTOR SECATOALLAS,1,114990.0,2023-05-31
MERCADOLIBRE,2000005758924194,KLES0014,CALEFACTOR SECATOALLAS,1,114990.0,2023-05-31
MERCADOLIBRE,2000005764061714,KLES0014,CALEFACTOR SECATOALLAS,1,114990.0,2023-06-01
MERCADOLIBRE,2000005764424064,KLES0014,CALEFACTOR SECATOALLAS,1,114990.0,2023-06-01
PARIS,3070555950,KLCP0001,KALTEMP 4 X 7,1,114990.0,2025-12-09
PARIS,3076141580,KLCP0001,KALTEMP 4 X 7,1,114990.0,2025-12-23
PARIS,3084692290,KLCP0001,KALTEMP 4 X 7,1,114990.0,2026-02-11
PARIS,3088647970,KLCP0001,KALTEMP 4 X 7,1,114990.0,2026-03-05
PARIS,3088819420,KLCP0001,KALTEMP 4 X 7,1,114990.0,2026-03-06
PARIS,3089862620,KLCP0001,KALTEMP 4 X 7,1,114990.0,2026-03-12
PARIS,3101300100,KLCP0001,KALTEMP 4 X 7,1,114990.0,2026-04-26
PARIS,3101418190,KLCP0001,KALTEMP 4 X 7,1,114990.0,2026-04-27
MERCADOLIBRE,2000010955711569,KLCP0001,KALTEMP 4 X 7,1,114990.0,2026-01-09
MERCADOLIBRE,2000010971733913,KLCP0001,KALTEMP 4 X 7,1,114990.0,2026-01-10
MERCADOLIBRE,2000010999646135,KLCP0001,KALTEMP 4 X 7,1,114990.0,2026-01-12
MERCADOLIBRE,2000011011697189,KLCP0001,KALTEMP 4 X 7,1,114990.0,2026-01-12
MERCADOLIBRE,2000011027475749,KLCP0001,KALTEMP 4 X 7,1,114990.0,2026-01-13
MERCADOLIBRE,2000011035631597,KLCP0001,KALTEMP 4 X 7,1,114990.0,2026-01-14
MERCADOLIBRE,2000011055391789,KLCP0001,KALTEMP 4 X 7,1,114990.0,2026-01-15
MERCADOLIBRE,2000011075441585,KLCP0001,KALTEMP 4 X 7,1,114990.0,2026-01-16
MERCADOLIBRE,2000011078629521,KLCP0001,KALTEMP 4 X 7,1,114990.0,2026-01-16
MERCADOLIBRE,2000008075290891,KLES0036,WALLY 1000 INVERTER,1,114394.0,2025-06-03
MERCADOLIBRE,2000008075318719,KLES0036,WALLY 1000 INVERTER,1,114394.0,2025-06-03
MERCADOLIBRE,2000008078364417,KLES0036,WALLY 1000 INVERTER,1,114394.0,2025-06-04
MERCADOLIBRE,2000008083590117,KLES0036,WALLY 1000 INVERTER,1,114394.0,2025-06-04
MERCADOLIBRE,2000008084951427,KLES0036,WALLY 1000 INVERTER,1,114394.0,2025-06-04
MERCADOLIBRE,2000008088092673,KLES0036,WALLY 1000 INVERTER,1,114394.0,2025-06-05
MERCADOLIBRE,2000008088460789,KLES0036,WALLY 1000 INVERTER,1,114394.0,2025-06-05
MERCADOLIBRE,2000008088460791,KLES0036,WALLY 1000 INVERTER,1,114394.0,2025-06-05
MERCADOLIBRE,2000008098770229,KLES0036,WALLY 1000 INVERTER,1,114394.0,2025-06-06
MERCADOLIBRE,2000011821369290,KLES0036,WALLY 1000 INVERTER,1,114394.0,2025-06-03
MERCADOLIBRE,2000011836822520,KLES0036,WALLY 1000 INVERTER,1,114394.0,2025-06-04
MERCADOLIBRE,2000011841706432,KLES0036,WALLY 1000 INVERTER,1,114394.0,2025-06-04
MERCADOLIBRE,2000008204418740,KLES0067,WALLY ONE O 1800,1,111990.0,2024-05-06
MERCADOLIBRE,2000008274796920,KLES0067,WALLY ONE O 1800,1,111990.0,2024-05-15
MERCADOLIBRE,2000008276054060,KLES0067,WALLY ONE O 1800,1,111990.0,2024-05-15
MERCADOLIBRE,2000008276081360,KLES0067,WALLY ONE O 1800,1,111990.0,2024-05-15
MERCADOLIBRE,2000008277878710,KLES0067,WALLY ONE O 1800,1,111990.0,2024-05-15
MERCADOLIBRE,2000010255225965,KLCP0001,KALTEMP 4 X 7,1,110395.0,2025-11-28
MERCADOLIBRE,2000010310350469,KLCP0001,KALTEMP 4 X 7,1,110395.0,2025-12-01
MERCADOLIBRE,2000008366934399,KLES0036,WALLY 1000 INVERTER,1,109995.0,2025-07-02
MERCADOLIBRE,2000008379319737,KLES0036,WALLY 1000 INVERTER,1,109995.0,2025-07-03
MERCADOLIBRE,2000008379326453,KLES0036,WALLY 1000 INVERTER,1,109995.0,2025-07-03
MERCADOLIBRE,2000008507139917,KLES0036,WALLY 1000 INVERTER,1,109995.0,2025-07-14
MERCADOLIBRE,2000012133758002,KLES0036,WALLY 1000 INVERTER,1,109995.0,2025-07-01
FALABELLA,2535453269,KLAP0047,FILTRO PISCINA ESTRUCTURAL AVENLI 290729EU,1,109990.0,2024-07-28
MERCADOLIBRE,2000004510501340,KLAP0047,FILTRO PISCINA ESTRUCTURAL AVENLI 290729EU,1,109990.0,2022-11-09
MERCADOLIBRE,2000004519753792,KLAP0047,FILTRO PISCINA ESTRUCTURAL AVENLI 290729EU,1,109990.0,2022-11-10
MERCADOLIBRE,2000006451260374,KLES0069,IR STONE BLANCO,1,109990.0,2023-09-12
PARIS,3066852390,KLCP0001,KALTEMP 4 X 7,1,109990.0,2025-12-01
PARIS,3068129100,KLCP0001,KALTEMP 4 X 7,1,109990.0,2025-12-03
PARIS,3069218340,KLCP0001,KALTEMP 4 X 7,1,109990.0,2025-12-06
PARIS,3070289760,KLCP0001,KALTEMP 4 X 7,1,109990.0,2025-12-09
FALABELLA,2208059839,KLES0072,SKY IR,1,109990.0,2024-05-14
FALABELLA,2234519516,KLES0072,SKY IR,1,109990.0,2024-06-03
FALABELLA,2192389506,KLES0031,WALLY 1000 C,1,109990.0,2024-04-11
FALABELLA,2250129694,KLES0031,WALLY 1000 C,1,109990.0,2024-06-12
FALABELLA,2561361785,KLES0031,WALLY 1000 C,1,109990.0,2024-08-27
MERCADOLIBRE,2000005482354199,KLES0031,WALLY 1000 C,1,109990.0,2024-03-04
MERCADOLIBRE,2000005482354201,KLES0031,WALLY 1000 C,1,109990.0,2024-03-04
MERCADOLIBRE,2000005524169259,KLES0031,WALLY 1000 C,1,109990.0,2024-03-15
MERCADOLIBRE,2000005532427325,KLES0031,WALLY 1000 C,1,109990.0,2024-03-17
MERCADOLIBRE,2000006523622605,KLES0031,WALLY 1000 C,1,109990.0,2024-10-25
MERCADOLIBRE,2000006523622607,KLES0031,WALLY 1000 C,1,109990.0,2024-10-25
MERCADOLIBRE,2000009102616000,KLES0031,WALLY 1000 C,1,109990.0,2024-08-22
MERCADOLIBRE,2000009117037622,KLES0031,WALLY 1000 C,1,109990.0,2024-08-24
MERCADOLIBRE,2000009295640094,KLES0031,WALLY 1000 C,1,109990.0,2024-09-13
FALABELLA,2214426185,KLES0032,WALLY 1500 C,1,109990.0,2024-05-21
FALABELLA,2215007927,KLES0032,WALLY 1500 C,1,109990.0,2024-05-22
FALABELLA,2219306849,KLES0032,WALLY 1500 C,1,109990.0,2024-05-25
FALABELLA,2219547559,KLES0032,WALLY 1500 C,1,109990.0,2024-05-25
FALABELLA,2219921903,KLES0032,WALLY 1500 C,1,109990.0,2024-05-26
FALABELLA,2220499140,KLES0032,WALLY 1500 C,1,109990.0,2024-05-27
FALABELLA,2225413639,KLES0032,WALLY 1500 C,1,109990.0,2024-05-31
MERCADOLIBRE,2000005771111340,KLES0032,WALLY 1500 C,1,109990.0,2024-05-16
MERCADOLIBRE,2000005785419970,KLES0032,WALLY 1500 C,1,109990.0,2024-05-20
MERCADOLIBRE,2000005789934600,KLES0032,WALLY 1500 C,1,109990.0,2024-05-20
MERCADOLIBRE,2000007311514853,KLES0032,WALLY 1500 C,1,109990.0,2025-03-05
MERCADOLIBRE,2000007352496011,KLES0032,WALLY 1500 C,1,109990.0,2025-03-11
MERCADOLIBRE,2000007352496013,KLES0032,WALLY 1500 C,1,109990.0,2025-03-11
MERCADOLIBRE,2000007364093255,KLES0032,WALLY 1500 C,1,109990.0,2025-03-12
MERCADOLIBRE,2000008303384430,KLES0032,WALLY 1500 C,1,109990.0,2024-05-18
MERCADOLIBRE,2000008305763500,KLES0032,WALLY 1500 C,1,109990.0,2024-05-18
MERCADOLIBRE,2000008330938380,KLES0032,WALLY 1500 C,1,109990.0,2024-05-21
MERCADOLIBRE,2000008334100350,KLES0032,WALLY 1500 C,1,109990.0,2024-05-21
MERCADOLIBRE,2000008339513920,KLES0032,WALLY 1500 C,1,109990.0,2024-05-22
MERCADOLIBRE,2000008342030800,KLES0032,WALLY 1500 C,1,109990.0,2024-05-22
MERCADOLIBRE,2000008343992650,KLES0032,WALLY 1500 C,1,109990.0,2024-05-23
MERCADOLIBRE,2000008347391360,KLES0032,WALLY 1500 C,1,109990.0,2024-05-23
MERCADOLIBRE,2000008352359400,KLES0032,WALLY 1500 C,1,109990.0,2024-05-23
MERCADOLIBRE,2000008359915540,KLES0032,WALLY 1500 C,1,109990.0,2024-05-24
MERCADOLIBRE,2000008362471900,KLES0032,WALLY 1500 C,1,109990.0,2024-05-25
MERCADOLIBRE,2000008362498600,KLES0032,WALLY 1500 C,1,109990.0,2024-05-25
MERCADOLIBRE,2000008369057740,KLES0032,WALLY 1500 C,1,109990.0,2024-05-26
MERCADOLIBRE,2000008369192740,KLES0032,WALLY 1500 C,1,109990.0,2024-05-26
MERCADOLIBRE,2000008398728280,KLES0032,WALLY 1500 C,1,109990.0,2024-05-30
MERCADOLIBRE,2000008411626750,KLES0032,WALLY 1500 C,1,109990.0,2024-05-31
MERCADOLIBRE,2000008619133040,KLES0032,WALLY 1500 C,1,109990.0,2024-06-26
MERCADOLIBRE,2000008650079530,KLES0032,WALLY 1500 C,1,109990.0,2024-06-30
PARIS,3003617720,KLES0066,WALLY ONE O 1200,1,109990.0,2025-04-07
PARIS,3027716840,KLES0066,WALLY ONE O 1200,1,109990.0,2025-06-27
MERCADOLIBRE,2000009470269297,KLES0066,WALLY ONE O 1200,1,109990.0,2025-10-05
MERCADOLIBRE,2000012642522976,KLES0066,WALLY ONE O 1200,1,109990.0,2025-08-12
FALABELLA,2164928247,KLES0067,WALLY ONE O 1800,1,109990.0,2024-02-11
FALABELLA,2186796055,KLES0067,WALLY ONE O 1800,1,109990.0,2024-03-31
FALABELLA,2199284864,KLES0067,WALLY ONE O 1800,1,109990.0,2024-04-28
FALABELLA,2199397340,KLES0067,WALLY ONE O 1800,1,109990.0,2024-04-28
FALABELLA,2200886531,KLES0067,WALLY ONE O 1800,1,109990.0,2024-05-01
FALABELLA,2200944413,KLES0067,WALLY ONE O 1800,1,109990.0,2024-05-01
FALABELLA,2200947979,KLES0067,WALLY ONE O 1800,1,109990.0,2024-05-01
FALABELLA,2201509205,KLES0067,WALLY ONE O 1800,1,109990.0,2024-05-02
FALABELLA,2202241544,KLES0067,WALLY ONE O 1800,1,109990.0,2024-05-03
FALABELLA,2202545596,KLES0067,WALLY ONE O 1800,1,109990.0,2024-05-03
FALABELLA,2207611659,KLES0067,WALLY ONE O 1800,1,109990.0,2024-05-13
FALABELLA,2207627273,KLES0067,WALLY ONE O 1800,1,109990.0,2024-05-13
FALABELLA,2207821039,KLES0067,WALLY ONE O 1800,1,109990.0,2024-05-13
FALABELLA,2208250060,KLES0067,WALLY ONE O 1800,1,109990.0,2024-05-14
FALABELLA,2208961893,KLES0067,WALLY ONE O 1800,1,109990.0,2024-05-15
FALABELLA,2209066557,KLES0067,WALLY ONE O 1800,1,109990.0,2024-05-15
FALABELLA,2209725482,KLES0067,WALLY ONE O 1800,1,109990.0,2024-05-16
FALABELLA,2210066178,KLES0067,WALLY ONE O 1800,1,109990.0,2024-05-16
FALABELLA,2210239989,KLES0067,WALLY ONE O 1800,1,109990.0,2024-05-16
FALABELLA,2210337088,KLES0067,WALLY ONE O 1800,1,109990.0,2024-05-16
FALABELLA,2210483980,KLES0067,WALLY ONE O 1800,1,109990.0,2024-05-16
FALABELLA,2210925230,KLES0067,WALLY ONE O 1800,1,109990.0,2024-05-17
FALABELLA,2213219185,KLES0067,WALLY ONE O 1800,1,109990.0,2024-05-20
FALABELLA,2213341974,KLES0067,WALLY ONE O 1800,1,109990.0,2024-05-20
FALABELLA,2215997515,KLES0067,WALLY ONE O 1800,1,109990.0,2024-05-23
FALABELLA,2216026862,KLES0067,WALLY ONE O 1800,1,109990.0,2024-05-23
FALABELLA,2216106140,KLES0067,WALLY ONE O 1800,1,109990.0,2024-05-23
FALABELLA,2217585500,KLES0067,WALLY ONE O 1800,1,109990.0,2024-05-24
FALABELLA,2219245287,KLES0067,WALLY ONE O 1800,1,109990.0,2024-05-25
FALABELLA,2219999311,KLES0067,WALLY ONE O 1800,1,109990.0,2024-05-26
FALABELLA,2220204925,KLES0067,WALLY ONE O 1800,1,109990.0,2024-05-27
FALABELLA,2222440545,KLES0067,WALLY ONE O 1800,1,109990.0,2024-05-28
FALABELLA,2225077350,KLES0067,WALLY ONE O 1800,1,109990.0,2024-05-30
FALABELLA,2249699951,KLES0067,WALLY ONE O 1800,1,109990.0,2024-06-11
FALABELLA,2560177815,KLES0067,WALLY ONE O 1800,1,109990.0,2024-08-26
RIPLEY,23706291601,KLES0067,WALLY ONE O 1800,1,109990.0,2025-06-22
RIPLEY,23744337601,KLES0067,WALLY ONE O 1800,1,109990.0,2025-07-08
RIPLEY,23750529402,KLES0067,WALLY ONE O 1800,1,109990.0,2025-07-12
MERCADOLIBRE,2000005698589151,KLES0067,WALLY ONE O 1800,1,109990.0,2024-04-29
MERCADOLIBRE,2000005776885590,KLES0067,WALLY ONE O 1800,1,109990.0,2024-05-17
MERCADOLIBRE,2000005778017750,KLES0067,WALLY ONE O 1800,1,109990.0,2024-05-18
MERCADOLIBRE,2000005783435010,KLES0067,WALLY ONE O 1800,1,109990.0,2024-05-19
MERCADOLIBRE,2000005784125400,KLES0067,WALLY ONE O 1800,1,109990.0,2024-05-19
MERCADOLIBRE,2000005793309550,KLES0067,WALLY ONE O 1800,1,109990.0,2024-05-21
MERCADOLIBRE,2000005793816630,KLES0067,WALLY ONE O 1800,1,109990.0,2024-05-21
MERCADOLIBRE,2000005877577280,KLES0067,WALLY ONE O 1800,1,109990.0,2024-06-10
MERCADOLIBRE,2000005900584080,KLES0067,WALLY ONE O 1800,1,109990.0,2024-06-14
MERCADOLIBRE,2000007562253011,KLES0067,WALLY ONE O 1800,1,109990.0,2025-04-07
MERCADOLIBRE,2000007563412907,KLES0067,WALLY ONE O 1800,1,109990.0,2025-04-07
MERCADOLIBRE,2000007564340777,KLES0067,WALLY ONE O 1800,1,109990.0,2025-04-07
MERCADOLIBRE,2000007565960165,KLES0067,WALLY ONE O 1800,1,109990.0,2025-04-07
MERCADOLIBRE,2000007632132337,KLES0067,WALLY ONE O 1800,1,109990.0,2025-04-15
MERCADOLIBRE,2000007636289773,KLES0067,WALLY ONE O 1800,1,109990.0,2025-04-15
MERCADOLIBRE,2000007636289775,KLES0067,WALLY ONE O 1800,1,109990.0,2025-04-15
MERCADOLIBRE,2000007648999233,KLES0067,WALLY ONE O 1800,1,109990.0,2025-04-21
MERCADOLIBRE,2000007655683863,KLES0067,WALLY ONE O 1800,1,109990.0,2025-04-17
MERCADOLIBRE,2000007665224777,KLES0067,WALLY ONE O 1800,1,109990.0,2025-04-19
MERCADOLIBRE,2000007665224779,KLES0067,WALLY ONE O 1800,1,109990.0,2025-04-19
MERCADOLIBRE,2000007665224781,KLES0067,WALLY ONE O 1800,1,109990.0,2025-04-19
MERCADOLIBRE,2000007667084745,KLES0067,WALLY ONE O 1800,1,109990.0,2025-04-19
MERCADOLIBRE,2000007691453111,KLES0067,WALLY ONE O 1800,1,109990.0,2025-04-23
MERCADOLIBRE,2000007712271965,KLES0067,WALLY ONE O 1800,1,109990.0,2025-04-25
MERCADOLIBRE,2000008133418874,KLES0067,WALLY ONE O 1800,1,109990.0,2024-04-26
MERCADOLIBRE,2000008150063862,KLES0067,WALLY ONE O 1800,1,109990.0,2024-04-29
MERCADOLIBRE,2000008153096014,KLES0067,WALLY ONE O 1800,1,109990.0,2024-04-29
MERCADOLIBRE,2000008155733628,KLES0067,WALLY ONE O 1800,1,109990.0,2024-04-30
MERCADOLIBRE,2000008160942846,KLES0067,WALLY ONE O 1800,1,109990.0,2024-04-30
MERCADOLIBRE,2000008177172340,KLES0067,WALLY ONE O 1800,1,109990.0,2024-05-02
MERCADOLIBRE,2000008180008250,KLES0067,WALLY ONE O 1800,1,109990.0,2024-05-03
MERCADOLIBRE,2000008185414320,KLES0067,WALLY ONE O 1800,1,109990.0,2024-05-03
MERCADOLIBRE,2000008187779700,KLES0067,WALLY ONE O 1800,1,109990.0,2024-05-04
MERCADOLIBRE,2000008199410740,KLES0067,WALLY ONE O 1800,1,109990.0,2024-05-06
MERCADOLIBRE,2000008200429790,KLES0067,WALLY ONE O 1800,1,109990.0,2024-05-06
MERCADOLIBRE,2000008288526070,KLES0067,WALLY ONE O 1800,1,109990.0,2024-05-16
MERCADOLIBRE,2000008296009180,KLES0067,WALLY ONE O 1800,1,109990.0,2024-05-17
MERCADOLIBRE,2000008305588170,KLES0067,WALLY ONE O 1800,1,109990.0,2024-05-18
MERCADOLIBRE,2000008322027020,KLES0067,WALLY ONE O 1800,1,109990.0,2024-05-20
MERCADOLIBRE,2000008327571940,KLES0067,WALLY ONE O 1800,1,109990.0,2024-05-21
MERCADOLIBRE,2000008327717280,KLES0067,WALLY ONE O 1800,1,109990.0,2024-05-21
MERCADOLIBRE,2000008328560280,KLES0067,WALLY ONE O 1800,1,109990.0,2024-05-21
MERCADOLIBRE,2000008340662410,KLES0067,WALLY ONE O 1800,1,109990.0,2024-05-22
MERCADOLIBRE,2000008344423790,KLES0067,WALLY ONE O 1800,1,109990.0,2024-05-23
MERCADOLIBRE,2000008359181100,KLES0067,WALLY ONE O 1800,1,109990.0,2024-05-24
MERCADOLIBRE,2000008365765790,KLES0067,WALLY ONE O 1800,1,109990.0,2024-05-25
MERCADOLIBRE,2000008368706290,KLES0067,WALLY ONE O 1800,1,109990.0,2024-05-26
MERCADOLIBRE,2000008368907160,KLES0067,WALLY ONE O 1800,1,109990.0,2024-05-26
MERCADOLIBRE,2000008369924590,KLES0067,WALLY ONE O 1800,1,109990.0,2024-05-26
MERCADOLIBRE,2000008374058970,KLES0067,WALLY ONE O 1800,1,109990.0,2024-05-27
MERCADOLIBRE,2000008384572580,KLES0067,WALLY ONE O 1800,1,109990.0,2024-05-28
MERCADOLIBRE,2000008386272390,KLES0067,WALLY ONE O 1800,1,109990.0,2024-05-28
MERCADOLIBRE,2000008403499630,KLES0067,WALLY ONE O 1800,1,109990.0,2024-05-30
MERCADOLIBRE,2000008494583670,KLES0067,WALLY ONE O 1800,1,109990.0,2024-06-10
MERCADOLIBRE,2000008505415660,KLES0067,WALLY ONE O 1800,1,109990.0,2024-06-11
MERCADOLIBRE,2000008509471330,KLES0067,WALLY ONE O 1800,1,109990.0,2024-06-12
MERCADOLIBRE,2000011330641418,KLES0067,WALLY ONE O 1800,1,109990.0,2025-04-15
MERCADOLIBRE,2000011342388442,KLES0067,WALLY ONE O 1800,1,109990.0,2025-04-16
MERCADOLIBRE,2000011418554744,KLES0067,WALLY ONE O 1800,1,109990.0,2025-04-25
MERCADOLIBRE,2000012515245220,KLES0067,WALLY ONE O 1800,1,109990.0,2026-04-14
MERCADOLIBRE,2000012639937000,KLES0067,WALLY ONE O 1800,1,109990.0,2026-04-23
MERCADOLIBRE,2000017267724858,KLES0065,WALLY ONE O 600,1,109990.0,2026-07-05
FALABELLA,2065906561,KLES0066,WALLY ONE O 1200,2,109980.0,2023-05-28
FALABELLA,2066062912,KLES0066,WALLY ONE O 1200,2,109980.0,2023-05-29
FALABELLA,2066473125,KLES0066,WALLY ONE O 1200,2,109980.0,2023-05-29
FALABELLA,2066574612,KLES0066,WALLY ONE O 1200,2,109980.0,2023-05-29
FALABELLA,2066707395,KLES0066,WALLY ONE O 1200,2,109980.0,2023-05-29
FALABELLA,2066732664,KLES0066,WALLY ONE O 1200,2,109980.0,2023-05-29
FALABELLA,2066754581,KLES0066,WALLY ONE O 1200,2,109980.0,2023-05-29
FALABELLA,2066983535,KLES0066,WALLY ONE O 1200,2,109980.0,2023-05-30
FALABELLA,2067063944,KLES0066,WALLY ONE O 1200,2,109980.0,2023-05-30
FALABELLA,2067128074,KLES0066,WALLY ONE O 1200,2,109980.0,2023-05-30
FALABELLA,2067237828,KLES0066,WALLY ONE O 1200,2,109980.0,2023-05-30
MERCADOLIBRE,2000004498750742,KLAP0047,FILTRO PISCINA ESTRUCTURAL AVENLI 290729EU,1,109793.0,2022-11-07
MERCADOLIBRE,2000004501362978,KLAP0047,FILTRO PISCINA ESTRUCTURAL AVENLI 290729EU,1,109793.0,2022-11-07
RIPLEY,23459046501,KLES0066,WALLY ONE O 1200,1,108990.0,2025-04-12
RIPLEY,23468784401,KLES0066,WALLY ONE O 1200,1,108990.0,2025-04-17
MERCADOLIBRE,2000008048447241,KLES0067,WALLY ONE O 1800,1,107991.0,2025-06-01
MERCADOLIBRE,2000008137120009,KLES0067,WALLY ONE O 1800,1,107991.0,2025-06-09
MERCADOLIBRE,2000008143387053,KLES0067,WALLY ONE O 1800,1,107991.0,2025-06-10
MERCADOLIBRE,2000008169203403,KLES0067,WALLY ONE O 1800,1,107991.0,2025-06-12
MERCADOLIBRE,2000008217738829,KLES0067,WALLY ONE O 1800,1,107991.0,2025-06-17
MERCADOLIBRE,2000008218959305,KLES0067,WALLY ONE O 1800,1,107991.0,2025-06-17
MERCADOLIBRE,2000008234069445,KLES0067,WALLY ONE O 1800,1,107991.0,2025-06-18
MERCADOLIBRE,2000008241975845,KLES0067,WALLY ONE O 1800,1,107991.0,2025-06-19
MERCADOLIBRE,2000008245830871,KLES0067,WALLY ONE O 1800,1,107991.0,2025-06-19
MERCADOLIBRE,2000008257433401,KLES0067,WALLY ONE O 1800,1,107991.0,2025-06-21
MERCADOLIBRE,2000008258981915,KLES0067,WALLY ONE O 1800,1,107991.0,2025-06-21
MERCADOLIBRE,2000008263030999,KLES0067,WALLY ONE O 1800,1,107991.0,2025-06-21
MERCADOLIBRE,2000008276255253,KLES0067,WALLY ONE O 1800,1,107991.0,2025-06-23
MERCADOLIBRE,2000008276255255,KLES0067,WALLY ONE O 1800,1,107991.0,2025-06-23
MERCADOLIBRE,2000008287008405,KLES0067,WALLY ONE O 1800,1,107991.0,2025-06-24
MERCADOLIBRE,2000008298702697,KLES0067,WALLY ONE O 1800,1,107991.0,2025-06-25
MERCADOLIBRE,2000008304214157,KLES0067,WALLY ONE O 1800,1,107991.0,2025-06-25
MERCADOLIBRE,2000008304965705,KLES0067,WALLY ONE O 1800,1,107991.0,2025-06-26
MERCADOLIBRE,2000008308341801,KLES0067,WALLY ONE O 1800,1,107991.0,2025-06-26
MERCADOLIBRE,2000008312902939,KLES0067,WALLY ONE O 1800,1,107991.0,2025-06-26
MERCADOLIBRE,2000008312902941,KLES0067,WALLY ONE O 1800,1,107991.0,2025-06-26
MERCADOLIBRE,2000008314084633,KLES0067,WALLY ONE O 1800,1,107991.0,2025-06-26
MERCADOLIBRE,2000008323823887,KLES0067,WALLY ONE O 1800,1,107991.0,2025-06-27
MERCADOLIBRE,2000008324838209,KLES0067,WALLY ONE O 1800,1,107991.0,2025-06-27
MERCADOLIBRE,2000008324838211,KLES0067,WALLY ONE O 1800,1,107991.0,2025-06-27
MERCADOLIBRE,2000008327190285,KLES0067,WALLY ONE O 1800,1,107991.0,2025-06-28
MERCADOLIBRE,2000008338225161,KLES0067,WALLY ONE O 1800,1,107991.0,2025-06-29
MERCADOLIBRE,2000008340605437,KLES0067,WALLY ONE O 1800,1,107991.0,2025-06-29
MERCADOLIBRE,2000008343887989,KLES0067,WALLY ONE O 1800,1,107991.0,2025-06-30
MERCADOLIBRE,2000008344985405,KLES0067,WALLY ONE O 1800,1,107991.0,2025-06-30
MERCADOLIBRE,2000008344985407,KLES0067,WALLY ONE O 1800,1,107991.0,2025-06-30
MERCADOLIBRE,2000011913519040,KLES0067,WALLY ONE O 1800,1,107991.0,2025-06-10
MERCADOLIBRE,2000011925740756,KLES0067,WALLY ONE O 1800,1,107991.0,2025-06-11
MERCADOLIBRE,2000011989725744,KLES0067,WALLY ONE O 1800,1,107991.0,2025-06-17
MERCADOLIBRE,2000012123127830,KLES0067,WALLY ONE O 1800,1,107991.0,2025-06-30
FALABELLA,2065914293,KLES0065,WALLY ONE O 600,2,105980.0,2023-05-28
FALABELLA,2066754349,KLES0065,WALLY ONE O 600,2,105980.0,2023-05-29
FALABELLA,2067262191,KLES0065,WALLY ONE O 600,2,105980.0,2023-05-30
FALABELLA,2067634297,KLES0065,WALLY ONE O 600,2,105980.0,2023-05-31
FALABELLA,2068023950,KLES0065,WALLY ONE O 600,2,105980.0,2023-05-31
MERCADOLIBRE,2000006730633989,KLVE0001,Purificador Eolia,1,104990.0,2024-11-29
MERCADOLIBRE,2000005343526362,KLES0031,WALLY 1000 C,1,104990.0,2023-03-24
MERCADOLIBRE,2000005355791924,KLES0031,WALLY 1000 C,1,104990.0,2023-03-26
MERCADOLIBRE,2000005559476668,KLES0031,WALLY 1000 C,1,104990.0,2023-04-30
MERCADOLIBRE,2000005560011718,KLES0031,WALLY 1000 C,1,104990.0,2023-04-30
FALABELLA,2252023004,KLES0067,WALLY ONE O 1800,1,104990.0,2024-06-14
FALABELLA,2259198506,KLES0067,WALLY ONE O 1800,1,104990.0,2024-06-23
FALABELLA,2261023882,KLES0067,WALLY ONE O 1800,1,104990.0,2024-06-25
MERCADOLIBRE,2000004376861991,KLES0031,WALLY 1000 C,1,104936.0,2023-04-18
MERCADOLIBRE,2000004378822881,KLES0031,WALLY 1000 C,1,104936.0,2023-04-19
MERCADOLIBRE,2000004378822883,KLES0031,WALLY 1000 C,1,104936.0,2023-04-19
MERCADOLIBRE,2000005487921050,KLES0031,WALLY 1000 C,1,104936.0,2023-04-18
MERCADOLIBRE,2000005491933710,KLES0031,WALLY 1000 C,1,104936.0,2023-04-18
MERCADOLIBRE,2000005497171540,KLES0031,WALLY 1000 C,1,104936.0,2023-04-19
MERCADOLIBRE,2000005513164586,KLES0031,WALLY 1000 C,1,104936.0,2023-04-22
MERCADOLIBRE,2000005513491884,KLES0031,WALLY 1000 C,1,104936.0,2023-04-22
MERCADOLIBRE,2000005519608684,KLES0031,WALLY 1000 C,1,104936.0,2023-04-23
MERCADOLIBRE,2000008177097721,KLES0031,WALLY 1000 C,1,104490.0,2025-06-12
MERCADOLIBRE,2000012053565614,KLES0031,WALLY 1000 C,1,104490.0,2025-06-23
MERCADOLIBRE,2000012219118910,KLES0031,WALLY 1000 C,1,104490.0,2025-07-07
MERCADOLIBRE,2000009218260651,KLES0066,WALLY ONE O 1200,1,104490.0,2025-09-14
MERCADOLIBRE,2000012093380585,KLES0067,WALLY ONE O 1800,1,104490.0,2026-03-18
MERCADOLIBRE,2000012122198925,KLES0067,WALLY ONE O 1800,1,104490.0,2026-03-19
MERCADOLIBRE,2000012141402009,KLES0067,WALLY ONE O 1800,1,104490.0,2026-03-21
MERCADOLIBRE,2000012143994103,KLES0067,WALLY ONE O 1800,1,104490.0,2026-03-21
MERCADOLIBRE,2000012143994105,KLES0067,WALLY ONE O 1800,1,104490.0,2026-03-21
MERCADOLIBRE,2000012145797249,KLES0067,WALLY ONE O 1800,1,104490.0,2026-03-21
MERCADOLIBRE,2000012146471825,KLES0067,WALLY ONE O 1800,1,104490.0,2026-03-21
MERCADOLIBRE,2000012151448713,KLES0067,WALLY ONE O 1800,1,104490.0,2026-03-21
MERCADOLIBRE,2000012242148301,KLES0067,WALLY ONE O 1800,1,104490.0,2026-03-27
MERCADOLIBRE,2000012248820615,KLES0067,WALLY ONE O 1800,1,104490.0,2026-03-27
MERCADOLIBRE,2000012248820617,KLES0067,WALLY ONE O 1800,1,104490.0,2026-03-27
MERCADOLIBRE,2000012288581469,KLES0067,WALLY ONE O 1800,1,104490.0,2026-03-30
MERCADOLIBRE,2000012289243933,KLES0067,WALLY ONE O 1800,1,104490.0,2026-03-30
MERCADOLIBRE,2000012290803461,KLES0067,WALLY ONE O 1800,1,104490.0,2026-03-30
MERCADOLIBRE,2000012296208993,KLES0067,WALLY ONE O 1800,1,104490.0,2026-03-31
MERCADOLIBRE,2000012301178477,KLES0067,WALLY ONE O 1800,1,104490.0,2026-03-31
MERCADOLIBRE,2000015636421936,KLES0067,WALLY ONE O 1800,1,104490.0,2026-03-20
MERCADOLIBRE,2000015639359642,KLES0067,WALLY ONE O 1800,1,104490.0,2026-03-20
MERCADOLIBRE,2000015739624714,KLES0067,WALLY ONE O 1800,1,104490.0,2026-03-28
MERCADOLIBRE,2000015746528926,KLES0067,WALLY ONE O 1800,1,104490.0,2026-03-29
MERCADOLIBRE,2000010392864498,KLVE0001,Purificador Eolia,1,103992.0,2025-01-07
MERCADOLIBRE,2000012857165799,KLES0067,WALLY ONE O 1800,1,103391.0,2026-05-07
MERCADOLIBRE,2000012865976245,KLES0067,WALLY ONE O 1800,1,103391.0,2026-05-07
MERCADOLIBRE,2000012870853785,KLES0067,WALLY ONE O 1800,1,103391.0,2026-05-07
MERCADOLIBRE,2000012897256045,KLES0067,WALLY ONE O 1800,1,103391.0,2026-05-09
MERCADOLIBRE,2000012904203033,KLES0067,WALLY ONE O 1800,1,103391.0,2026-05-10
MERCADOLIBRE,2000012924702647,KLES0067,WALLY ONE O 1800,1,103391.0,2026-05-11
MERCADOLIBRE,2000012929961173,KLES0067,WALLY ONE O 1800,1,103391.0,2026-05-11
MERCADOLIBRE,2000012933238325,KLES0067,WALLY ONE O 1800,1,103391.0,2026-05-11
MERCADOLIBRE,2000012934277371,KLES0067,WALLY ONE O 1800,1,103391.0,2026-05-11
MERCADOLIBRE,2000012947894209,KLES0067,WALLY ONE O 1800,1,103391.0,2026-05-12
MERCADOLIBRE,2000012965799761,KLES0067,WALLY ONE O 1800,1,103391.0,2026-05-13
MERCADOLIBRE,2000012965799765,KLES0067,WALLY ONE O 1800,1,103391.0,2026-05-13
MERCADOLIBRE,2000012979781831,KLES0067,WALLY ONE O 1800,1,103391.0,2026-05-14
MERCADOLIBRE,2000012986548869,KLES0067,WALLY ONE O 1800,1,103391.0,2026-05-14
MERCADOLIBRE,2000012991743967,KLES0067,WALLY ONE O 1800,1,103391.0,2026-05-14
MERCADOLIBRE,2000013025437927,KLES0067,WALLY ONE O 1800,1,103391.0,2026-05-17
MERCADOLIBRE,2000013046381253,KLES0067,WALLY ONE O 1800,1,103391.0,2026-05-18
MERCADOLIBRE,2000013046701599,KLES0067,WALLY ONE O 1800,1,103391.0,2026-05-18
MERCADOLIBRE,2000013046701601,KLES0067,WALLY ONE O 1800,1,103391.0,2026-05-18
MERCADOLIBRE,2000013052537797,KLES0067,WALLY ONE O 1800,1,103391.0,2026-05-18
MERCADOLIBRE,2000013052684595,KLES0067,WALLY ONE O 1800,1,103391.0,2026-05-18
MERCADOLIBRE,2000013053681333,KLES0067,WALLY ONE O 1800,1,103391.0,2026-05-18
MERCADOLIBRE,2000013089309133,KLES0067,WALLY ONE O 1800,1,103391.0,2026-05-20
MERCADOLIBRE,2000013097045569,KLES0067,WALLY ONE O 1800,1,103391.0,2026-05-21
MERCADOLIBRE,2000013097597445,KLES0067,WALLY ONE O 1800,1,103391.0,2026-05-21
MERCADOLIBRE,2000013098139429,KLES0067,WALLY ONE O 1800,1,103391.0,2026-05-21
MERCADOLIBRE,2000013102142957,KLES0067,WALLY ONE O 1800,1,103391.0,2026-05-21
MERCADOLIBRE,2000013106904317,KLES0067,WALLY ONE O 1800,1,103391.0,2026-05-21
MERCADOLIBRE,2000013109923191,KLES0067,WALLY ONE O 1800,1,103391.0,2026-05-21
MERCADOLIBRE,2000013114460367,KLES0067,WALLY ONE O 1800,1,103391.0,2026-05-22
MERCADOLIBRE,2000013115556825,KLES0067,WALLY ONE O 1800,1,103391.0,2026-05-22
MERCADOLIBRE,2000013128737891,KLES0067,WALLY ONE O 1800,1,103391.0,2026-05-23
MERCADOLIBRE,2000013128737893,KLES0067,WALLY ONE O 1800,1,103391.0,2026-05-23
MERCADOLIBRE,2000013128737895,KLES0067,WALLY ONE O 1800,1,103391.0,2026-05-23
MERCADOLIBRE,2000013129739633,KLES0067,WALLY ONE O 1800,1,103391.0,2026-05-23
MERCADOLIBRE,2000013129739635,KLES0067,WALLY ONE O 1800,1,103391.0,2026-05-23
MERCADOLIBRE,2000013131815589,KLES0067,WALLY ONE O 1800,1,103391.0,2026-05-23
MERCADOLIBRE,2000013132875041,KLES0067,WALLY ONE O 1800,1,103391.0,2026-05-23
MERCADOLIBRE,2000013137846535,KLES0067,WALLY ONE O 1800,1,103391.0,2026-05-23
MERCADOLIBRE,2000013140327083,KLES0067,WALLY ONE O 1800,1,103391.0,2026-05-24
MERCADOLIBRE,2000013146212295,KLES0067,WALLY ONE O 1800,1,103391.0,2026-05-24
MERCADOLIBRE,2000013150196725,KLES0067,WALLY ONE O 1800,1,103391.0,2026-05-24
MERCADOLIBRE,2000013150807373,KLES0067,WALLY ONE O 1800,1,103391.0,2026-05-24
MERCADOLIBRE,2000013153449207,KLES0067,WALLY ONE O 1800,1,103391.0,2026-05-25
MERCADOLIBRE,2000013158266267,KLES0067,WALLY ONE O 1800,1,103391.0,2026-05-25
MERCADOLIBRE,2000013160183105,KLES0067,WALLY ONE O 1800,1,103391.0,2026-05-25
MERCADOLIBRE,2000013164261557,KLES0067,WALLY ONE O 1800,1,103391.0,2026-05-25
MERCADOLIBRE,2000013167324169,KLES0067,WALLY ONE O 1800,1,103391.0,2026-05-25
MERCADOLIBRE,2000013169749649,KLES0067,WALLY ONE O 1800,1,103391.0,2026-05-25
MERCADOLIBRE,2000013173138365,KLES0067,WALLY ONE O 1800,1,103391.0,2026-05-26
MERCADOLIBRE,2000013173308769,KLES0067,WALLY ONE O 1800,1,103391.0,2026-05-26
MERCADOLIBRE,2000013198712713,KLES0067,WALLY ONE O 1800,1,103391.0,2026-05-27
MERCADOLIBRE,2000013217401279,KLES0067,WALLY ONE O 1800,1,103391.0,2026-05-28
MERCADOLIBRE,2000013221353197,KLES0067,WALLY ONE O 1800,1,103391.0,2026-05-28
MERCADOLIBRE,2000013272346391,KLES0067,WALLY ONE O 1800,1,103391.0,2026-05-31
MERCADOLIBRE,2000016301710624,KLES0067,WALLY ONE O 1800,1,103391.0,2026-05-06
MERCADOLIBRE,2000016330144412,KLES0067,WALLY ONE O 1800,1,103391.0,2026-05-07
MERCADOLIBRE,2000016376503706,KLES0067,WALLY ONE O 1800,1,103391.0,2026-05-11
MERCADOLIBRE,2000016503916972,KLES0067,WALLY ONE O 1800,1,103391.0,2026-05-19
MERCADOLIBRE,2000016511477314,KLES0067,WALLY ONE O 1800,1,103391.0,2026-05-19
MERCADOLIBRE,2000016515497974,KLES0067,WALLY ONE O 1800,1,103391.0,2026-05-19
MERCADOLIBRE,2000016516489132,KLES0067,WALLY ONE O 1800,1,103391.0,2026-05-19
MERCADOLIBRE,2000016533828030,KLES0067,WALLY ONE O 1800,1,103391.0,2026-05-20
MERCADOLIBRE,2000016551942958,KLES0067,WALLY ONE O 1800,1,103391.0,2026-05-21
MERCADOLIBRE,2000016573235742,KLES0067,WALLY ONE O 1800,1,103391.0,2026-05-23
MERCADOLIBRE,2000016578339300,KLES0067,WALLY ONE O 1800,1,103391.0,2026-05-23
MERCADOLIBRE,2000016582568238,KLES0067,WALLY ONE O 1800,1,103391.0,2026-05-24
MERCADOLIBRE,2000016596849442,KLES0067,WALLY ONE O 1800,1,103391.0,2026-05-25
MERCADOLIBRE,2000016645936046,KLES0067,WALLY ONE O 1800,1,103391.0,2026-05-27
MERCADOLIBRE,2000007122380511,KLES0067,WALLY ONE O 1800,1,103125.0,2025-02-02
MERCADOLIBRE,2000007231458263,KLES0067,WALLY ONE O 1800,1,103125.0,2025-02-19
MERCADOLIBRE,2000007231458265,KLES0067,WALLY ONE O 1800,1,103125.0,2025-02-19
MERCADOLIBRE,2000009133232586,KLES0031,WALLY 1000 C,1,101754.0,2024-08-26
MERCADOLIBRE,2000009137113220,KLES0031,WALLY 1000 C,1,101754.0,2024-08-26
MERCADOLIBRE,2000010876035520,KLES0067,WALLY ONE O 1800,1,100990.0,2025-02-26
MERCADOLIBRE,2000007878357145,KLES0067,WALLY ONE O 1800,1,100791.0,2025-05-14
MERCADOLIBRE,2000007881977711,KLES0067,WALLY ONE O 1800,1,100791.0,2025-05-14
MERCADOLIBRE,2000007881977713,KLES0067,WALLY ONE O 1800,1,100791.0,2025-05-14
MERCADOLIBRE,2000007883944767,KLES0067,WALLY ONE O 1800,1,100791.0,2025-05-15
MERCADOLIBRE,2000007893808495,KLES0067,WALLY ONE O 1800,1,100791.0,2025-05-16
MERCADOLIBRE,2000007893808497,KLES0067,WALLY ONE O 1800,1,100791.0,2025-05-16
MERCADOLIBRE,2000007893808499,KLES0067,WALLY ONE O 1800,1,100791.0,2025-05-16
MERCADOLIBRE,2000007893808501,KLES0067,WALLY ONE O 1800,1,100791.0,2025-05-16
MERCADOLIBRE,2000007902761829,KLES0067,WALLY ONE O 1800,1,100791.0,2025-05-17
MERCADOLIBRE,2000007904262941,KLES0067,WALLY ONE O 1800,1,100791.0,2025-05-17
MERCADOLIBRE,2000007909876181,KLES0067,WALLY ONE O 1800,1,100791.0,2025-05-17
MERCADOLIBRE,2000007911435051,KLES0067,WALLY ONE O 1800,1,100791.0,2025-05-18
MERCADOLIBRE,2000007962039005,KLES0067,WALLY ONE O 1800,1,100791.0,2025-05-23
MERCADOLIBRE,2000007962039007,KLES0067,WALLY ONE O 1800,1,100791.0,2025-05-23
MERCADOLIBRE,2000007965850869,KLES0067,WALLY ONE O 1800,1,100791.0,2025-05-23
MERCADOLIBRE,2000007991457689,KLES0067,WALLY ONE O 1800,1,100791.0,2025-05-26
MERCADOLIBRE,2000007991556491,KLES0067,WALLY ONE O 1800,1,100791.0,2025-05-27
MERCADOLIBRE,2000008000540773,KLES0067,WALLY ONE O 1800,1,100791.0,2025-05-27
MERCADOLIBRE,2000008016595061,KLES0067,WALLY ONE O 1800,1,100791.0,2025-05-29
MERCADOLIBRE,2000008019172745,KLES0067,WALLY ONE O 1800,1,100791.0,2025-05-29
MERCADOLIBRE,2000008025116377,KLES0067,WALLY ONE O 1800,1,100791.0,2025-05-30
MERCADOLIBRE,2000008036598711,KLES0067,WALLY ONE O 1800,1,100791.0,2025-05-31
MERCADOLIBRE,2000011724017810,KLES0067,WALLY ONE O 1800,1,100791.0,2025-05-26
MERCADOLIBRE,2000011751447508,KLES0067,WALLY ONE O 1800,1,100791.0,2025-05-28
MERCADOLIBRE,2000011757055416,KLES0067,WALLY ONE O 1800,1,100791.0,2025-05-28
MERCADOLIBRE,2000013375491047,KLES0067,WALLY ONE O 1800,1,100091.0,2026-06-06
MERCADOLIBRE,2000013375491049,KLES0067,WALLY ONE O 1800,1,100091.0,2026-06-06
MERCADOLIBRE,2000013391887069,KLES0067,WALLY ONE O 1800,1,100091.0,2026-06-07
MERCADOLIBRE,2000013419693521,KLES0067,WALLY ONE O 1800,1,100091.0,2026-06-08
MERCADOLIBRE,2000013427567337,KLES0067,WALLY ONE O 1800,1,100091.0,2026-06-09
MERCADOLIBRE,2000013457583725,KLES0067,WALLY ONE O 1800,1,100091.0,2026-06-10
MERCADOLIBRE,2000013472393473,KLES0067,WALLY ONE O 1800,1,100091.0,2026-06-11
MERCADOLIBRE,2000013535110367,KLES0067,WALLY ONE O 1800,1,100091.0,2026-06-15
MERCADOLIBRE,2000013535110369,KLES0067,WALLY ONE O 1800,1,100091.0,2026-06-15
MERCADOLIBRE,2000013548171801,KLES0067,WALLY ONE O 1800,1,100091.0,2026-06-16
MERCADOLIBRE,2000013564619325,KLES0067,WALLY ONE O 1800,1,100091.0,2026-06-17
MERCADOLIBRE,2000013569366797,KLES0067,WALLY ONE O 1800,1,100091.0,2026-06-17
MERCADOLIBRE,2000013603334181,KLES0067,WALLY ONE O 1800,1,100091.0,2026-06-19
MERCADOLIBRE,2000013609481517,KLES0067,WALLY ONE O 1800,1,100091.0,2026-06-19
MERCADOLIBRE,2000013634966377,KLES0067,WALLY ONE O 1800,1,100091.0,2026-06-21
MERCADOLIBRE,2000013644553073,KLES0067,WALLY ONE O 1800,1,100091.0,2026-06-22
MERCADOLIBRE,2000013645780861,KLES0067,WALLY ONE O 1800,1,100091.0,2026-06-22
MERCADOLIBRE,2000013656827773,KLES0067,WALLY ONE O 1800,1,100091.0,2026-06-22
MERCADOLIBRE,2000013674103115,KLES0067,WALLY ONE O 1800,1,100091.0,2026-06-23
MERCADOLIBRE,2000013689802539,KLES0067,WALLY ONE O 1800,1,100091.0,2026-06-24
MERCADOLIBRE,2000013690030631,KLES0067,WALLY ONE O 1800,1,100091.0,2026-06-24
MERCADOLIBRE,2000013694507445,KLES0067,WALLY ONE O 1800,1,100091.0,2026-06-25
MERCADOLIBRE,2000013695208789,KLES0067,WALLY ONE O 1800,1,100091.0,2026-06-25
MERCADOLIBRE,2000013706821477,KLES0067,WALLY ONE O 1800,1,100091.0,2026-06-25
MERCADOLIBRE,2000013712295749,KLES0067,WALLY ONE O 1800,1,100091.0,2026-06-26
MERCADOLIBRE,2000013730898729,KLES0067,WALLY ONE O 1800,1,100091.0,2026-06-27
MERCADOLIBRE,2000013741328883,KLES0067,WALLY ONE O 1800,1,100091.0,2026-06-28
MERCADOLIBRE,2000013757557769,KLES0067,WALLY ONE O 1800,1,100091.0,2026-06-29
MERCADOLIBRE,2000013759014961,KLES0067,WALLY ONE O 1800,1,100091.0,2026-06-29
MERCADOLIBRE,2000013760654025,KLES0067,WALLY ONE O 1800,1,100091.0,2026-06-29
MERCADOLIBRE,2000013762624001,KLES0067,WALLY ONE O 1800,1,100091.0,2026-06-29
MERCADOLIBRE,2000013767742327,KLES0067,WALLY ONE O 1800,1,100091.0,2026-06-30
MERCADOLIBRE,2000013771399609,KLES0067,WALLY ONE O 1800,1,100091.0,2026-06-30
MERCADOLIBRE,2000013778686409,KLES0067,WALLY ONE O 1800,1,100091.0,2026-06-30
MERCADOLIBRE,2000013778856689,KLES0067,WALLY ONE O 1800,1,100091.0,2026-06-30
MERCADOLIBRE,2000013779050863,KLES0067,WALLY ONE O 1800,1,100091.0,2026-06-30
MERCADOLIBRE,2000013789147801,KLES0067,WALLY ONE O 1800,1,100091.0,2026-07-01
MERCADOLIBRE,2000013794797697,KLES0067,WALLY ONE O 1800,1,100091.0,2026-07-01
MERCADOLIBRE,2000016816841814,KLES0067,WALLY ONE O 1800,1,100091.0,2026-06-06
MERCADOLIBRE,2000016868993790,KLES0067,WALLY ONE O 1800,1,100091.0,2026-06-09
MERCADOLIBRE,2000016881623924,KLES0067,WALLY ONE O 1800,1,100091.0,2026-06-10
MERCADOLIBRE,2000016940183022,KLES0067,WALLY ONE O 1800,1,100091.0,2026-06-14
MERCADOLIBRE,2000017017896008,KLES0067,WALLY ONE O 1800,1,100091.0,2026-06-19
MERCADOLIBRE,2000017043456700,KLES0067,WALLY ONE O 1800,1,100091.0,2026-06-21
MERCADOLIBRE,2000017063980484,KLES0067,WALLY ONE O 1800,1,100091.0,2026-06-22
MERCADOLIBRE,2000017072083798,KLES0067,WALLY ONE O 1800,1,100091.0,2026-06-23
MERCADOLIBRE,2000017105980460,KLES0067,WALLY ONE O 1800,1,100091.0,2026-06-25
MERCADOLIBRE,2000017122269098,KLES0067,WALLY ONE O 1800,1,100091.0,2026-06-26
MERCADOLIBRE,2000017158571296,KLES0067,WALLY ONE O 1800,1,100091.0,2026-06-29
MERCADOLIBRE,2000017196192712,KLES0067,WALLY ONE O 1800,1,100091.0,2026-07-01
FALABELLA,2146948021,KLAP0047,FILTRO PISCINA ESTRUCTURAL AVENLI 290729EU,1,99990.0,2023-12-29
FALABELLA,2148364438,KLAP0047,FILTRO PISCINA ESTRUCTURAL AVENLI 290729EU,1,99990.0,2024-01-02
FALABELLA,2149565256,KLAP0047,FILTRO PISCINA ESTRUCTURAL AVENLI 290729EU,1,99990.0,2024-01-05
FALABELLA,2149718054,KLAP0047,FILTRO PISCINA ESTRUCTURAL AVENLI 290729EU,1,99990.0,2024-01-05
FALABELLA,2150484086,KLAP0047,FILTRO PISCINA ESTRUCTURAL AVENLI 290729EU,1,99990.0,2024-01-07
FALABELLA,2151045207,KLAP0047,FILTRO PISCINA ESTRUCTURAL AVENLI 290729EU,1,99990.0,2024-01-08
FALABELLA,2151680731,KLAP0047,FILTRO PISCINA ESTRUCTURAL AVENLI 290729EU,1,99990.0,2024-01-09
FALABELLA,2155502136,KLAP0047,FILTRO PISCINA ESTRUCTURAL AVENLI 290729EU,1,99990.0,2024-01-19
FALABELLA,2159335174,KLAP0047,FILTRO PISCINA ESTRUCTURAL AVENLI 290729EU,1,99990.0,2024-01-29
FALABELLA,2597107559,KLAP0047,FILTRO PISCINA ESTRUCTURAL AVENLI 290729EU,1,99990.0,2024-10-02
FALABELLA,2600278343,KLAP0047,FILTRO PISCINA ESTRUCTURAL AVENLI 290729EU,1,99990.0,2024-10-05
RIPLEY,24294878101,KLAP0047,FILTRO PISCINA ESTRUCTURAL AVENLI 290729EU,1,99990.0,2025-12-20
RIPLEY,24308405001,KLAP0047,FILTRO PISCINA ESTRUCTURAL AVENLI 290729EU,1,99990.0,2025-12-26
RIPLEY,24315372001,KLAP0047,FILTRO PISCINA ESTRUCTURAL AVENLI 290729EU,1,99990.0,2025-12-29
RIPLEY,24318822701,KLAP0047,FILTRO PISCINA ESTRUCTURAL AVENLI 290729EU,1,99990.0,2025-12-31
RIPLEY,24331460901,KLAP0047,FILTRO PISCINA ESTRUCTURAL AVENLI 290729EU,1,99990.0,2026-01-06
RIPLEY,24338760701,KLAP0047,FILTRO PISCINA ESTRUCTURAL AVENLI 290729EU,1,99990.0,2026-01-10
RIPLEY,24339612701,KLAP0047,FILTRO PISCINA ESTRUCTURAL AVENLI 290729EU,1,99990.0,2026-01-10
RIPLEY,24340232201,KLAP0047,FILTRO PISCINA ESTRUCTURAL AVENLI 290729EU,1,99990.0,2026-01-10
RIPLEY,24351523301,KLAP0047,FILTRO PISCINA ESTRUCTURAL AVENLI 290729EU,1,99990.0,2026-01-16
RIPLEY,24352280001,KLAP0047,FILTRO PISCINA ESTRUCTURAL AVENLI 290729EU,1,99990.0,2026-01-17
RIPLEY,24353195001,KLAP0047,FILTRO PISCINA ESTRUCTURAL AVENLI 290729EU,1,99990.0,2026-01-17
RIPLEY,24353265101,KLAP0047,FILTRO PISCINA ESTRUCTURAL AVENLI 290729EU,1,99990.0,2026-01-17
RIPLEY,24362952901,KLAP0047,FILTRO PISCINA ESTRUCTURAL AVENLI 290729EU,1,99990.0,2026-01-23
RIPLEY,24364536301,KLAP0047,FILTRO PISCINA ESTRUCTURAL AVENLI 290729EU,1,99990.0,2026-01-24
RIPLEY,24365048101,KLAP0047,FILTRO PISCINA ESTRUCTURAL AVENLI 290729EU,1,99990.0,2026-01-24
RIPLEY,24380495301,KLAP0047,FILTRO PISCINA ESTRUCTURAL AVENLI 290729EU,1,99990.0,2026-02-01
RIPLEY,24388754901,KLAP0047,FILTRO PISCINA ESTRUCTURAL AVENLI 290729EU,1,99990.0,2026-02-04
RIPLEY,24426436501,KLAP0047,FILTRO PISCINA ESTRUCTURAL AVENLI 290729EU,1,99990.0,2026-02-22
RIPLEY,24479479101,KLAP0047,FILTRO PISCINA ESTRUCTURAL AVENLI 290729EU,1,99990.0,2026-03-18
MERCADOLIBRE,2000005260538911,KLAP0047,FILTRO PISCINA ESTRUCTURAL AVENLI 290729EU,1,99990.0,2024-01-06
MERCADOLIBRE,2000005299690951,KLAP0047,FILTRO PISCINA ESTRUCTURAL AVENLI 290729EU,1,99990.0,2024-01-16
MERCADOLIBRE,2000005300622921,KLAP0047,FILTRO PISCINA ESTRUCTURAL AVENLI 290729EU,1,99990.0,2024-01-16
MERCADOLIBRE,2000005306666037,KLAP0047,FILTRO PISCINA ESTRUCTURAL AVENLI 290729EU,1,99990.0,2024-01-17
MERCADOLIBRE,2000005339660303,KLAP0047,FILTRO PISCINA ESTRUCTURAL AVENLI 290729EU,1,99990.0,2024-01-26
MERCADOLIBRE,2000005350578235,KLAP0047,FILTRO PISCINA ESTRUCTURAL AVENLI 290729EU,1,99990.0,2024-01-30
MERCADOLIBRE,2000005359471239,KLAP0047,FILTRO PISCINA ESTRUCTURAL AVENLI 290729EU,1,99990.0,2024-02-01
MERCADOLIBRE,2000005377884279,KLAP0047,FILTRO PISCINA ESTRUCTURAL AVENLI 290729EU,1,99990.0,2024-02-06
MERCADOLIBRE,2000007280568528,KLAP0047,FILTRO PISCINA ESTRUCTURAL AVENLI 290729EU,1,99990.0,2024-01-01
MERCADOLIBRE,2000007282964084,KLAP0047,FILTRO PISCINA ESTRUCTURAL AVENLI 290729EU,1,99990.0,2024-01-01
MERCADOLIBRE,2000007300205726,KLAP0047,FILTRO PISCINA ESTRUCTURAL AVENLI 290729EU,1,99990.0,2024-01-03
MERCADOLIBRE,2000007301874314,KLAP0047,FILTRO PISCINA ESTRUCTURAL AVENLI 290729EU,1,99990.0,2024-01-04
MERCADOLIBRE,2000007312052736,KLAP0047,FILTRO PISCINA ESTRUCTURAL AVENLI 290729EU,1,99990.0,2024-01-05
MERCADOLIBRE,2000007315064032,KLAP0047,FILTRO PISCINA ESTRUCTURAL AVENLI 290729EU,1,99990.0,2024-01-05
MERCADOLIBRE,2000007422634790,KLAP0047,FILTRO PISCINA ESTRUCTURAL AVENLI 290729EU,1,99990.0,2024-01-20
MERCADOLIBRE,2000007431260352,KLAP0047,FILTRO PISCINA ESTRUCTURAL AVENLI 290729EU,1,99990.0,2024-01-21
MERCADOLIBRE,2000007435718240,KLAP0047,FILTRO PISCINA ESTRUCTURAL AVENLI 290729EU,1,99990.0,2024-01-22
MERCADOLIBRE,2000007462795766,KLAP0047,FILTRO PISCINA ESTRUCTURAL AVENLI 290729EU,1,99990.0,2024-01-25
MERCADOLIBRE,2000007466163102,KLAP0047,FILTRO PISCINA ESTRUCTURAL AVENLI 290729EU,1,99990.0,2024-01-26
MERCADOLIBRE,2000007474084060,KLAP0047,FILTRO PISCINA ESTRUCTURAL AVENLI 290729EU,1,99990.0,2024-01-27
MERCADOLIBRE,2000007474239874,KLAP0047,FILTRO PISCINA ESTRUCTURAL AVENLI 290729EU,1,99990.0,2024-01-27
MERCADOLIBRE,2000007481202888,KLAP0047,FILTRO PISCINA ESTRUCTURAL AVENLI 290729EU,1,99990.0,2024-01-28
MERCADOLIBRE,2000007482200722,KLAP0047,FILTRO PISCINA ESTRUCTURAL AVENLI 290729EU,1,99990.0,2024-01-28
MERCADOLIBRE,2000007483329990,KLAP0047,FILTRO PISCINA ESTRUCTURAL AVENLI 290729EU,1,99990.0,2024-01-29
MERCADOLIBRE,2000007497371680,KLAP0047,FILTRO PISCINA ESTRUCTURAL AVENLI 290729EU,1,99990.0,2024-01-30
MERCADOLIBRE,2000007500403178,KLAP0047,FILTRO PISCINA ESTRUCTURAL AVENLI 290729EU,1,99990.0,2024-01-31
MERCADOLIBRE,2000007517948546,KLAP0047,FILTRO PISCINA ESTRUCTURAL AVENLI 290729EU,1,99990.0,2024-02-02
MERCADOLIBRE,2000007529981288,KLAP0047,FILTRO PISCINA ESTRUCTURAL AVENLI 290729EU,1,99990.0,2024-02-10
MERCADOLIBRE,2000007533777790,KLAP0047,FILTRO PISCINA ESTRUCTURAL AVENLI 290729EU,1,99990.0,2024-02-04
MERCADOLIBRE,2000007536194870,KLAP0047,FILTRO PISCINA ESTRUCTURAL AVENLI 290729EU,1,99990.0,2024-02-05
MERCADOLIBRE,2000007555574438,KLAP0047,FILTRO PISCINA ESTRUCTURAL AVENLI 290729EU,1,99990.0,2024-02-07
MERCADOLIBRE,2000007569005606,KLAP0047,FILTRO PISCINA ESTRUCTURAL AVENLI 290729EU,1,99990.0,2024-02-09
MERCADOLIBRE,2000007570838866,KLAP0047,FILTRO PISCINA ESTRUCTURAL AVENLI 290729EU,1,99990.0,2024-02-09
MERCADOLIBRE,2000007572141660,KLAP0047,FILTRO PISCINA ESTRUCTURAL AVENLI 290729EU,1,99990.0,2024-02-09
MERCADOLIBRE,2000007576816028,KLAP0047,FILTRO PISCINA ESTRUCTURAL AVENLI 290729EU,1,99990.0,2024-02-10
MERCADOLIBRE,2000007580040672,KLAP0047,FILTRO PISCINA ESTRUCTURAL AVENLI 290729EU,1,99990.0,2024-02-10
MERCADOLIBRE,2000007590140568,KLAP0047,FILTRO PISCINA ESTRUCTURAL AVENLI 290729EU,1,99990.0,2024-02-12
MERCADOLIBRE,2000007619742728,KLAP0047,FILTRO PISCINA ESTRUCTURAL AVENLI 290729EU,1,99990.0,2024-02-16
MERCADOLIBRE,2000007636637190,KLAP0047,FILTRO PISCINA ESTRUCTURAL AVENLI 290729EU,1,99990.0,2024-02-19
MERCADOLIBRE,2000007653247604,KLAP0047,FILTRO PISCINA ESTRUCTURAL AVENLI 290729EU,1,99990.0,2024-02-21
MERCADOLIBRE,2000007654193444,KLAP0047,FILTRO PISCINA ESTRUCTURAL AVENLI 290729EU,1,99990.0,2024-02-21
MERCADOLIBRE,2000012455795640,KLES0073,IR STONE AZUL,1,99990.0,2026-04-10
MERCADOLIBRE,2000013000676417,KLES0073,IR STONE AZUL,1,99990.0,2026-05-15
MERCADOLIBRE,2000012691629420,KLES0069,IR STONE BLANCO,1,99990.0,2026-04-26
MERCADOLIBRE,2000013628727809,KLES0069,IR STONE BLANCO,1,99990.0,2026-06-21
MERCADOLIBRE,2000005712576068,KLES0070,PTC LIFE 2,1,99990.0,2023-05-24
MERCADOLIBRE,2000008845810788,KLES0070,PTC LIFE 2,1,99990.0,2024-07-23
MERCADOLIBRE,2000004553344421,KLES0031,WALLY 1000 C,1,99990.0,2023-06-18
MERCADOLIBRE,2000005731253102,KLES0031,WALLY 1000 C,1,99990.0,2023-05-27
MERCADOLIBRE,2000005827238508,KLES0031,WALLY 1000 C,1,99990.0,2023-06-10
MERCADOLIBRE,2000005836871784,KLES0031,WALLY 1000 C,1,99990.0,2023-06-12
MERCADOLIBRE,2000005871191636,KLES0031,WALLY 1000 C,1,99990.0,2023-06-17
MERCADOLIBRE,2000005880285428,KLES0031,WALLY 1000 C,1,99990.0,2023-06-18
MERCADOLIBRE,2000005884824252,KLES0031,WALLY 1000 C,1,99990.0,2023-06-19
MERCADOLIBRE,2000005888206736,KLES0031,WALLY 1000 C,1,99990.0,2023-06-20
MERCADOLIBRE,2000005905710324,KLES0031,WALLY 1000 C,1,99990.0,2023-06-22
MERCADOLIBRE,2000005921833912,KLES0031,WALLY 1000 C,1,99990.0,2023-06-25
MERCADOLIBRE,2000005938522256,KLES0031,WALLY 1000 C,1,99990.0,2023-06-28
MERCADOLIBRE,2000005941314156,KLES0031,WALLY 1000 C,1,99990.0,2023-06-28
MERCADOLIBRE,2000007229123613,KLES0031,WALLY 1000 C,1,99990.0,2025-02-19
PARIS,3026870790,KLES0036,WALLY 1000 INVERTER,1,99990.0,2025-06-23
PARIS,3035102024,KLES0036,WALLY 1000 INVERTER,1,99990.0,2025-08-03
FALABELLA,2208164196,KLES0032,WALLY 1500 C,1,99990.0,2024-05-14
MERCADOLIBRE,2000004331834403,KLES0032,WALLY 1500 C,1,99990.0,2023-04-01
MERCADOLIBRE,2000004331834405,KLES0032,WALLY 1500 C,1,99990.0,2023-04-01
MERCADOLIBRE,2000004673400857,KLES0032,WALLY 1500 C,1,99990.0,2023-07-28
MERCADOLIBRE,2000004673400859,KLES0032,WALLY 1500 C,1,99990.0,2023-07-28
MERCADOLIBRE,2000005394252298,KLES0032,WALLY 1500 C,1,99990.0,2023-04-02
MERCADOLIBRE,2000005396399344,KLES0032,WALLY 1500 C,1,99990.0,2023-04-02
MERCADOLIBRE,2000005416180607,KLES0032,WALLY 1500 C,1,99990.0,2024-02-16
MERCADOLIBRE,2000005416993160,KLES0032,WALLY 1500 C,1,99990.0,2023-04-05
MERCADOLIBRE,2000005417439046,KLES0032,WALLY 1500 C,1,99990.0,2023-04-06
MERCADOLIBRE,2000005632367001,KLES0032,WALLY 1500 C,1,99990.0,2024-04-12
MERCADOLIBRE,2000005638233209,KLES0032,WALLY 1500 C,1,99990.0,2024-04-14
MERCADOLIBRE,2000005642091037,KLES0032,WALLY 1500 C,1,99990.0,2024-04-15
MERCADOLIBRE,2000005642091039,KLES0032,WALLY 1500 C,1,99990.0,2024-04-15
MERCADOLIBRE,2000005676657083,KLES0032,WALLY 1500 C,1,99990.0,2024-04-23
MERCADOLIBRE,2000005676657085,KLES0032,WALLY 1500 C,1,99990.0,2024-04-23
MERCADOLIBRE,2000005782472040,KLES0032,WALLY 1500 C,1,99990.0,2024-05-19
MERCADOLIBRE,2000005784884790,KLES0032,WALLY 1500 C,1,99990.0,2024-05-19
MERCADOLIBRE,2000005983966203,KLES0032,WALLY 1500 C,1,99990.0,2024-07-04
MERCADOLIBRE,2000005983966205,KLES0032,WALLY 1500 C,1,99990.0,2024-07-04
MERCADOLIBRE,2000005984040297,KLES0032,WALLY 1500 C,1,99990.0,2024-07-04
MERCADOLIBRE,2000005984040299,KLES0032,WALLY 1500 C,1,99990.0,2024-07-04
MERCADOLIBRE,2000005993829299,KLES0032,WALLY 1500 C,1,99990.0,2024-07-06
MERCADOLIBRE,2000005993829301,KLES0032,WALLY 1500 C,1,99990.0,2024-07-06
MERCADOLIBRE,2000005993829303,KLES0032,WALLY 1500 C,1,99990.0,2024-07-06
MERCADOLIBRE,2000005993829305,KLES0032,WALLY 1500 C,1,99990.0,2024-07-06
MERCADOLIBRE,2000005993829307,KLES0032,WALLY 1500 C,1,99990.0,2024-07-06
MERCADOLIBRE,2000005993829309,KLES0032,WALLY 1500 C,1,99990.0,2024-07-06
MERCADOLIBRE,2000006005010899,KLES0032,WALLY 1500 C,1,99990.0,2024-07-08
MERCADOLIBRE,2000006006401571,KLES0032,WALLY 1500 C,1,99990.0,2024-07-09
MERCADOLIBRE,2000006019769807,KLES0032,WALLY 1500 C,1,99990.0,2024-07-11
MERCADOLIBRE,2000006019769809,KLES0032,WALLY 1500 C,1,99990.0,2024-07-11
MERCADOLIBRE,2000006071813504,KLES0032,WALLY 1500 C,1,99990.0,2023-07-18
MERCADOLIBRE,2000006073750932,KLES0032,WALLY 1500 C,1,99990.0,2023-07-18
MERCADOLIBRE,2000006144833114,KLES0032,WALLY 1500 C,1,99990.0,2023-07-28
MERCADOLIBRE,2000006161776445,KLES0032,WALLY 1500 C,1,99990.0,2024-08-12
MERCADOLIBRE,2000006168061423,KLES0032,WALLY 1500 C,1,99990.0,2024-08-13
MERCADOLIBRE,2000006168061425,KLES0032,WALLY 1500 C,1,99990.0,2024-08-13
MERCADOLIBRE,2000007411891110,KLES0032,WALLY 1500 C,1,99990.0,2024-01-18
MERCADOLIBRE,2000007680529012,KLES0032,WALLY 1500 C,1,99990.0,2024-02-24
MERCADOLIBRE,2000008008447772,KLES0032,WALLY 1500 C,1,99990.0,2024-04-09
MERCADOLIBRE,2000008023815682,KLES0032,WALLY 1500 C,1,99990.0,2024-04-11
MERCADOLIBRE,2000008034768882,KLES0032,WALLY 1500 C,1,99990.0,2024-04-13
MERCADOLIBRE,2000008040240644,KLES0032,WALLY 1500 C,1,99990.0,2024-04-14
MERCADOLIBRE,2000008046834460,KLES0032,WALLY 1500 C,1,99990.0,2024-04-15
MERCADOLIBRE,2000008053234516,KLES0032,WALLY 1500 C,1,99990.0,2024-04-15
MERCADOLIBRE,2000008113340284,KLES0032,WALLY 1500 C,1,99990.0,2024-04-23
MERCADOLIBRE,2000008120727708,KLES0032,WALLY 1500 C,1,99990.0,2024-04-24
MERCADOLIBRE,2000008228722430,KLES0032,WALLY 1500 C,1,99990.0,2024-05-09
MERCADOLIBRE,2000008229170300,KLES0032,WALLY 1500 C,1,99990.0,2024-05-09
MERCADOLIBRE,2000008230967090,KLES0032,WALLY 1500 C,1,99990.0,2024-05-09
MERCADOLIBRE,2000008243667340,KLES0032,WALLY 1500 C,1,99990.0,2024-05-11
MERCADOLIBRE,2000008247150530,KLES0032,WALLY 1500 C,1,99990.0,2024-05-11
MERCADOLIBRE,2000008247174710,KLES0032,WALLY 1500 C,1,99990.0,2024-05-11
MERCADOLIBRE,2000008259140890,KLES0032,WALLY 1500 C,1,99990.0,2024-05-13
MERCADOLIBRE,2000008262953690,KLES0032,WALLY 1500 C,1,99990.0,2024-05-13
MERCADOLIBRE,2000008273527820,KLES0032,WALLY 1500 C,1,99990.0,2024-05-15
MERCADOLIBRE,2000008281737350,KLES0032,WALLY 1500 C,1,99990.0,2024-05-15
MERCADOLIBRE,2000008294630650,KLES0032,WALLY 1500 C,1,99990.0,2024-05-17
MERCADOLIBRE,2000008295642450,KLES0032,WALLY 1500 C,1,99990.0,2024-05-17
MERCADOLIBRE,2000008311327570,KLES0032,WALLY 1500 C,1,99990.0,2024-05-19
MERCADOLIBRE,2000008311964700,KLES0032,WALLY 1500 C,1,99990.0,2024-05-19
MERCADOLIBRE,2000008312109340,KLES0032,WALLY 1500 C,1,99990.0,2024-05-19
MERCADOLIBRE,2000008315879020,KLES0032,WALLY 1500 C,1,99990.0,2024-05-19
MERCADOLIBRE,2000008316123190,KLES0032,WALLY 1500 C,1,99990.0,2024-05-19
MERCADOLIBRE,2000008673404296,KLES0032,WALLY 1500 C,1,99990.0,2024-07-02
MERCADOLIBRE,2000008673899500,KLES0032,WALLY 1500 C,1,99990.0,2024-07-02
MERCADOLIBRE,2000008677697022,KLES0032,WALLY 1500 C,1,99990.0,2024-07-03
MERCADOLIBRE,2000008681393026,KLES0032,WALLY 1500 C,1,99990.0,2024-07-03
MERCADOLIBRE,2000008694048164,KLES0032,WALLY 1500 C,1,99990.0,2024-07-05
MERCADOLIBRE,2000008700138046,KLES0032,WALLY 1500 C,1,99990.0,2024-07-05
MERCADOLIBRE,2000008708101024,KLES0032,WALLY 1500 C,1,99990.0,2024-07-07
MERCADOLIBRE,2000008709890190,KLES0032,WALLY 1500 C,1,99990.0,2024-07-07
MERCADOLIBRE,2000008723171880,KLES0032,WALLY 1500 C,1,99990.0,2024-07-08
MERCADOLIBRE,2000008724117242,KLES0032,WALLY 1500 C,1,99990.0,2024-07-08
MERCADOLIBRE,2000008736337922,KLES0032,WALLY 1500 C,1,99990.0,2024-07-10
MERCADOLIBRE,2000008738927444,KLES0032,WALLY 1500 C,1,99990.0,2024-07-10
MERCADOLIBRE,2000008957123622,KLES0032,WALLY 1500 C,1,99990.0,2024-08-05
MERCADOLIBRE,2000008973522154,KLES0032,WALLY 1500 C,1,99990.0,2024-08-07
MERCADOLIBRE,2000008979105698,KLES0032,WALLY 1500 C,1,99990.0,2024-08-07
MERCADOLIBRE,2000008981659232,KLES0032,WALLY 1500 C,1,99990.0,2024-08-08
MERCADOLIBRE,2000008992801506,KLES0032,WALLY 1500 C,1,99990.0,2024-08-09
MERCADOLIBRE,2000008998439180,KLES0032,WALLY 1500 C,1,99990.0,2024-08-10
MERCADOLIBRE,2000009006673992,KLES0032,WALLY 1500 C,1,99990.0,2024-08-11
FALABELLA,2249846817,KLES0066,WALLY ONE O 1200,1,99990.0,2024-06-11
FALABELLA,2581411887,KLES0066,WALLY ONE O 1200,1,99990.0,2024-09-23
MERCADOLIBRE,2000005539851309,KLES0066,WALLY ONE O 1200,1,99990.0,2024-03-19
MERCADOLIBRE,2000005539851313,KLES0066,WALLY ONE O 1200,1,99990.0,2024-03-19
MERCADOLIBRE,2000005746873800,KLES0066,WALLY ONE O 1200,1,99990.0,2024-05-11
MERCADOLIBRE,2000005746873810,KLES0066,WALLY ONE O 1200,1,99990.0,2024-05-11
MERCADOLIBRE,2000005992975939,KLES0066,WALLY ONE O 1200,1,99990.0,2024-07-06
MERCADOLIBRE,2000007852234264,KLES0066,WALLY ONE O 1200,1,99990.0,2024-03-18
MERCADOLIBRE,2000007854890571,KLES0066,WALLY ONE O 1200,1,99990.0,2025-05-12
MERCADOLIBRE,2000007855075421,KLES0066,WALLY ONE O 1200,1,99990.0,2025-05-12
MERCADOLIBRE,2000007903708498,KLES0066,WALLY ONE O 1200,1,99990.0,2024-03-25
MERCADOLIBRE,2000007912484106,KLES0066,WALLY ONE O 1200,1,99990.0,2024-03-27
MERCADOLIBRE,2000007921501162,KLES0066,WALLY ONE O 1200,1,99990.0,2024-03-28
MERCADOLIBRE,2000007932891076,KLES0066,WALLY ONE O 1200,1,99990.0,2024-03-30
MERCADOLIBRE,2000007969835737,KLES0066,WALLY ONE O 1200,1,99990.0,2025-05-24
MERCADOLIBRE,2000007972150265,KLES0066,WALLY ONE O 1200,1,99990.0,2025-05-24
MERCADOLIBRE,2000007972210069,KLES0066,WALLY ONE O 1200,1,99990.0,2025-05-24
MERCADOLIBRE,2000007988309051,KLES0066,WALLY ONE O 1200,1,99990.0,2025-05-26
MERCADOLIBRE,2000007990691509,KLES0066,WALLY ONE O 1200,1,99990.0,2025-05-26
MERCADOLIBRE,2000008253179000,KLES0066,WALLY ONE O 1200,1,99990.0,2024-05-12
MERCADOLIBRE,2000008253789170,KLES0066,WALLY ONE O 1200,1,99990.0,2024-05-12
MERCADOLIBRE,2000008266035320,KLES0066,WALLY ONE O 1200,1,99990.0,2024-05-14
MERCADOLIBRE,2000008276822620,KLES0066,WALLY ONE O 1200,1,99990.0,2024-05-15
MERCADOLIBRE,2000008413047320,KLES0066,WALLY ONE O 1200,1,99990.0,2024-06-01
MERCADOLIBRE,2000011608325950,KLES0066,WALLY ONE O 1200,1,99990.0,2025-05-14
MERCADOLIBRE,2000012288581471,KLES0066,WALLY ONE O 1200,1,99990.0,2026-03-30
MERCADOLIBRE,2000012300413969,KLES0066,WALLY ONE O 1200,1,99990.0,2026-03-31
MERCADOLIBRE,2000012300413971,KLES0066,WALLY ONE O 1200,1,99990.0,2026-03-31
MERCADOLIBRE,2000015717025476,KLES0066,WALLY ONE O 1200,1,99990.0,2026-03-26
FALABELLA,2069396759,KLES0067,WALLY ONE O 1800,1,99990.0,2023-06-05
FALABELLA,2069398706,KLES0067,WALLY ONE O 1800,1,99990.0,2023-06-05
FALABELLA,2069498113,KLES0067,WALLY ONE O 1800,1,99990.0,2023-06-06
FALABELLA,2069660754,KLES0067,WALLY ONE O 1800,1,99990.0,2023-06-07
FALABELLA,2069853701,KLES0067,WALLY ONE O 1800,1,99990.0,2023-06-08
FALABELLA,2070118353,KLES0067,WALLY ONE O 1800,1,99990.0,2023-06-09
FALABELLA,2070454658,KLES0067,WALLY ONE O 1800,1,99990.0,2023-06-11
FALABELLA,2070485993,KLES0067,WALLY ONE O 1800,1,99990.0,2023-06-11
FALABELLA,2070990627,KLES0067,WALLY ONE O 1800,1,99990.0,2023-06-14
FALABELLA,2071112922,KLES0067,WALLY ONE O 1800,1,99990.0,2023-06-14
FALABELLA,2071141995,KLES0067,WALLY ONE O 1800,1,99990.0,2023-06-14
FALABELLA,2071290270,KLES0067,WALLY ONE O 1800,1,99990.0,2023-06-15
FALABELLA,2071389240,KLES0067,WALLY ONE O 1800,1,99990.0,2023-06-16
FALABELLA,2072291526,KLES0067,WALLY ONE O 1800,1,99990.0,2023-06-21
FALABELLA,2073272528,KLES0067,WALLY ONE O 1800,1,99990.0,2023-06-27
FALABELLA,2073510887,KLES0067,WALLY ONE O 1800,1,99990.0,2023-06-28
FALABELLA,2073996512,KLES0067,WALLY ONE O 1800,1,99990.0,2023-07-01
FALABELLA,2074165476,KLES0067,WALLY ONE O 1800,1,99990.0,2023-07-02
FALABELLA,2202990111,KLES0067,WALLY ONE O 1800,1,99990.0,2024-05-04
FALABELLA,2203376849,KLES0067,WALLY ONE O 1800,1,99990.0,2024-05-05
FALABELLA,2261146839,KLES0067,WALLY ONE O 1800,1,99990.0,2024-06-25
FALABELLA,2261888017,KLES0067,WALLY ONE O 1800,1,99990.0,2024-06-26
FALABELLA,2512274434,KLES0067,WALLY ONE O 1800,1,99990.0,2024-07-07
FALABELLA,2512328087,KLES0067,WALLY ONE O 1800,1,99990.0,2024-07-07
FALABELLA,2513272882,KLES0067,WALLY ONE O 1800,1,99990.0,2024-07-08
FALABELLA,2513387200,KLES0067,WALLY ONE O 1800,1,99990.0,2024-07-08
FALABELLA,2514017307,KLES0067,WALLY ONE O 1800,1,99990.0,2024-07-09
FALABELLA,2514057738,KLES0067,WALLY ONE O 1800,1,99990.0,2024-07-09
FALABELLA,2514104719,KLES0067,WALLY ONE O 1800,1,99990.0,2024-07-09
PARIS,3092745870,KLES0067,WALLY ONE O 1800,1,99990.0,2026-03-25
PARIS,3092879190,KLES0067,WALLY ONE O 1800,1,99990.0,2026-03-25
PARIS,3094542510,KLES0067,WALLY ONE O 1800,1,99990.0,2026-03-30
PARIS,3095757450,KLES0067,WALLY ONE O 1800,1,99990.0,2026-04-03
PARIS,3099188870,KLES0067,WALLY ONE O 1800,1,99990.0,2026-04-18
PARIS,3099456153,KLES0067,WALLY ONE O 1800,1,99990.0,2026-04-20
PARIS,3101698720,KLES0067,WALLY ONE O 1800,1,99990.0,2026-04-28
RIPLEY,23492784301,KLES0067,WALLY ONE O 1800,1,99990.0,2025-05-01
RIPLEY,23513441701,KLES0067,WALLY ONE O 1800,1,99990.0,2025-05-07
RIPLEY,23514235101,KLES0067,WALLY ONE O 1800,1,99990.0,2025-05-08
RIPLEY,23725688601,KLES0067,WALLY ONE O 1800,1,99990.0,2025-06-30
RIPLEY,23779801701,KLES0067,WALLY ONE O 1800,1,99990.0,2025-07-27
MERCADOLIBRE,2000004427934115,KLES0067,WALLY ONE O 1800,1,99990.0,2023-05-08
MERCADOLIBRE,2000004427934117,KLES0067,WALLY ONE O 1800,1,99990.0,2023-05-08
MERCADOLIBRE,2000004428759537,KLES0067,WALLY ONE O 1800,1,99990.0,2023-05-08
MERCADOLIBRE,2000004536096443,KLES0067,WALLY ONE O 1800,1,99990.0,2023-06-12
MERCADOLIBRE,2000004543249173,KLES0067,WALLY ONE O 1800,1,99990.0,2023-06-14
MERCADOLIBRE,2000004552152729,KLES0067,WALLY ONE O 1800,1,99990.0,2023-06-18
MERCADOLIBRE,2000005589645968,KLES0067,WALLY ONE O 1800,1,99990.0,2023-05-05
MERCADOLIBRE,2000005594082540,KLES0067,WALLY ONE O 1800,1,99990.0,2023-05-05
MERCADOLIBRE,2000005599367626,KLES0067,WALLY ONE O 1800,1,99990.0,2023-05-06
MERCADOLIBRE,2000005601061268,KLES0067,WALLY ONE O 1800,1,99990.0,2023-05-07
MERCADOLIBRE,2000005603832318,KLES0067,WALLY ONE O 1800,1,99990.0,2023-05-07
MERCADOLIBRE,2000005606641532,KLES0067,WALLY ONE O 1800,1,99990.0,2023-05-08
MERCADOLIBRE,2000005615804202,KLES0067,WALLY ONE O 1800,1,99990.0,2023-05-09
MERCADOLIBRE,2000005620676064,KLES0067,WALLY ONE O 1800,1,99990.0,2023-05-09
MERCADOLIBRE,2000005806703772,KLES0067,WALLY ONE O 1800,1,99990.0,2023-06-07
MERCADOLIBRE,2000005814592184,KLES0067,WALLY ONE O 1800,1,99990.0,2023-06-08
MERCADOLIBRE,2000005819389300,KLES0067,WALLY ONE O 1800,1,99990.0,2023-06-09
MERCADOLIBRE,2000005830486204,KLES0067,WALLY ONE O 1800,1,99990.0,2023-06-11
MERCADOLIBRE,2000005833981676,KLES0067,WALLY ONE O 1800,1,99990.0,2023-06-11
MERCADOLIBRE,2000005838413908,KLES0067,WALLY ONE O 1800,1,99990.0,2023-06-12
MERCADOLIBRE,2000005839938980,KLES0067,WALLY ONE O 1800,1,99990.0,2023-06-12
MERCADOLIBRE,2000005841245528,KLES0067,WALLY ONE O 1800,1,99990.0,2023-06-12
MERCADOLIBRE,2000005841617776,KLES0067,WALLY ONE O 1800,1,99990.0,2023-06-12
MERCADOLIBRE,2000005841888608,KLES0067,WALLY ONE O 1800,1,99990.0,2023-06-13
MERCADOLIBRE,2000005843648382,KLES0067,WALLY ONE O 1800,1,99990.0,2023-06-13
MERCADOLIBRE,2000005847550718,KLES0067,WALLY ONE O 1800,1,99990.0,2023-06-13
MERCADOLIBRE,2000005850356102,KLES0067,WALLY ONE O 1800,1,99990.0,2023-06-14
MERCADOLIBRE,2000005850896746,KLES0067,WALLY ONE O 1800,1,99990.0,2023-06-14
MERCADOLIBRE,2000005852727664,KLES0067,WALLY ONE O 1800,1,99990.0,2023-06-14
MERCADOLIBRE,2000005856338012,KLES0067,WALLY ONE O 1800,1,99990.0,2023-06-14
MERCADOLIBRE,2000005864671380,KLES0067,WALLY ONE O 1800,1,99990.0,2023-06-16
MERCADOLIBRE,2000005904660390,KLES0067,WALLY ONE O 1800,1,99990.0,2024-06-16
MERCADOLIBRE,2000005904660400,KLES0067,WALLY ONE O 1800,1,99990.0,2024-06-16
MERCADOLIBRE,2000008520406460,KLES0067,WALLY ONE O 1800,1,99990.0,2024-06-13
MERCADOLIBRE,2000008681917338,KLES0067,WALLY ONE O 1800,1,99990.0,2024-07-03
MERCADOLIBRE,2000012353295990,KLES0067,WALLY ONE O 1800,1,99990.0,2026-04-04
MERCADOLIBRE,2000012381801450,KLES0067,WALLY ONE O 1800,1,99990.0,2026-04-06
MERCADOLIBRE,2000012415887180,KLES0067,WALLY ONE O 1800,1,99990.0,2026-04-08
MERCADOLIBRE,2000012452148720,KLES0067,WALLY ONE O 1800,1,99990.0,2026-04-10
MERCADOLIBRE,2000012489120450,KLES0067,WALLY ONE O 1800,1,99990.0,2026-04-13
MERCADOLIBRE,2000012801773569,KLES0067,WALLY ONE O 1800,1,99990.0,2026-05-04
MERCADOLIBRE,2000012805055267,KLES0067,WALLY ONE O 1800,1,99990.0,2026-05-04
MERCADOLIBRE,2000012805055269,KLES0067,WALLY ONE O 1800,1,99990.0,2026-05-04
MERCADOLIBRE,2000012805055273,KLES0067,WALLY ONE O 1800,1,99990.0,2026-05-04
MERCADOLIBRE,2000012805055275,KLES0067,WALLY ONE O 1800,1,99990.0,2026-05-04
MERCADOLIBRE,2000012805055277,KLES0067,WALLY ONE O 1800,1,99990.0,2026-05-04
MERCADOLIBRE,2000012810392255,KLES0067,WALLY ONE O 1800,1,99990.0,2026-05-04
MERCADOLIBRE,2000012816689577,KLES0067,WALLY ONE O 1800,1,99990.0,2026-05-04
MERCADOLIBRE,2000012830899651,KLES0067,WALLY ONE O 1800,1,99990.0,2026-05-05
MERCADOLIBRE,2000015928140280,KLES0067,WALLY ONE O 1800,1,99990.0,2026-04-10
MERCADOLIBRE,2000016254582054,KLES0067,WALLY ONE O 1800,1,99990.0,2026-05-03
MERCADOLIBRE,2000008553796537,KLES0031,WALLY 1000 C,1,98991.0,2025-07-18
MERCADOLIBRE,2000012346022568,KLES0031,WALLY 1000 C,1,98991.0,2025-07-18
RIPLEY,23462762301,KLES0065,WALLY ONE O 600,1,98990.0,2025-04-14
MERCADOLIBRE,2000007406718749,KLES0067,WALLY ONE O 1800,1,97189.0,2025-03-18
MERCADOLIBRE,2000007406718751,KLES0067,WALLY ONE O 1800,1,97189.0,2025-03-18
MERCADOLIBRE,2000004435535430,KLAP0047,FILTRO PISCINA ESTRUCTURAL AVENLI 290729EU,1,96990.0,2022-10-26
MERCADOLIBRE,2000004436439014,KLAP0047,FILTRO PISCINA ESTRUCTURAL AVENLI 290729EU,1,96990.0,2022-10-26
MERCADOLIBRE,2000004437291110,KLAP0047,FILTRO PISCINA ESTRUCTURAL AVENLI 290729EU,1,96990.0,2022-10-26
MERCADOLIBRE,2000010674193221,LOJM0002,CARRETE MANGUERA RETRÁCTIL 30M,1,96895.0,2025-12-20
MERCADOLIBRE,2000010677171805,LOJM0002,CARRETE MANGUERA RETRÁCTIL 30M,1,96895.0,2025-12-20
MERCADOLIBRE,2000010701194337,LOJM0002,CARRETE MANGUERA RETRÁCTIL 30M,1,96895.0,2025-12-21
MERCADOLIBRE,2000008987851789,KLES0066,WALLY ONE O 1200,1,96791.0,2025-08-26
MERCADOLIBRE,2000009041326969,KLES0066,WALLY ONE O 1200,1,96791.0,2025-08-30
MERCADOLIBRE,2000012768922334,KLES0066,WALLY ONE O 1200,1,96791.0,2025-08-22
MERCADOLIBRE,2000013279663829,KLES0067,WALLY ONE O 1800,1,96791.0,2026-06-01
MERCADOLIBRE,2000013279663831,KLES0067,WALLY ONE O 1800,1,96791.0,2026-06-01
MERCADOLIBRE,2000013280727177,KLES0067,WALLY ONE O 1800,1,96791.0,2026-06-01
MERCADOLIBRE,2000013281956419,KLES0067,WALLY ONE O 1800,1,96791.0,2026-06-01
MERCADOLIBRE,2000013289133033,KLES0067,WALLY ONE O 1800,1,96791.0,2026-06-01
MERCADOLIBRE,2000013289133035,KLES0067,WALLY ONE O 1800,1,96791.0,2026-06-01
MERCADOLIBRE,2000013289133037,KLES0067,WALLY ONE O 1800,1,96791.0,2026-06-01
MERCADOLIBRE,2000013310069829,KLES0067,WALLY ONE O 1800,1,96791.0,2026-06-02
MERCADOLIBRE,2000016717602950,KLES0067,WALLY ONE O 1800,1,96791.0,2026-06-01
MERCADOLIBRE,2000016719674852,KLES0067,WALLY ONE O 1800,1,96791.0,2026-06-01
MERCADOLIBRE,2000016720749664,KLES0067,WALLY ONE O 1800,1,96791.0,2026-06-01
MERCADOLIBRE,2000004410901104,KLAP0047,FILTRO PISCINA ESTRUCTURAL AVENLI 290729EU,1,96742.0,2022-10-21
MERCADOLIBRE,2000004434900670,KLAP0047,FILTRO PISCINA ESTRUCTURAL AVENLI 290729EU,1,96742.0,2022-10-26
MERCADOLIBRE,2000012326264630,KLES0067,WALLY ONE O 1800,1,96021.0,2026-04-02
MERCADOLIBRE,2000012532435080,KLES0067,WALLY ONE O 1800,1,96021.0,2026-04-15
MERCADOLIBRE,2000012565998720,KLES0067,WALLY ONE O 1800,1,96021.0,2026-04-17
MERCADOLIBRE,2000012612197060,KLES0067,WALLY ONE O 1800,1,96021.0,2026-04-21
MERCADOLIBRE,2000012612197070,KLES0067,WALLY ONE O 1800,1,96021.0,2026-04-21
MERCADOLIBRE,2000012643653400,KLES0067,WALLY ONE O 1800,1,96021.0,2026-04-23
MERCADOLIBRE,2000016054318140,KLES0067,WALLY ONE O 1800,1,96021.0,2026-04-19
MERCADOLIBRE,2000016062612930,KLES0067,WALLY ONE O 1800,1,96021.0,2026-04-20
MERCADOLIBRE,2000016064367060,KLES0067,WALLY ONE O 1800,1,96021.0,2026-04-20
MERCADOLIBRE,2000016075594900,KLES0067,WALLY ONE O 1800,1,96021.0,2026-04-20
MERCADOLIBRE,2000016110043410,KLES0067,WALLY ONE O 1800,1,96021.0,2026-04-23
MERCADOLIBRE,2000004448712169,KLES0067,WALLY ONE O 1800,1,95790.0,2023-05-15
MERCADOLIBRE,2000004460286109,KLES0067,WALLY ONE O 1800,1,95790.0,2023-05-18
MERCADOLIBRE,2000004460286111,KLES0067,WALLY ONE O 1800,1,95790.0,2023-05-18
MERCADOLIBRE,2000004468502275,KLES0067,WALLY ONE O 1800,1,95790.0,2023-05-22
MERCADOLIBRE,2000004468502279,KLES0067,WALLY ONE O 1800,1,95790.0,2023-05-22
MERCADOLIBRE,2000005661973318,KLES0067,WALLY ONE O 1800,1,95790.0,2023-05-16
MERCADOLIBRE,2000005663913442,KLES0067,WALLY ONE O 1800,1,95790.0,2023-05-16
MERCADOLIBRE,2000005666442404,KLES0067,WALLY ONE O 1800,1,95790.0,2023-05-16
MERCADOLIBRE,2000005668777830,KLES0067,WALLY ONE O 1800,1,95790.0,2023-05-17
MERCADOLIBRE,2000005692028860,KLES0067,WALLY ONE O 1800,1,95790.0,2023-05-21
MERCADOLIBRE,2000005693383390,KLES0067,WALLY ONE O 1800,1,95790.0,2023-05-21
MERCADOLIBRE,2000008400180201,KLES0066,WALLY ONE O 1200,1,95691.0,2025-07-04
MERCADOLIBRE,2000008401289211,KLES0066,WALLY ONE O 1200,1,95691.0,2025-07-05
MERCADOLIBRE,2000008534590687,KLES0066,WALLY ONE O 1200,1,95691.0,2025-07-16
MERCADOLIBRE,2000008540005677,KLES0066,WALLY ONE O 1200,1,95691.0,2025-07-17
MERCADOLIBRE,2000012196416508,KLES0066,WALLY ONE O 1200,1,95691.0,2025-07-06
MERCADOLIBRE,2000010958089388,KLES0069,IR STONE BLANCO,1,95151.0,2025-03-08
FALABELLA,2175469878,KLES0070,PTC LIFE 2,1,94990.0,2024-03-07
FALABELLA,2258443369,KLES0066,WALLY ONE O 1200,1,94990.0,2024-06-22
MERCADOLIBRE,2000005478067477,KLES0066,WALLY ONE O 1200,1,94990.0,2024-03-03
MERCADOLIBRE,2000005487806167,KLES0066,WALLY ONE O 1200,1,94990.0,2024-03-06
MERCADOLIBRE,2000005487806169,KLES0066,WALLY ONE O 1200,1,94990.0,2024-03-06
MERCADOLIBRE,2000005487806171,KLES0066,WALLY ONE O 1200,1,94990.0,2024-03-06
MERCADOLIBRE,2000005487806175,KLES0066,WALLY ONE O 1200,1,94990.0,2024-03-06
MERCADOLIBRE,2000005500778385,KLES0066,WALLY ONE O 1200,1,94990.0,2024-03-09
MERCADOLIBRE,2000005798448680,KLES0066,WALLY ONE O 1200,1,94990.0,2024-05-22
MERCADOLIBRE,2000005800210540,KLES0066,WALLY ONE O 1200,1,94990.0,2024-05-22
MERCADOLIBRE,2000005835536120,KLES0066,WALLY ONE O 1200,1,94990.0,2024-05-31
MERCADOLIBRE,2000005879229350,KLES0066,WALLY ONE O 1200,1,94990.0,2024-06-10
MERCADOLIBRE,2000005919581550,KLES0066,WALLY ONE O 1200,1,94990.0,2024-06-19
MERCADOLIBRE,2000005936641240,KLES0066,WALLY ONE O 1200,1,94990.0,2024-06-23
MERCADOLIBRE,2000005942672910,KLES0066,WALLY ONE O 1200,1,94990.0,2024-06-25
MERCADOLIBRE,2000005946297020,KLES0066,WALLY ONE O 1200,1,94990.0,2024-06-25
MERCADOLIBRE,2000007178562925,KLES0066,WALLY ONE O 1200,1,94990.0,2025-02-11
MERCADOLIBRE,2000007297399613,KLES0066,WALLY ONE O 1200,1,94990.0,2025-03-03
MERCADOLIBRE,2000007297399615,KLES0066,WALLY ONE O 1200,1,94990.0,2025-03-03
MERCADOLIBRE,2000007297399617,KLES0066,WALLY ONE O 1200,1,94990.0,2025-03-03
MERCADOLIBRE,2000007633191213,KLES0066,WALLY ONE O 1200,1,94990.0,2025-04-15
MERCADOLIBRE,2000007635228037,KLES0066,WALLY ONE O 1200,1,94990.0,2025-04-15
MERCADOLIBRE,2000007640436845,KLES0066,WALLY ONE O 1200,1,94990.0,2025-04-16
MERCADOLIBRE,2000007642061841,KLES0066,WALLY ONE O 1200,1,94990.0,2025-04-16
MERCADOLIBRE,2000007646347821,KLES0066,WALLY ONE O 1200,1,94990.0,2025-04-16
MERCADOLIBRE,2000007649929857,KLES0066,WALLY ONE O 1200,1,94990.0,2025-04-17
MERCADOLIBRE,2000007651990661,KLES0066,WALLY ONE O 1200,1,94990.0,2025-04-17
MERCADOLIBRE,2000007669230555,KLES0066,WALLY ONE O 1200,1,94990.0,2025-04-20
MERCADOLIBRE,2000007671846547,KLES0066,WALLY ONE O 1200,1,94990.0,2025-04-20
MERCADOLIBRE,2000007672820371,KLES0066,WALLY ONE O 1200,1,94990.0,2025-04-20
MERCADOLIBRE,2000007675478479,KLES0066,WALLY ONE O 1200,1,94990.0,2025-04-21
MERCADOLIBRE,2000007676254945,KLES0066,WALLY ONE O 1200,1,94990.0,2025-04-21
MERCADOLIBRE,2000007679421741,KLES0066,WALLY ONE O 1200,1,94990.0,2025-04-21
MERCADOLIBRE,2000007681972937,KLES0066,WALLY ONE O 1200,1,94990.0,2025-04-22
MERCADOLIBRE,2000007784105778,KLES0066,WALLY ONE O 1200,1,94990.0,2024-03-09
MERCADOLIBRE,2000007813696058,KLES0066,WALLY ONE O 1200,1,94990.0,2024-03-13
MERCADOLIBRE,2000007837378549,KLES0066,WALLY ONE O 1200,1,94990.0,2025-05-10
MERCADOLIBRE,2000007848204447,KLES0066,WALLY ONE O 1200,1,94990.0,2025-05-11
MERCADOLIBRE,2000008279328240,KLES0066,WALLY ONE O 1200,1,94990.0,2024-05-15
MERCADOLIBRE,2000008283699070,KLES0066,WALLY ONE O 1200,1,94990.0,2024-05-15
MERCADOLIBRE,2000008284745160,KLES0066,WALLY ONE O 1200,1,94990.0,2024-05-16
MERCADOLIBRE,2000008287374470,KLES0066,WALLY ONE O 1200,1,94990.0,2024-05-16
MERCADOLIBRE,2000008287499730,KLES0066,WALLY ONE O 1200,1,94990.0,2024-05-16
MERCADOLIBRE,2000008292832510,KLES0066,WALLY ONE O 1200,1,94990.0,2024-05-16
MERCADOLIBRE,2000008297122080,KLES0066,WALLY ONE O 1200,1,94990.0,2024-05-17
MERCADOLIBRE,2000008339519890,KLES0066,WALLY ONE O 1200,1,94990.0,2024-05-22
MERCADOLIBRE,2000008340541980,KLES0066,WALLY ONE O 1200,1,94990.0,2024-05-22
MERCADOLIBRE,2000008346395720,KLES0066,WALLY ONE O 1200,1,94990.0,2024-05-23
MERCADOLIBRE,2000008365145880,KLES0066,WALLY ONE O 1200,1,94990.0,2024-05-25
MERCADOLIBRE,2000008388676570,KLES0066,WALLY ONE O 1200,1,94990.0,2024-05-28
MERCADOLIBRE,2000008393237120,KLES0066,WALLY ONE O 1200,1,94990.0,2024-05-29
MERCADOLIBRE,2000008407744470,KLES0066,WALLY ONE O 1200,1,94990.0,2024-05-31
MERCADOLIBRE,2000008483118000,KLES0066,WALLY ONE O 1200,1,94990.0,2024-06-09
MERCADOLIBRE,2000008510546570,KLES0066,WALLY ONE O 1200,1,94990.0,2024-06-12
MERCADOLIBRE,2000008538239860,KLES0066,WALLY ONE O 1200,1,94990.0,2024-06-16
MERCADOLIBRE,2000008543045220,KLES0066,WALLY ONE O 1200,1,94990.0,2024-06-16
MERCADOLIBRE,2000008547321160,KLES0066,WALLY ONE O 1200,1,94990.0,2024-06-17
MERCADOLIBRE,2000008551647720,KLES0066,WALLY ONE O 1200,1,94990.0,2024-06-17
MERCADOLIBRE,2000008565823740,KLES0066,WALLY ONE O 1200,1,94990.0,2024-06-19
MERCADOLIBRE,2000008591109630,KLES0066,WALLY ONE O 1200,1,94990.0,2024-06-22
MERCADOLIBRE,2000008593612390,KLES0066,WALLY ONE O 1200,1,94990.0,2024-06-23
MERCADOLIBRE,2000008595765170,KLES0066,WALLY ONE O 1200,1,94990.0,2024-06-23
MERCADOLIBRE,2000008607617380,KLES0066,WALLY ONE O 1200,1,94990.0,2024-06-25
MERCADOLIBRE,2000008609675900,KLES0066,WALLY ONE O 1200,1,94990.0,2024-06-25
MERCADOLIBRE,2000008610526100,KLES0066,WALLY ONE O 1200,1,94990.0,2024-06-25
MERCADOLIBRE,2000008616556300,KLES0066,WALLY ONE O 1200,1,94990.0,2024-06-26
MERCADOLIBRE,2000008616754010,KLES0066,WALLY ONE O 1200,1,94990.0,2024-06-26
MERCADOLIBRE,2000008620368300,KLES0066,WALLY ONE O 1200,1,94990.0,2024-06-26
MERCADOLIBRE,2000011331778996,KLES0066,WALLY ONE O 1200,1,94990.0,2025-04-15
MERCADOLIBRE,2000011341746460,KLES0066,WALLY ONE O 1200,1,94990.0,2025-04-16
MERCADOLIBRE,2000011360645806,KLES0066,WALLY ONE O 1200,1,94990.0,2025-04-18
MERCADOLIBRE,2000011375783946,KLES0066,WALLY ONE O 1200,1,94990.0,2025-04-20
MERCADOLIBRE,2000011384458626,KLES0066,WALLY ONE O 1200,1,94990.0,2025-04-21
MERCADOLIBRE,2000011393194382,KLES0066,WALLY ONE O 1200,1,94990.0,2025-04-22
MERCADOLIBRE,2000011562992306,KLES0066,WALLY ONE O 1200,1,94990.0,2025-05-10
FALABELLA,2260479987,KLES0067,WALLY ONE O 1800,1,94491.0,2024-06-24
MERCADOLIBRE,2000004709727347,KLES0032,WALLY 1500 C,1,94490.0,2023-08-08
MERCADOLIBRE,2000004709727349,KLES0032,WALLY 1500 C,1,94490.0,2023-08-08
MERCADOLIBRE,2000012843979209,KLES0066,WALLY ONE O 1200,1,93991.0,2026-05-06
MERCADOLIBRE,2000012860968433,KLES0066,WALLY ONE O 1200,1,93991.0,2026-05-07
MERCADOLIBRE,2000012872890989,KLES0066,WALLY ONE O 1200,1,93991.0,2026-05-07
MERCADOLIBRE,2000012893031149,KLES0066,WALLY ONE O 1200,1,93991.0,2026-05-09
MERCADOLIBRE,2000012895710405,KLES0066,WALLY ONE O 1200,1,93991.0,2026-05-09
MERCADOLIBRE,2000013192079541,KLES0066,WALLY ONE O 1200,1,93991.0,2026-05-27
MERCADOLIBRE,2000013200626829,KLES0066,WALLY ONE O 1200,1,93991.0,2026-05-27
MERCADOLIBRE,2000013216128533,KLES0066,WALLY ONE O 1200,1,93991.0,2026-05-28
MERCADOLIBRE,2000013220822051,KLES0066,WALLY ONE O 1200,1,93991.0,2026-05-28
MERCADOLIBRE,2000013223574737,KLES0066,WALLY ONE O 1200,1,93991.0,2026-05-28
MERCADOLIBRE,2000013239859157,KLES0066,WALLY ONE O 1200,1,93991.0,2026-05-29
MERCADOLIBRE,2000013246283881,KLES0066,WALLY ONE O 1200,1,93991.0,2026-05-30
MERCADOLIBRE,2000013246283883,KLES0066,WALLY ONE O 1200,1,93991.0,2026-05-30
MERCADOLIBRE,2000016337010716,KLES0066,WALLY ONE O 1200,1,93991.0,2026-05-08
MERCADOLIBRE,2000016619181564,KLES0066,WALLY ONE O 1200,1,93991.0,2026-05-26
MERCADOLIBRE,2000010014909253,KLAP0047,FILTRO PISCINA ESTRUCTURAL AVENLI 290729EU,1,93595.0,2025-11-14
MERCADOLIBRE,2000010059823933,KLAP0047,FILTRO PISCINA ESTRUCTURAL AVENLI 290729EU,1,93595.0,2025-11-17
MERCADOLIBRE,2000010139973985,KLAP0047,FILTRO PISCINA ESTRUCTURAL AVENLI 290729EU,1,93595.0,2025-11-21
MERCADOLIBRE,2000010219999039,KLAP0047,FILTRO PISCINA ESTRUCTURAL AVENLI 290729EU,1,93595.0,2025-11-26
MERCADOLIBRE,2000010230176897,KLAP0047,FILTRO PISCINA ESTRUCTURAL AVENLI 290729EU,1,93595.0,2025-11-27
MERCADOLIBRE,2000010391023705,KLAP0047,FILTRO PISCINA ESTRUCTURAL AVENLI 290729EU,1,93595.0,2025-12-05
MERCADOLIBRE,2000010403094005,KLAP0047,FILTRO PISCINA ESTRUCTURAL AVENLI 290729EU,1,93595.0,2025-12-05
MERCADOLIBRE,2000010595877621,KLAP0047,FILTRO PISCINA ESTRUCTURAL AVENLI 290729EU,1,93595.0,2025-12-16
MERCADOLIBRE,2000010604208377,KLAP0047,FILTRO PISCINA ESTRUCTURAL AVENLI 290729EU,1,93595.0,2025-12-16
MERCADOLIBRE,2000010605089817,KLAP0047,FILTRO PISCINA ESTRUCTURAL AVENLI 290729EU,1,93595.0,2025-12-16
MERCADOLIBRE,2000010605545461,KLAP0047,FILTRO PISCINA ESTRUCTURAL AVENLI 290729EU,1,93595.0,2025-12-16
MERCADOLIBRE,2000010611918017,KLAP0047,FILTRO PISCINA ESTRUCTURAL AVENLI 290729EU,1,93595.0,2025-12-17
MERCADOLIBRE,2000010795403315,KLAP0047,FILTRO PISCINA ESTRUCTURAL AVENLI 290729EU,1,93595.0,2025-12-29
MERCADOLIBRE,2000013953089914,KLAP0047,FILTRO PISCINA ESTRUCTURAL AVENLI 290729EU,1,93595.0,2025-11-23
MERCADOLIBRE,2000014161434214,KLAP0047,FILTRO PISCINA ESTRUCTURAL AVENLI 290729EU,1,93595.0,2025-12-05
MERCADOLIBRE,2000007471570233,KLES0067,WALLY ONE O 1800,1,93491.0,2025-03-27
MERCADOLIBRE,2000007472861325,KLES0067,WALLY ONE O 1800,1,93491.0,2025-03-27
MERCADOLIBRE,2000007488996297,KLES0067,WALLY ONE O 1800,1,93491.0,2025-03-30
MERCADOLIBRE,2000007490380193,KLES0067,WALLY ONE O 1800,1,93491.0,2025-03-30
MERCADOLIBRE,2000007494936467,KLES0067,WALLY ONE O 1800,1,93491.0,2025-03-30
MERCADOLIBRE,2000007500243977,KLES0067,WALLY ONE O 1800,1,93491.0,2025-03-31
MERCADOLIBRE,2000005696981878,KLES0066,WALLY ONE O 1200,1,92990.0,2023-05-22
MERCADOLIBRE,2000012660324760,KLES0067,WALLY ONE O 1800,1,91990.0,2026-04-24
MERCADOLIBRE,2000012667317590,KLES0067,WALLY ONE O 1800,1,91990.0,2026-04-24
MERCADOLIBRE,2000016136647230,KLES0067,WALLY ONE O 1800,1,91990.0,2026-04-25
MERCADOLIBRE,2000016171838530,KLES0067,WALLY ONE O 1800,1,91990.0,2026-04-27
MERCADOLIBRE,2000016174279520,KLES0067,WALLY ONE O 1800,1,91990.0,2026-04-27
MERCADOLIBRE,2000004352894341,KLES0031,WALLY 1000 C,1,91194.0,2023-04-10
MERCADOLIBRE,2000005439871186,KLES0031,WALLY 1000 C,1,91194.0,2023-04-10
MERCADOLIBRE,2000005471180636,KLES0031,WALLY 1000 C,1,91194.0,2023-04-15
MERCADOLIBRE,2000005475341738,KLES0031,WALLY 1000 C,1,91194.0,2023-04-16
MERCADOLIBRE,2000007085439183,KLVE0001,Purificador Eolia,1,90993.0,2025-01-26
MERCADOLIBRE,2000007194706065,KLVE0001,Purificador Eolia,1,90993.0,2025-02-13
MERCADOLIBRE,2000007194706067,KLVE0001,Purificador Eolia,1,90993.0,2025-02-13
MERCADOLIBRE,2000007260074357,KLVE0001,Purificador Eolia,1,90993.0,2025-02-24
MERCADOLIBRE,2000010768455676,KLVE0001,Purificador Eolia,1,90993.0,2025-02-15
MERCADOLIBRE,2000010855988816,KLVE0001,Purificador Eolia,1,90993.0,2025-02-25
MERCADOLIBRE,2000003857088693,KLAP0047,FILTRO PISCINA ESTRUCTURAL AVENLI 290729EU,1,90990.0,2022-10-03
MERCADOLIBRE,2000003862722893,KLAP0047,FILTRO PISCINA ESTRUCTURAL AVENLI 290729EU,1,90990.0,2022-10-05
MERCADOLIBRE,2000004304921636,KLAP0047,FILTRO PISCINA ESTRUCTURAL AVENLI 290729EU,1,90990.0,2022-10-03
MERCADOLIBRE,2000004317506514,KLAP0047,FILTRO PISCINA ESTRUCTURAL AVENLI 290729EU,1,90990.0,2022-10-05
MERCADOLIBRE,2000010366784513,KLAP0047,FILTRO PISCINA ESTRUCTURAL AVENLI 290729EU,1,90787.0,2025-12-03
MERCADOLIBRE,2000010382309429,KLAP0047,FILTRO PISCINA ESTRUCTURAL AVENLI 290729EU,1,90787.0,2025-12-04
MERCADOLIBRE,2000004672644187,KLES0031,WALLY 1000 C,1,90690.0,2023-07-28
MERCADOLIBRE,2000010458503956,KLES0031,WALLY 1000 C,1,90516.0,2025-01-14
MERCADOLIBRE,2000008581442337,KLES0036,WALLY 1000 INVERTER,1,90195.0,2025-07-21
MERCADOLIBRE,2000008614726659,KLES0036,WALLY 1000 INVERTER,1,90195.0,2025-07-24
MERCADOLIBRE,2000008620666297,KLES0036,WALLY 1000 INVERTER,1,90195.0,2025-07-25
MERCADOLIBRE,2000008620835607,KLES0036,WALLY 1000 INVERTER,1,90195.0,2025-07-25
MERCADOLIBRE,2000008620835609,KLES0036,WALLY 1000 INVERTER,1,90195.0,2025-07-25
MERCADOLIBRE,2000008630486201,KLES0036,WALLY 1000 INVERTER,1,90195.0,2025-07-26
MERCADOLIBRE,2000008634381649,KLES0036,WALLY 1000 INVERTER,1,90195.0,2025-07-26
MERCADOLIBRE,2000008638587605,KLES0036,WALLY 1000 INVERTER,1,90195.0,2025-07-27
MERCADOLIBRE,2000008639793589,KLES0036,WALLY 1000 INVERTER,1,90195.0,2025-07-27
MERCADOLIBRE,2000008650648555,KLES0036,WALLY 1000 INVERTER,1,90195.0,2025-07-28
MERCADOLIBRE,2000008650648557,KLES0036,WALLY 1000 INVERTER,1,90195.0,2025-07-28
MERCADOLIBRE,2000008658502377,KLES0036,WALLY 1000 INVERTER,1,90195.0,2025-07-28
MERCADOLIBRE,2000008658502379,KLES0036,WALLY 1000 INVERTER,1,90195.0,2025-07-28
MERCADOLIBRE,2000008658502381,KLES0036,WALLY 1000 INVERTER,1,90195.0,2025-07-28
MERCADOLIBRE,2000008687857387,KLES0036,WALLY 1000 INVERTER,1,90195.0,2025-07-31
MERCADOLIBRE,2000008735481713,KLES0036,WALLY 1000 INVERTER,1,90195.0,2025-08-04
MERCADOLIBRE,2000012335109434,KLES0036,WALLY 1000 INVERTER,1,90195.0,2025-07-17
MERCADOLIBRE,2000012422935976,KLES0036,WALLY 1000 INVERTER,1,90195.0,2025-07-25
MERCADOLIBRE,2000012447434596,KLES0036,WALLY 1000 INVERTER,1,90195.0,2025-07-28
MERCADOLIBRE,2000012520424868,KLES0036,WALLY 1000 INVERTER,1,90195.0,2025-08-03
MERCADOLIBRE,2000012558431882,KLES0036,WALLY 1000 INVERTER,1,90195.0,2025-08-06
MERCADOLIBRE,2000012561667380,KLES0036,WALLY 1000 INVERTER,1,90195.0,2025-08-06
MERCADOLIBRE,2000012543415750,KLES0067,WALLY ONE O 1800,1,90192.0,2026-04-16
MERCADOLIBRE,2000012544520860,KLES0067,WALLY ONE O 1800,1,90192.0,2026-04-16
MERCADOLIBRE,2000008447945227,KLES0066,WALLY ONE O 1200,1,90191.0,2025-07-09
MERCADOLIBRE,2000008452659699,KLES0066,WALLY ONE O 1200,1,90191.0,2025-07-09
MERCADOLIBRE,2000008452659711,KLES0066,WALLY ONE O 1200,1,90191.0,2025-07-09
MERCADOLIBRE,2000008452659715,KLES0066,WALLY ONE O 1200,1,90191.0,2025-07-09
MERCADOLIBRE,2000008459406441,KLES0066,WALLY ONE O 1200,1,90191.0,2025-07-10
MERCADOLIBRE,2000007385473501,KLES0067,WALLY ONE O 1800,1,90191.0,2025-03-15
MERCADOLIBRE,2000007533497647,KLES0067,WALLY ONE O 1800,1,90191.0,2025-04-04
MERCADOLIBRE,2000007533497649,KLES0067,WALLY ONE O 1800,1,90191.0,2025-04-04
MERCADOLIBRE,2000007533497651,KLES0067,WALLY ONE O 1800,1,90191.0,2025-04-04
MERCADOLIBRE,2000007533497653,KLES0067,WALLY ONE O 1800,1,90191.0,2025-04-04
MERCADOLIBRE,2000007533924491,KLES0067,WALLY ONE O 1800,1,90191.0,2025-04-04
MERCADOLIBRE,2000007536717153,KLES0067,WALLY ONE O 1800,1,90191.0,2025-04-04
MERCADOLIBRE,2000007541651769,KLES0067,WALLY ONE O 1800,1,90191.0,2025-04-05
MERCADOLIBRE,2000007541651771,KLES0067,WALLY ONE O 1800,1,90191.0,2025-04-05
MERCADOLIBRE,2000007541651775,KLES0067,WALLY ONE O 1800,1,90191.0,2025-04-05
MERCADOLIBRE,2000007544075539,KLES0067,WALLY ONE O 1800,1,90191.0,2025-04-05
MERCADOLIBRE,2000007553187105,KLES0067,WALLY ONE O 1800,1,90191.0,2025-04-06
MERCADOLIBRE,2000007553792881,KLES0067,WALLY ONE O 1800,1,90191.0,2025-04-06
MERCADOLIBRE,2000007554522267,KLES0067,WALLY ONE O 1800,1,90191.0,2025-04-06
MERCADOLIBRE,2000007878765371,KLES0066,WALLY ONE O 1200,1,89991.0,2025-05-14
MERCADOLIBRE,2000007878765373,KLES0066,WALLY ONE O 1200,1,89991.0,2025-05-14
MERCADOLIBRE,2000007886883877,KLES0066,WALLY ONE O 1200,1,89991.0,2025-05-15
MERCADOLIBRE,2000007893449445,KLES0066,WALLY ONE O 1200,1,89991.0,2025-05-15
MERCADOLIBRE,2000007894122405,KLES0066,WALLY ONE O 1200,1,89991.0,2025-05-16
MERCADOLIBRE,2000007894769011,KLES0066,WALLY ONE O 1200,1,89991.0,2025-05-16
MERCADOLIBRE,2000007894769013,KLES0066,WALLY ONE O 1200,1,89991.0,2025-05-16
MERCADOLIBRE,2000007901672801,KLES0066,WALLY ONE O 1200,1,89991.0,2025-05-16
MERCADOLIBRE,2000007908681493,KLES0066,WALLY ONE O 1200,1,89991.0,2025-05-17
MERCADOLIBRE,2000007911896451,KLES0066,WALLY ONE O 1200,1,89991.0,2025-05-18
MERCADOLIBRE,2000007911896453,KLES0066,WALLY ONE O 1200,1,89991.0,2025-05-18
MERCADOLIBRE,2000007919745693,KLES0066,WALLY ONE O 1200,1,89991.0,2025-05-19
MERCADOLIBRE,2000007920230189,KLES0066,WALLY ONE O 1200,1,89991.0,2025-05-19
MERCADOLIBRE,2000007997330961,KLES0066,WALLY ONE O 1200,1,89991.0,2025-05-27
MERCADOLIBRE,2000008002576225,KLES0066,WALLY ONE O 1200,1,89991.0,2025-05-27
MERCADOLIBRE,2000008002576227,KLES0066,WALLY ONE O 1200,1,89991.0,2025-05-27
MERCADOLIBRE,2000008011729325,KLES0066,WALLY ONE O 1200,1,89991.0,2025-05-28
MERCADOLIBRE,2000008015275365,KLES0066,WALLY ONE O 1200,1,89991.0,2025-05-29
MERCADOLIBRE,2000008016868249,KLES0066,WALLY ONE O 1200,1,89991.0,2025-05-29
MERCADOLIBRE,2000008025386675,KLES0066,WALLY ONE O 1200,1,89991.0,2025-05-30
MERCADOLIBRE,2000008026790893,KLES0066,WALLY ONE O 1200,1,89991.0,2025-05-30
MERCADOLIBRE,2000008034276109,KLES0066,WALLY ONE O 1200,1,89991.0,2025-05-30
MERCADOLIBRE,2000008034530491,KLES0066,WALLY ONE O 1200,1,89991.0,2025-05-30
MERCADOLIBRE,2000008034530493,KLES0066,WALLY ONE O 1200,1,89991.0,2025-05-30
MERCADOLIBRE,2000008194613821,KLES0066,WALLY ONE O 1200,1,89991.0,2025-06-14
MERCADOLIBRE,2000008208307061,KLES0066,WALLY ONE O 1200,1,89991.0,2025-06-16
MERCADOLIBRE,2000008209827045,KLES0066,WALLY ONE O 1200,1,89991.0,2025-06-16
MERCADOLIBRE,2000008211907161,KLES0066,WALLY ONE O 1200,1,89991.0,2025-06-16
MERCADOLIBRE,2000008216528185,KLES0066,WALLY ONE O 1200,1,89991.0,2025-06-17
MERCADOLIBRE,2000008218335273,KLES0066,WALLY ONE O 1200,1,89991.0,2025-06-17
MERCADOLIBRE,2000008221624909,KLES0066,WALLY ONE O 1200,1,89991.0,2025-06-17
MERCADOLIBRE,2000008229461879,KLES0066,WALLY ONE O 1200,1,89991.0,2025-06-18
MERCADOLIBRE,2000008230047909,KLES0066,WALLY ONE O 1200,1,89991.0,2025-06-18
MERCADOLIBRE,2000008230345661,KLES0066,WALLY ONE O 1200,1,89991.0,2025-06-18
MERCADOLIBRE,2000008236728933,KLES0066,WALLY ONE O 1200,1,89991.0,2025-06-18
MERCADOLIBRE,2000008251701357,KLES0066,WALLY ONE O 1200,1,89991.0,2025-06-20
MERCADOLIBRE,2000008252959287,KLES0066,WALLY ONE O 1200,1,89991.0,2025-06-20
MERCADOLIBRE,2000008268378865,KLES0066,WALLY ONE O 1200,1,89991.0,2025-06-22
MERCADOLIBRE,2000011616270042,KLES0066,WALLY ONE O 1200,1,89991.0,2025-05-14
MERCADOLIBRE,2000011617202510,KLES0066,WALLY ONE O 1200,1,89991.0,2025-05-15
MERCADOLIBRE,2000011632385334,KLES0066,WALLY ONE O 1200,1,89991.0,2025-05-16
MERCADOLIBRE,2000011636961716,KLES0066,WALLY ONE O 1200,1,89991.0,2025-05-16
MERCADOLIBRE,2000011970969212,KLES0066,WALLY ONE O 1200,1,89991.0,2025-06-16
MERCADOLIBRE,2000011988569944,KLES0066,WALLY ONE O 1200,1,89991.0,2025-06-17
MERCADOLIBRE,2000012018393930,KLES0066,WALLY ONE O 1200,1,89991.0,2025-06-20
MERCADOLIBRE,2000012046245454,KLES0066,WALLY ONE O 1200,1,89991.0,2025-06-23
MERCADOLIBRE,2000013344280061,KLES0066,WALLY ONE O 1200,1,89991.0,2026-06-04
MERCADOLIBRE,2000013345198219,KLES0066,WALLY ONE O 1200,1,89991.0,2026-06-04
MERCADOLIBRE,2000013352913285,KLES0066,WALLY ONE O 1200,1,89991.0,2026-06-04
MERCADOLIBRE,2000013377316605,KLES0066,WALLY ONE O 1200,1,89991.0,2026-06-06
MERCADOLIBRE,2000013377316607,KLES0066,WALLY ONE O 1200,1,89991.0,2026-06-06
MERCADOLIBRE,2000013377316609,KLES0066,WALLY ONE O 1200,1,89991.0,2026-06-06
MERCADOLIBRE,2000013377316611,KLES0066,WALLY ONE O 1200,1,89991.0,2026-06-06
MERCADOLIBRE,2000013377316613,KLES0066,WALLY ONE O 1200,1,89991.0,2026-06-06
MERCADOLIBRE,2000013377316615,KLES0066,WALLY ONE O 1200,1,89991.0,2026-06-06
MERCADOLIBRE,2000013377316617,KLES0066,WALLY ONE O 1200,1,89991.0,2026-06-06
MERCADOLIBRE,2000013377316619,KLES0066,WALLY ONE O 1200,1,89991.0,2026-06-06
MERCADOLIBRE,2000013377316621,KLES0066,WALLY ONE O 1200,1,89991.0,2026-06-06
MERCADOLIBRE,2000013377316623,KLES0066,WALLY ONE O 1200,1,89991.0,2026-06-06
MERCADOLIBRE,2000013378291547,KLES0066,WALLY ONE O 1200,1,89991.0,2026-06-06
MERCADOLIBRE,2000013378291551,KLES0066,WALLY ONE O 1200,1,89991.0,2026-06-06
MERCADOLIBRE,2000013401464057,KLES0066,WALLY ONE O 1200,1,89991.0,2026-06-07
MERCADOLIBRE,2000013425808861,KLES0066,WALLY ONE O 1200,1,89991.0,2026-06-09
MERCADOLIBRE,2000013428045053,KLES0066,WALLY ONE O 1200,1,89991.0,2026-06-09
MERCADOLIBRE,2000013428045055,KLES0066,WALLY ONE O 1200,1,89991.0,2026-06-09
MERCADOLIBRE,2000013428045057,KLES0066,WALLY ONE O 1200,1,89991.0,2026-06-09
MERCADOLIBRE,2000013431423637,KLES0066,WALLY ONE O 1200,1,89991.0,2026-06-09
MERCADOLIBRE,2000013451571479,KLES0066,WALLY ONE O 1200,1,89991.0,2026-06-10
MERCADOLIBRE,2000013451571481,KLES0066,WALLY ONE O 1200,1,89991.0,2026-06-10
MERCADOLIBRE,2000013457142585,KLES0066,WALLY ONE O 1200,1,89991.0,2026-06-10
MERCADOLIBRE,2000013457142589,KLES0066,WALLY ONE O 1200,1,89991.0,2026-06-10
MERCADOLIBRE,2000013475960673,KLES0066,WALLY ONE O 1200,1,89991.0,2026-06-11
MERCADOLIBRE,2000013489053225,KLES0066,WALLY ONE O 1200,1,89991.0,2026-06-12
MERCADOLIBRE,2000013491355529,KLES0066,WALLY ONE O 1200,1,89991.0,2026-06-12
MERCADOLIBRE,2000013495951693,KLES0066,WALLY ONE O 1200,1,89991.0,2026-06-12
MERCADOLIBRE,2000013504015353,KLES0066,WALLY ONE O 1200,1,89991.0,2026-06-13
MERCADOLIBRE,2000016805069470,KLES0066,WALLY ONE O 1200,1,89991.0,2026-06-06
MERCADOLIBRE,2000016864930044,KLES0066,WALLY ONE O 1200,1,89991.0,2026-06-09
MERCADOLIBRE,2000011157642713,LOJM0001,CARRETE MANGUERA RETRÁCTIL 20M,1,89990.0,2026-01-21
FALABELLA,2173841352,KLAP0047,FILTRO PISCINA ESTRUCTURAL AVENLI 290729EU,1,89990.0,2024-03-03
FALABELLA,2215901799,KLAP0047,FILTRO PISCINA ESTRUCTURAL AVENLI 290729EU,1,89990.0,2024-05-23
FALABELLA,2517647220,KLAP0047,FILTRO PISCINA ESTRUCTURAL AVENLI 290729EU,1,89990.0,2024-07-12
MERCADOLIBRE,2000005464326533,KLAP0047,FILTRO PISCINA ESTRUCTURAL AVENLI 290729EU,1,89990.0,2024-02-29
MERCADOLIBRE,2000005500249849,KLAP0047,FILTRO PISCINA ESTRUCTURAL AVENLI 290729EU,1,89990.0,2024-03-09
MERCADOLIBRE,2000007681942620,KLAP0047,FILTRO PISCINA ESTRUCTURAL AVENLI 290729EU,1,89990.0,2024-02-24
MERCADOLIBRE,2000007697570570,KLAP0047,FILTRO PISCINA ESTRUCTURAL AVENLI 290729EU,1,89990.0,2024-02-27
MERCADOLIBRE,2000007700212426,KLAP0047,FILTRO PISCINA ESTRUCTURAL AVENLI 290729EU,1,89990.0,2024-02-27
MERCADOLIBRE,2000007748278162,KLAP0047,FILTRO PISCINA ESTRUCTURAL AVENLI 290729EU,1,89990.0,2024-03-05
MERCADOLIBRE,2000007770009794,KLAP0047,FILTRO PISCINA ESTRUCTURAL AVENLI 290729EU,1,89990.0,2024-03-07
MERCADOLIBRE,2000007815562014,KLAP0047,FILTRO PISCINA ESTRUCTURAL AVENLI 290729EU,1,89990.0,2024-03-13
MERCADOLIBRE,2000007746026413,KLES0073,IR STONE AZUL,1,89990.0,2025-04-29
MERCADOLIBRE,2000011373959726,KLES0073,IR STONE AZUL,1,89990.0,2025-04-20
MERCADOLIBRE,2000011406216192,KLES0073,IR STONE AZUL,1,89990.0,2025-04-24
MERCADOLIBRE,2000011433064374,KLES0073,IR STONE AZUL,1,89990.0,2025-04-27
MERCADOLIBRE,2000007555262447,KLES0069,IR STONE BLANCO,1,89990.0,2025-04-06
MERCADOLIBRE,2000007555262449,KLES0069,IR STONE BLANCO,1,89990.0,2025-04-06
MERCADOLIBRE,2000007581183987,KLES0069,IR STONE BLANCO,1,89990.0,2025-04-09
MERCADOLIBRE,2000007689603495,KLES0069,IR STONE BLANCO,1,89990.0,2025-04-22
MERCADOLIBRE,2000007690598657,KLES0069,IR STONE BLANCO,1,89990.0,2025-04-22
MERCADOLIBRE,2000007698566317,KLES0069,IR STONE BLANCO,1,89990.0,2025-04-23
MERCADOLIBRE,2000007860082128,KLES0069,IR STONE BLANCO,1,89990.0,2024-03-19
FALABELLA,2110811809,KLES0070,PTC LIFE 2,1,89990.0,2023-10-19
FALABELLA,2114942207,KLES0070,PTC LIFE 2,1,89990.0,2023-10-31
FALABELLA,2210784308,KLES0031,WALLY 1000 C,1,89990.0,2024-05-17
FALABELLA,2211669669,KLES0031,WALLY 1000 C,1,89990.0,2024-05-18
FALABELLA,2212463170,KLES0031,WALLY 1000 C,1,89990.0,2024-05-19
FALABELLA,2212533884,KLES0031,WALLY 1000 C,1,89990.0,2024-05-19
FALABELLA,2215345470,KLES0031,WALLY 1000 C,1,89990.0,2024-05-22
FALABELLA,2220606567,KLES0031,WALLY 1000 C,1,89990.0,2024-05-27
FALABELLA,2224754227,KLES0031,WALLY 1000 C,1,89990.0,2024-05-30
FALABELLA,2224834004,KLES0031,WALLY 1000 C,1,89990.0,2024-05-30
PARIS,3004975190,KLES0031,WALLY 1000 C,1,89990.0,2025-04-14
PARIS,3021349340,KLES0031,WALLY 1000 C,1,89990.0,2025-06-04
MERCADOLIBRE,2000004494172901,KLES0031,WALLY 1000 C,1,89990.0,2023-05-30
MERCADOLIBRE,2000004499238399,KLES0031,WALLY 1000 C,1,89990.0,2023-06-01
MERCADOLIBRE,2000004631617911,KLES0031,WALLY 1000 C,1,89990.0,2023-07-14
MERCADOLIBRE,2000005630384653,KLES0031,WALLY 1000 C,1,89990.0,2024-04-12
MERCADOLIBRE,2000005636632423,KLES0031,WALLY 1000 C,1,89990.0,2024-04-13
MERCADOLIBRE,2000005640784771,KLES0031,WALLY 1000 C,1,89990.0,2024-04-15
MERCADOLIBRE,2000005640784773,KLES0031,WALLY 1000 C,1,89990.0,2024-04-15
MERCADOLIBRE,2000005644272649,KLES0031,WALLY 1000 C,1,89990.0,2024-04-15
MERCADOLIBRE,2000005738654512,KLES0031,WALLY 1000 C,1,89990.0,2023-05-29
MERCADOLIBRE,2000005755097602,KLES0031,WALLY 1000 C,1,89990.0,2023-05-31
MERCADOLIBRE,2000005767582820,KLES0031,WALLY 1000 C,1,89990.0,2024-05-15
MERCADOLIBRE,2000005767705310,KLES0031,WALLY 1000 C,1,89990.0,2024-05-15
MERCADOLIBRE,2000005777505160,KLES0031,WALLY 1000 C,1,89990.0,2024-05-17
MERCADOLIBRE,2000005778858070,KLES0031,WALLY 1000 C,1,89990.0,2024-05-18
MERCADOLIBRE,2000005782289256,KLES0031,WALLY 1000 C,1,89990.0,2023-06-04
MERCADOLIBRE,2000005788832430,KLES0031,WALLY 1000 C,1,89990.0,2024-05-20
MERCADOLIBRE,2000005795035250,KLES0031,WALLY 1000 C,1,89990.0,2024-05-21
MERCADOLIBRE,2000005827857830,KLES0031,WALLY 1000 C,1,89990.0,2024-05-29
MERCADOLIBRE,2000005881503300,KLES0031,WALLY 1000 C,1,89990.0,2024-06-10
MERCADOLIBRE,2000005892978720,KLES0031,WALLY 1000 C,1,89990.0,2024-06-13
MERCADOLIBRE,2000005911299940,KLES0031,WALLY 1000 C,1,89990.0,2024-06-17
MERCADOLIBRE,2000005943282130,KLES0031,WALLY 1000 C,1,89990.0,2024-06-25
MERCADOLIBRE,2000005943520580,KLES0031,WALLY 1000 C,1,89990.0,2024-06-25
MERCADOLIBRE,2000005972671473,KLES0031,WALLY 1000 C,1,89990.0,2024-07-01
MERCADOLIBRE,2000005986560885,KLES0031,WALLY 1000 C,1,89990.0,2024-07-04
MERCADOLIBRE,2000006011560187,KLES0031,WALLY 1000 C,1,89990.0,2024-07-10
MERCADOLIBRE,2000006011560189,KLES0031,WALLY 1000 C,1,89990.0,2024-07-10
MERCADOLIBRE,2000006011619662,KLES0031,WALLY 1000 C,1,89990.0,2023-07-09
MERCADOLIBRE,2000006017443899,KLES0031,WALLY 1000 C,1,89990.0,2024-07-11
MERCADOLIBRE,2000006017443901,KLES0031,WALLY 1000 C,1,89990.0,2024-07-11
MERCADOLIBRE,2000006017443903,KLES0031,WALLY 1000 C,1,89990.0,2024-07-11
MERCADOLIBRE,2000006017443905,KLES0031,WALLY 1000 C,1,89990.0,2024-07-11
MERCADOLIBRE,2000006017443907,KLES0031,WALLY 1000 C,1,89990.0,2024-07-11
MERCADOLIBRE,2000006017443909,KLES0031,WALLY 1000 C,1,89990.0,2024-07-11
MERCADOLIBRE,2000006017443911,KLES0031,WALLY 1000 C,1,89990.0,2024-07-11
MERCADOLIBRE,2000006026508575,KLES0031,WALLY 1000 C,1,89990.0,2024-07-13
MERCADOLIBRE,2000006026508577,KLES0031,WALLY 1000 C,1,89990.0,2024-07-13
MERCADOLIBRE,2000006027849083,KLES0031,WALLY 1000 C,1,89990.0,2024-07-13
MERCADOLIBRE,2000006039699702,KLES0031,WALLY 1000 C,1,89990.0,2023-07-13
MERCADOLIBRE,2000006043280655,KLES0031,WALLY 1000 C,1,89990.0,2024-07-16
MERCADOLIBRE,2000006061666752,KLES0031,WALLY 1000 C,1,89990.0,2023-07-16
MERCADOLIBRE,2000006079763700,KLES0031,WALLY 1000 C,1,89990.0,2023-07-19
MERCADOLIBRE,2000006082825788,KLES0031,WALLY 1000 C,1,89990.0,2023-07-19
MERCADOLIBRE,2000006086709696,KLES0031,WALLY 1000 C,1,89990.0,2023-07-19
MERCADOLIBRE,2000006116360972,KLES0031,WALLY 1000 C,1,89990.0,2023-07-24
MERCADOLIBRE,2000006117246788,KLES0031,WALLY 1000 C,1,89990.0,2023-07-25
MERCADOLIBRE,2000006120802146,KLES0031,WALLY 1000 C,1,89990.0,2023-07-25
MERCADOLIBRE,2000006131212972,KLES0031,WALLY 1000 C,1,89990.0,2023-07-26
MERCADOLIBRE,2000006161776443,KLES0031,WALLY 1000 C,1,89990.0,2024-08-12
MERCADOLIBRE,2000007574460117,KLES0031,WALLY 1000 C,1,89990.0,2025-04-08
MERCADOLIBRE,2000007574460119,KLES0031,WALLY 1000 C,1,89990.0,2025-04-08
MERCADOLIBRE,2000007613532477,KLES0031,WALLY 1000 C,1,89990.0,2025-04-13
MERCADOLIBRE,2000007632947273,KLES0031,WALLY 1000 C,1,89990.0,2025-04-15
MERCADOLIBRE,2000007667683973,KLES0031,WALLY 1000 C,1,89990.0,2025-04-19
MERCADOLIBRE,2000007699016199,KLES0031,WALLY 1000 C,1,89990.0,2025-04-23
MERCADOLIBRE,2000007699016201,KLES0031,WALLY 1000 C,1,89990.0,2025-04-23
MERCADOLIBRE,2000007700510093,KLES0031,WALLY 1000 C,1,89990.0,2025-04-24
MERCADOLIBRE,2000007710396037,KLES0031,WALLY 1000 C,1,89990.0,2025-04-25
MERCADOLIBRE,2000007710396039,KLES0031,WALLY 1000 C,1,89990.0,2025-04-25
MERCADOLIBRE,2000007713565105,KLES0031,WALLY 1000 C,1,89990.0,2025-04-25
MERCADOLIBRE,2000007725832045,KLES0031,WALLY 1000 C,1,89990.0,2025-04-27
MERCADOLIBRE,2000007729495361,KLES0031,WALLY 1000 C,1,89990.0,2025-04-27
MERCADOLIBRE,2000008014204762,KLES0031,WALLY 1000 C,1,89990.0,2024-04-10
MERCADOLIBRE,2000008032731668,KLES0031,WALLY 1000 C,1,89990.0,2024-04-13
MERCADOLIBRE,2000008035688732,KLES0031,WALLY 1000 C,1,89990.0,2024-04-13
MERCADOLIBRE,2000008044766814,KLES0031,WALLY 1000 C,1,89990.0,2024-04-15
MERCADOLIBRE,2000008053638358,KLES0031,WALLY 1000 C,1,89990.0,2024-04-16
MERCADOLIBRE,2000008104477752,KLES0031,WALLY 1000 C,1,89990.0,2024-04-22
MERCADOLIBRE,2000008119623568,KLES0031,WALLY 1000 C,1,89990.0,2024-04-24
MERCADOLIBRE,2000008279932960,KLES0031,WALLY 1000 C,1,89990.0,2024-05-15
MERCADOLIBRE,2000008281954610,KLES0031,WALLY 1000 C,1,89990.0,2024-05-16
MERCADOLIBRE,2000008283362340,KLES0031,WALLY 1000 C,1,89990.0,2024-05-15
MERCADOLIBRE,2000008283411750,KLES0031,WALLY 1000 C,1,89990.0,2024-05-15
MERCADOLIBRE,2000008286925460,KLES0031,WALLY 1000 C,1,89990.0,2024-05-16
MERCADOLIBRE,2000008287838250,KLES0031,WALLY 1000 C,1,89990.0,2024-05-16
MERCADOLIBRE,2000008287929570,KLES0031,WALLY 1000 C,1,89990.0,2024-05-16
MERCADOLIBRE,2000008288660140,KLES0031,WALLY 1000 C,1,89990.0,2024-05-16
MERCADOLIBRE,2000008288919680,KLES0031,WALLY 1000 C,1,89990.0,2024-05-16
MERCADOLIBRE,2000008291246080,KLES0031,WALLY 1000 C,1,89990.0,2024-05-16
MERCADOLIBRE,2000008292013750,KLES0031,WALLY 1000 C,1,89990.0,2024-05-16
MERCADOLIBRE,2000008307208900,KLES0031,WALLY 1000 C,1,89990.0,2024-05-18
MERCADOLIBRE,2000008313217360,KLES0031,WALLY 1000 C,1,89990.0,2024-05-19
MERCADOLIBRE,2000008315703560,KLES0031,WALLY 1000 C,1,89990.0,2024-05-19
MERCADOLIBRE,2000008330686810,KLES0031,WALLY 1000 C,1,89990.0,2024-05-21
MERCADOLIBRE,2000008331330580,KLES0031,WALLY 1000 C,1,89990.0,2024-05-21
MERCADOLIBRE,2000008335093630,KLES0031,WALLY 1000 C,1,89990.0,2024-05-22
MERCADOLIBRE,2000008335848940,KLES0031,WALLY 1000 C,1,89990.0,2024-05-22
MERCADOLIBRE,2000008342306510,KLES0031,WALLY 1000 C,1,89990.0,2024-05-22
MERCADOLIBRE,2000008367533450,KLES0031,WALLY 1000 C,1,89990.0,2024-05-26
MERCADOLIBRE,2000008371677420,KLES0031,WALLY 1000 C,1,89990.0,2024-05-26
MERCADOLIBRE,2000008373639260,KLES0031,WALLY 1000 C,1,89990.0,2024-05-27
MERCADOLIBRE,2000008375012900,KLES0031,WALLY 1000 C,1,89990.0,2024-05-27
MERCADOLIBRE,2000008391241260,KLES0031,WALLY 1000 C,1,89990.0,2024-05-29
MERCADOLIBRE,2000008409337290,KLES0031,WALLY 1000 C,1,89990.0,2024-05-31
MERCADOLIBRE,2000008420026230,KLES0031,WALLY 1000 C,1,89990.0,2024-06-02
MERCADOLIBRE,2000008420860460,KLES0031,WALLY 1000 C,1,89990.0,2024-06-02
MERCADOLIBRE,2000008480273930,KLES0031,WALLY 1000 C,1,89990.0,2024-06-09
MERCADOLIBRE,2000008489053990,KLES0031,WALLY 1000 C,1,89990.0,2024-06-10
MERCADOLIBRE,2000008505878160,KLES0031,WALLY 1000 C,1,89990.0,2024-06-11
MERCADOLIBRE,2000008513524900,KLES0031,WALLY 1000 C,1,89990.0,2024-06-12
MERCADOLIBRE,2000008515724310,KLES0031,WALLY 1000 C,1,89990.0,2024-06-13
MERCADOLIBRE,2000008520441500,KLES0031,WALLY 1000 C,1,89990.0,2024-06-13
MERCADOLIBRE,2000008534680290,KLES0031,WALLY 1000 C,1,89990.0,2024-06-15
MERCADOLIBRE,2000008546920220,KLES0031,WALLY 1000 C,1,89990.0,2024-06-17
MERCADOLIBRE,2000008550933300,KLES0031,WALLY 1000 C,1,89990.0,2024-06-17
MERCADOLIBRE,2000008552782890,KLES0031,WALLY 1000 C,1,89990.0,2024-06-17
MERCADOLIBRE,2000008575708250,KLES0031,WALLY 1000 C,1,89990.0,2024-06-20
MERCADOLIBRE,2000008575923070,KLES0031,WALLY 1000 C,1,89990.0,2024-06-20
MERCADOLIBRE,2000008577802040,KLES0031,WALLY 1000 C,1,89990.0,2024-06-20
MERCADOLIBRE,2000008585362510,KLES0031,WALLY 1000 C,1,89990.0,2024-06-21
MERCADOLIBRE,2000008587292440,KLES0031,WALLY 1000 C,1,89990.0,2024-06-22
MERCADOLIBRE,2000008587643590,KLES0031,WALLY 1000 C,1,89990.0,2024-06-22
MERCADOLIBRE,2000008587788570,KLES0031,WALLY 1000 C,1,89990.0,2024-06-22
MERCADOLIBRE,2000008599433560,KLES0031,WALLY 1000 C,1,89990.0,2024-06-24
MERCADOLIBRE,2000008601387940,KLES0031,WALLY 1000 C,1,89990.0,2024-06-24
MERCADOLIBRE,2000008618216060,KLES0031,WALLY 1000 C,1,89990.0,2024-06-26
MERCADOLIBRE,2000008621928350,KLES0031,WALLY 1000 C,1,89990.0,2024-06-26
MERCADOLIBRE,2000008626092800,KLES0031,WALLY 1000 C,1,89990.0,2024-06-27
MERCADOLIBRE,2000008629006540,KLES0031,WALLY 1000 C,1,89990.0,2024-06-27
MERCADOLIBRE,2000008630286630,KLES0031,WALLY 1000 C,1,89990.0,2024-06-27
MERCADOLIBRE,2000008648931620,KLES0031,WALLY 1000 C,1,89990.0,2024-06-30
MERCADOLIBRE,2000008653294410,KLES0031,WALLY 1000 C,1,89990.0,2024-06-30
MERCADOLIBRE,2000008654204860,KLES0031,WALLY 1000 C,1,89990.0,2024-06-30
MERCADOLIBRE,2000008675892560,KLES0031,WALLY 1000 C,1,89990.0,2024-07-03
MERCADOLIBRE,2000008683886090,KLES0031,WALLY 1000 C,1,89990.0,2024-07-04
MERCADOLIBRE,2000008684984478,KLES0031,WALLY 1000 C,1,89990.0,2024-07-04
MERCADOLIBRE,2000008693736644,KLES0031,WALLY 1000 C,1,89990.0,2024-07-05
MERCADOLIBRE,2000008696119830,KLES0031,WALLY 1000 C,1,89990.0,2024-07-05
MERCADOLIBRE,2000008698601812,KLES0031,WALLY 1000 C,1,89990.0,2024-07-08
MERCADOLIBRE,2000008702351264,KLES0031,WALLY 1000 C,1,89990.0,2024-07-06
MERCADOLIBRE,2000008708063816,KLES0031,WALLY 1000 C,1,89990.0,2024-07-06
MERCADOLIBRE,2000008715136784,KLES0031,WALLY 1000 C,1,89990.0,2024-07-07
MERCADOLIBRE,2000008720467312,KLES0031,WALLY 1000 C,1,89990.0,2024-07-08
MERCADOLIBRE,2000008722514434,KLES0031,WALLY 1000 C,1,89990.0,2024-07-08
MERCADOLIBRE,2000008734270710,KLES0031,WALLY 1000 C,1,89990.0,2024-07-09
MERCADOLIBRE,2000008734531258,KLES0031,WALLY 1000 C,1,89990.0,2024-07-09
MERCADOLIBRE,2000008735825598,KLES0031,WALLY 1000 C,1,89990.0,2024-07-10
MERCADOLIBRE,2000008739099956,KLES0031,WALLY 1000 C,1,89990.0,2024-07-10
MERCADOLIBRE,2000008752469714,KLES0031,WALLY 1000 C,1,89990.0,2024-07-11
MERCADOLIBRE,2000008753683250,KLES0031,WALLY 1000 C,1,89990.0,2024-07-11
MERCADOLIBRE,2000008764948708,KLES0031,WALLY 1000 C,1,89990.0,2024-07-13
MERCADOLIBRE,2000008778614580,KLES0031,WALLY 1000 C,1,89990.0,2024-07-15
MERCADOLIBRE,2000008784228624,KLES0031,WALLY 1000 C,1,89990.0,2024-07-15
MERCADOLIBRE,2000008784316004,KLES0031,WALLY 1000 C,1,89990.0,2024-07-15
MERCADOLIBRE,2000008791306966,KLES0031,WALLY 1000 C,1,89990.0,2024-07-16
MERCADOLIBRE,2000008966392536,KLES0031,WALLY 1000 C,1,89990.0,2024-08-06
MERCADOLIBRE,2000008999569054,KLES0031,WALLY 1000 C,1,89990.0,2024-08-10
MERCADOLIBRE,2000009064062806,KLES0031,WALLY 1000 C,1,89990.0,2024-08-17
MERCADOLIBRE,2000009067394180,KLES0031,WALLY 1000 C,1,89990.0,2024-08-18
MERCADOLIBRE,2000011369879164,KLES0031,WALLY 1000 C,1,89990.0,2025-04-19
PARIS,3083013430,KLES0036,WALLY 1000 INVERTER,1,89990.0,2026-02-02
MERCADOLIBRE,2000006081759964,KLES0032,WALLY 1500 C,1,89990.0,2023-07-19
MERCADOLIBRE,2000006103700958,KLES0032,WALLY 1500 C,1,89990.0,2023-07-22
MERCADOLIBRE,2000006104361454,KLES0032,WALLY 1500 C,1,89990.0,2023-07-22
FALABELLA,2261631548,KLES0066,WALLY ONE O 1200,1,89990.0,2024-06-25
FALABELLA,2500889880,KLES0066,WALLY ONE O 1200,1,89990.0,2024-06-27
FALABELLA,2502890165,KLES0066,WALLY ONE O 1200,1,89990.0,2024-06-29
FALABELLA,2512072877,KLES0066,WALLY ONE O 1200,1,89990.0,2024-07-07
FALABELLA,2513055348,KLES0066,WALLY ONE O 1200,1,89990.0,2024-07-08
FALABELLA,2514405428,KLES0066,WALLY ONE O 1200,1,89990.0,2024-07-09
PARIS,3023874970,KLES0066,WALLY ONE O 1200,1,89990.0,2025-06-08
PARIS,3025481870,KLES0066,WALLY ONE O 1200,1,89990.0,2025-06-15
PARIS,3030099640,KLES0066,WALLY ONE O 1200,1,89990.0,2025-07-08
PARIS,3086765240,KLES0066,WALLY ONE O 1200,1,89990.0,2026-02-23
RIPLEY,23510713701,KLES0066,WALLY ONE O 1200,1,89990.0,2025-05-07
RIPLEY,23526959901,KLES0066,WALLY ONE O 1200,1,89990.0,2025-05-14
RIPLEY,23533572601,KLES0066,WALLY ONE O 1200,1,89990.0,2025-05-17
RIPLEY,23539353501,KLES0066,WALLY ONE O 1200,1,89990.0,2025-05-19
RIPLEY,23702397201,KLES0066,WALLY ONE O 1200,1,89990.0,2025-06-19
RIPLEY,23724495101,KLES0066,WALLY ONE O 1200,1,89990.0,2025-06-30
RIPLEY,23835492301,KLES0066,WALLY ONE O 1200,1,89990.0,2025-08-19
RIPLEY,23860280801,KLES0066,WALLY ONE O 1200,1,89990.0,2025-09-01
MERCADOLIBRE,2000005588100787,KLES0066,WALLY ONE O 1200,1,89990.0,2024-04-01
MERCADOLIBRE,2000005594946629,KLES0066,WALLY ONE O 1200,1,89990.0,2024-04-03
MERCADOLIBRE,2000005594946631,KLES0066,WALLY ONE O 1200,1,89990.0,2024-04-03
MERCADOLIBRE,2000005594946633,KLES0066,WALLY ONE O 1200,1,89990.0,2024-04-03
MERCADOLIBRE,2000005600236545,KLES0066,WALLY ONE O 1200,1,89990.0,2024-04-04
MERCADOLIBRE,2000005604827637,KLES0066,WALLY ONE O 1200,1,89990.0,2024-04-05
MERCADOLIBRE,2000005609089773,KLES0066,WALLY ONE O 1200,1,89990.0,2024-04-07
MERCADOLIBRE,2000005645375940,KLES0066,WALLY ONE O 1200,1,89990.0,2023-05-13
MERCADOLIBRE,2000005651777888,KLES0066,WALLY ONE O 1200,1,89990.0,2023-05-14
MERCADOLIBRE,2000005928441330,KLES0066,WALLY ONE O 1200,1,89990.0,2024-06-21
MERCADOLIBRE,2000005928918900,KLES0066,WALLY ONE O 1200,1,89990.0,2024-06-21
MERCADOLIBRE,2000005952449000,KLES0066,WALLY ONE O 1200,1,89990.0,2024-06-27
MERCADOLIBRE,2000005954179270,KLES0066,WALLY ONE O 1200,1,89990.0,2024-06-27
MERCADOLIBRE,2000005955119580,KLES0066,WALLY ONE O 1200,1,89990.0,2024-06-27
MERCADOLIBRE,2000007971280346,KLES0066,WALLY ONE O 1200,1,89990.0,2024-04-04
MERCADOLIBRE,2000007974828488,KLES0066,WALLY ONE O 1200,1,89990.0,2024-04-05
MERCADOLIBRE,2000007978376260,KLES0066,WALLY ONE O 1200,1,89990.0,2024-04-05
MERCADOLIBRE,2000007999344362,KLES0066,WALLY ONE O 1200,1,89990.0,2024-04-08
MERCADOLIBRE,2000008535435420,KLES0066,WALLY ONE O 1200,1,89990.0,2024-06-15
MERCADOLIBRE,2000008536440180,KLES0066,WALLY ONE O 1200,1,89990.0,2024-06-15
MERCADOLIBRE,2000008553529740,KLES0066,WALLY ONE O 1200,1,89990.0,2024-06-18
MERCADOLIBRE,2000008555129320,KLES0066,WALLY ONE O 1200,1,89990.0,2024-06-18
MERCADOLIBRE,2000008561012700,KLES0066,WALLY ONE O 1200,1,89990.0,2024-06-18
MERCADOLIBRE,2000008584502200,KLES0066,WALLY ONE O 1200,1,89990.0,2024-06-21
MERCADOLIBRE,2000008585770880,KLES0066,WALLY ONE O 1200,1,89990.0,2024-06-21
MERCADOLIBRE,2000008585965250,KLES0066,WALLY ONE O 1200,1,89990.0,2024-06-21
MERCADOLIBRE,2000008586052810,KLES0066,WALLY ONE O 1200,1,89990.0,2024-06-21
MERCADOLIBRE,2000008586515390,KLES0066,WALLY ONE O 1200,1,89990.0,2024-06-21
MERCADOLIBRE,2000008627224620,KLES0066,WALLY ONE O 1200,1,89990.0,2024-06-27
MERCADOLIBRE,2000008630785010,KLES0066,WALLY ONE O 1200,1,89990.0,2024-06-27
MERCADOLIBRE,2000012377103560,KLES0066,WALLY ONE O 1200,1,89990.0,2026-04-06
MERCADOLIBRE,2000012394503740,KLES0066,WALLY ONE O 1200,1,89990.0,2026-04-07
MERCADOLIBRE,2000012418047370,KLES0066,WALLY ONE O 1200,1,89990.0,2026-04-08
MERCADOLIBRE,2000012447841580,KLES0066,WALLY ONE O 1200,1,89990.0,2026-04-10
MERCADOLIBRE,2000012480777460,KLES0066,WALLY ONE O 1200,1,89990.0,2026-04-12
MERCADOLIBRE,2000012504469160,KLES0066,WALLY ONE O 1200,1,89990.0,2026-04-14
MERCADOLIBRE,2000012590880260,KLES0066,WALLY ONE O 1200,1,89990.0,2026-04-19
MERCADOLIBRE,2000012591798220,KLES0066,WALLY ONE O 1200,1,89990.0,2026-04-19
MERCADOLIBRE,2000012794341213,KLES0066,WALLY ONE O 1200,1,89990.0,2026-05-03
MERCADOLIBRE,2000012797582853,KLES0066,WALLY ONE O 1200,1,89990.0,2026-05-03
MERCADOLIBRE,2000012803431697,KLES0066,WALLY ONE O 1200,1,89990.0,2026-05-04
MERCADOLIBRE,2000012807219241,KLES0066,WALLY ONE O 1200,1,89990.0,2026-05-04
MERCADOLIBRE,2000012810392257,KLES0066,WALLY ONE O 1200,1,89990.0,2026-05-04
MERCADOLIBRE,2000016274521236,KLES0066,WALLY ONE O 1200,1,89990.0,2026-05-04
MERCADOLIBRE,2000016275652298,KLES0066,WALLY ONE O 1200,1,89990.0,2026-05-04
FALABELLA,2075484783,KLES0067,WALLY ONE O 1800,1,89990.0,2023-07-06
FALABELLA,2075937013,KLES0067,WALLY ONE O 1800,1,89990.0,2023-07-08
FALABELLA,2078578629,KLES0067,WALLY ONE O 1800,1,89990.0,2023-07-21
FALABELLA,2079060456,KLES0067,WALLY ONE O 1800,1,89990.0,2023-07-23
FALABELLA,2079422030,KLES0067,WALLY ONE O 1800,1,89990.0,2023-07-25
FALABELLA,2079692637,KLES0067,WALLY ONE O 1800,1,89990.0,2023-07-26
FALABELLA,2079763767,KLES0067,WALLY ONE O 1800,1,89990.0,2023-07-26
FALABELLA,2080521177,KLES0067,WALLY ONE O 1800,1,89990.0,2023-07-30
FALABELLA,2081083967,KLES0067,WALLY ONE O 1800,1,89990.0,2023-08-01
FALABELLA,2081153036,KLES0067,WALLY ONE O 1800,1,89990.0,2023-08-01
FALABELLA,2081775695,KLES0067,WALLY ONE O 1800,1,89990.0,2023-08-03
FALABELLA,2082008905,KLES0067,WALLY ONE O 1800,1,89990.0,2023-08-04
FALABELLA,2082020725,KLES0067,WALLY ONE O 1800,1,89990.0,2023-08-04
FALABELLA,2082300293,KLES0067,WALLY ONE O 1800,1,89990.0,2023-08-06
FALABELLA,2082698042,KLES0067,WALLY ONE O 1800,1,89990.0,2023-08-08
FALABELLA,2085677555,KLES0067,WALLY ONE O 1800,1,89990.0,2023-08-21
FALABELLA,2086580002,KLES0067,WALLY ONE O 1800,1,89990.0,2023-08-24
FALABELLA,2087728598,KLES0067,WALLY ONE O 1800,1,89990.0,2023-08-29
FALABELLA,2195485588,KLES0067,WALLY ONE O 1800,1,89990.0,2024-04-18
FALABELLA,2195575974,KLES0067,WALLY ONE O 1800,1,89990.0,2024-04-18
FALABELLA,2195801739,KLES0067,WALLY ONE O 1800,1,89990.0,2024-04-19
FALABELLA,2195903028,KLES0067,WALLY ONE O 1800,1,89990.0,2024-04-19
FALABELLA,2196637008,KLES0067,WALLY ONE O 1800,1,89990.0,2024-04-21
FALABELLA,2196730812,KLES0067,WALLY ONE O 1800,1,89990.0,2024-04-21
FALABELLA,2196837597,KLES0067,WALLY ONE O 1800,1,89990.0,2024-04-22
FALABELLA,2196956210,KLES0067,WALLY ONE O 1800,1,89990.0,2024-04-22
FALABELLA,2197473100,KLES0067,WALLY ONE O 1800,1,89990.0,2024-04-23
FALABELLA,2197492548,KLES0067,WALLY ONE O 1800,1,89990.0,2024-04-23
FALABELLA,2203216326,KLES0067,WALLY ONE O 1800,1,89990.0,2024-05-05
FALABELLA,2203228895,KLES0067,WALLY ONE O 1800,1,89990.0,2024-05-05
FALABELLA,2203272744,KLES0067,WALLY ONE O 1800,1,89990.0,2024-05-05
FALABELLA,2203307931,KLES0067,WALLY ONE O 1800,1,89990.0,2024-05-05
FALABELLA,2203376583,KLES0067,WALLY ONE O 1800,1,89990.0,2024-05-05
FALABELLA,2203472161,KLES0067,WALLY ONE O 1800,1,89990.0,2024-05-05
FALABELLA,2203481884,KLES0067,WALLY ONE O 1800,1,89990.0,2024-05-05
FALABELLA,2517963779,KLES0067,WALLY ONE O 1800,1,89990.0,2024-07-13
PARIS,2780228151,KLES0067,WALLY ONE O 1800,1,89990.0,2025-03-27
PARIS,3000559570,KLES0067,WALLY ONE O 1800,1,89990.0,2025-03-23
PARIS,3001016920,KLES0067,WALLY ONE O 1800,1,89990.0,2025-03-27
PARIS,3002315331,KLES0067,WALLY ONE O 1800,1,89990.0,2025-04-01
PARIS,3002521190,KLES0067,WALLY ONE O 1800,1,89990.0,2025-04-02
PARIS,3002544470,KLES0067,WALLY ONE O 1800,1,89990.0,2025-04-02
PARIS,3002768170,KLES0067,WALLY ONE O 1800,1,89990.0,2025-04-03
PARIS,3003490110,KLES0067,WALLY ONE O 1800,1,89990.0,2025-04-07
PARIS,3096307090,KLES0067,WALLY ONE O 1800,1,89990.0,2026-04-05
RIPLEY,23428979902,KLES0067,WALLY ONE O 1800,1,89990.0,2025-04-01
RIPLEY,23451543901,KLES0067,WALLY ONE O 1800,1,89990.0,2025-04-07
RIPLEY,23522611901,KLES0067,WALLY ONE O 1800,1,89990.0,2025-05-12
RIPLEY,23524207901,KLES0067,WALLY ONE O 1800,1,89990.0,2025-05-13
RIPLEY,23569340801,KLES0067,WALLY ONE O 1800,1,89990.0,2025-05-27
RIPLEY,23673210201,KLES0067,WALLY ONE O 1800,1,89990.0,2025-06-06
RIPLEY,23695313001,KLES0067,WALLY ONE O 1800,1,89990.0,2025-06-15
RIPLEY,23712350201,KLES0067,WALLY ONE O 1800,1,89990.0,2025-06-25
MERCADOLIBRE,2000004554558029,KLES0067,WALLY ONE O 1800,1,89990.0,2023-06-19
MERCADOLIBRE,2000004554558031,KLES0067,WALLY ONE O 1800,1,89990.0,2023-06-19
MERCADOLIBRE,2000004554558033,KLES0067,WALLY ONE O 1800,1,89990.0,2023-06-19
MERCADOLIBRE,2000004557378343,KLES0067,WALLY ONE O 1800,1,89990.0,2023-06-20
MERCADOLIBRE,2000004557378345,KLES0067,WALLY ONE O 1800,1,89990.0,2023-06-20
MERCADOLIBRE,2000004563845473,KLES0067,WALLY ONE O 1800,1,89990.0,2023-06-22
MERCADOLIBRE,2000004563845475,KLES0067,WALLY ONE O 1800,1,89990.0,2023-06-22
MERCADOLIBRE,2000004566035585,KLES0067,WALLY ONE O 1800,1,89990.0,2023-06-22
MERCADOLIBRE,2000004570017799,KLES0067,WALLY ONE O 1800,1,89990.0,2023-06-24
MERCADOLIBRE,2000004570017801,KLES0067,WALLY ONE O 1800,1,89990.0,2023-06-24
MERCADOLIBRE,2000004583857499,KLES0067,WALLY ONE O 1800,1,89990.0,2023-06-29
MERCADOLIBRE,2000004583857501,KLES0067,WALLY ONE O 1800,1,89990.0,2023-06-29
MERCADOLIBRE,2000004588212573,KLES0067,WALLY ONE O 1800,1,89990.0,2023-06-30
MERCADOLIBRE,2000004590737319,KLES0067,WALLY ONE O 1800,1,89990.0,2023-07-01
MERCADOLIBRE,2000004590737321,KLES0067,WALLY ONE O 1800,1,89990.0,2023-07-01
MERCADOLIBRE,2000004600169823,KLES0067,WALLY ONE O 1800,1,89990.0,2023-07-04
MERCADOLIBRE,2000004600169825,KLES0067,WALLY ONE O 1800,1,89990.0,2023-07-04
MERCADOLIBRE,2000004603691225,KLES0067,WALLY ONE O 1800,1,89990.0,2023-07-05
MERCADOLIBRE,2000004603691227,KLES0067,WALLY ONE O 1800,1,89990.0,2023-07-05
MERCADOLIBRE,2000004603691229,KLES0067,WALLY ONE O 1800,1,89990.0,2023-07-05
MERCADOLIBRE,2000004603691231,KLES0067,WALLY ONE O 1800,1,89990.0,2023-07-05
MERCADOLIBRE,2000004610608311,KLES0067,WALLY ONE O 1800,1,89990.0,2023-07-08
MERCADOLIBRE,2000004610608313,KLES0067,WALLY ONE O 1800,1,89990.0,2023-07-08
MERCADOLIBRE,2000004610608315,KLES0067,WALLY ONE O 1800,1,89990.0,2023-07-08
MERCADOLIBRE,2000004610608317,KLES0067,WALLY ONE O 1800,1,89990.0,2023-07-08
MERCADOLIBRE,2000004613063865,KLES0067,WALLY ONE O 1800,1,89990.0,2023-07-09
MERCADOLIBRE,2000004616425781,KLES0067,WALLY ONE O 1800,1,89990.0,2023-07-10
MERCADOLIBRE,2000004616425783,KLES0067,WALLY ONE O 1800,1,89990.0,2023-07-10
MERCADOLIBRE,2000004632742477,KLES0067,WALLY ONE O 1800,1,89990.0,2023-07-14
MERCADOLIBRE,2000004632742479,KLES0067,WALLY ONE O 1800,1,89990.0,2023-07-14
MERCADOLIBRE,2000004632742481,KLES0067,WALLY ONE O 1800,1,89990.0,2023-07-14
MERCADOLIBRE,2000005846877610,KLES0067,WALLY ONE O 1800,1,89990.0,2024-06-03
MERCADOLIBRE,2000005847897670,KLES0067,WALLY ONE O 1800,1,89990.0,2024-06-03
MERCADOLIBRE,2000005852786690,KLES0067,WALLY ONE O 1800,1,89990.0,2024-06-04
MERCADOLIBRE,2000005854207590,KLES0067,WALLY ONE O 1800,1,89990.0,2024-06-04
MERCADOLIBRE,2000005856699550,KLES0067,WALLY ONE O 1800,1,89990.0,2024-06-05
MERCADOLIBRE,2000005856714410,KLES0067,WALLY ONE O 1800,1,89990.0,2024-06-05
MERCADOLIBRE,2000005858498250,KLES0067,WALLY ONE O 1800,1,89990.0,2024-06-05
MERCADOLIBRE,2000005862113730,KLES0067,WALLY ONE O 1800,1,89990.0,2024-06-06
MERCADOLIBRE,2000005886832544,KLES0067,WALLY ONE O 1800,1,89990.0,2023-06-19
MERCADOLIBRE,2000005889423302,KLES0067,WALLY ONE O 1800,1,89990.0,2023-06-20
MERCADOLIBRE,2000005894667166,KLES0067,WALLY ONE O 1800,1,89990.0,2023-06-21
MERCADOLIBRE,2000005895324778,KLES0067,WALLY ONE O 1800,1,89990.0,2023-06-21
MERCADOLIBRE,2000005900989408,KLES0067,WALLY ONE O 1800,1,89990.0,2023-06-22
MERCADOLIBRE,2000005903347290,KLES0067,WALLY ONE O 1800,1,89990.0,2023-06-22
MERCADOLIBRE,2000005905861276,KLES0067,WALLY ONE O 1800,1,89990.0,2023-06-22
MERCADOLIBRE,2000005907046448,KLES0067,WALLY ONE O 1800,1,89990.0,2023-06-22
MERCADOLIBRE,2000005911957940,KLES0067,WALLY ONE O 1800,1,89990.0,2023-06-23
MERCADOLIBRE,2000005912815720,KLES0067,WALLY ONE O 1800,1,89990.0,2023-06-23
MERCADOLIBRE,2000005915376440,KLES0067,WALLY ONE O 1800,1,89990.0,2023-06-24
MERCADOLIBRE,2000005916899986,KLES0067,WALLY ONE O 1800,1,89990.0,2023-06-24
MERCADOLIBRE,2000005921106840,KLES0067,WALLY ONE O 1800,1,89990.0,2023-06-25
MERCADOLIBRE,2000005925580320,KLES0067,WALLY ONE O 1800,1,89990.0,2023-06-26
MERCADOLIBRE,2000005928899226,KLES0067,WALLY ONE O 1800,1,89990.0,2023-06-26
MERCADOLIBRE,2000005935959302,KLES0067,WALLY ONE O 1800,1,89990.0,2023-06-27
MERCADOLIBRE,2000005936325256,KLES0067,WALLY ONE O 1800,1,89990.0,2023-06-28
MERCADOLIBRE,2000005937926068,KLES0067,WALLY ONE O 1800,1,89990.0,2023-06-28
MERCADOLIBRE,2000005938132032,KLES0067,WALLY ONE O 1800,1,89990.0,2023-06-28
MERCADOLIBRE,2000005942803638,KLES0067,WALLY ONE O 1800,1,89990.0,2023-06-28
MERCADOLIBRE,2000005948414552,KLES0067,WALLY ONE O 1800,1,89990.0,2023-06-29
MERCADOLIBRE,2000005949524520,KLES0067,WALLY ONE O 1800,1,89990.0,2023-06-29
MERCADOLIBRE,2000005950638718,KLES0067,WALLY ONE O 1800,1,89990.0,2023-06-30
MERCADOLIBRE,2000005960576862,KLES0067,WALLY ONE O 1800,1,89990.0,2023-07-01
MERCADOLIBRE,2000005962080508,KLES0067,WALLY ONE O 1800,1,89990.0,2023-07-02
MERCADOLIBRE,2000005964776108,KLES0067,WALLY ONE O 1800,1,89990.0,2023-07-02
MERCADOLIBRE,2000005966511768,KLES0067,WALLY ONE O 1800,1,89990.0,2023-07-03
MERCADOLIBRE,2000005974783482,KLES0067,WALLY ONE O 1800,1,89990.0,2023-07-04
MERCADOLIBRE,2000005975078226,KLES0067,WALLY ONE O 1800,1,89990.0,2023-07-04
MERCADOLIBRE,2000005976810526,KLES0067,WALLY ONE O 1800,1,89990.0,2023-07-04
MERCADOLIBRE,2000005977093284,KLES0067,WALLY ONE O 1800,1,89990.0,2023-07-04
MERCADOLIBRE,2000005977286026,KLES0067,WALLY ONE O 1800,1,89990.0,2023-07-04
MERCADOLIBRE,2000005978583488,KLES0067,WALLY ONE O 1800,1,89990.0,2023-07-04
MERCADOLIBRE,2000005985845092,KLES0067,WALLY ONE O 1800,1,89990.0,2023-07-05
MERCADOLIBRE,2000005986013526,KLES0067,WALLY ONE O 1800,1,89990.0,2023-07-05
MERCADOLIBRE,2000005986862068,KLES0067,WALLY ONE O 1800,1,89990.0,2023-07-05
MERCADOLIBRE,2000005999781486,KLES0067,WALLY ONE O 1800,1,89990.0,2023-07-07
MERCADOLIBRE,2000006002359120,KLES0067,WALLY ONE O 1800,1,89990.0,2023-07-07
MERCADOLIBRE,2000006009357908,KLES0067,WALLY ONE O 1800,1,89990.0,2023-07-08
MERCADOLIBRE,2000006014148300,KLES0067,WALLY ONE O 1800,1,89990.0,2023-07-09
MERCADOLIBRE,2000006015070172,KLES0067,WALLY ONE O 1800,1,89990.0,2023-07-09
MERCADOLIBRE,2000006018042000,KLES0067,WALLY ONE O 1800,1,89990.0,2023-07-10
MERCADOLIBRE,2000006020363846,KLES0067,WALLY ONE O 1800,1,89990.0,2023-07-10
MERCADOLIBRE,2000006021170368,KLES0067,WALLY ONE O 1800,1,89990.0,2023-07-10
MERCADOLIBRE,2000006033363188,KLES0067,WALLY ONE O 1800,1,89990.0,2023-07-12
MERCADOLIBRE,2000006037984862,KLES0067,WALLY ONE O 1800,1,89990.0,2023-07-12
MERCADOLIBRE,2000006040901512,KLES0067,WALLY ONE O 1800,1,89990.0,2023-07-13
MERCADOLIBRE,2000006044978392,KLES0067,WALLY ONE O 1800,1,89990.0,2023-07-13
MERCADOLIBRE,2000006054852860,KLES0067,WALLY ONE O 1800,1,89990.0,2023-07-15
MERCADOLIBRE,2000006055376422,KLES0067,WALLY ONE O 1800,1,89990.0,2023-07-15
MERCADOLIBRE,2000006092490624,KLES0067,WALLY ONE O 1800,1,89990.0,2023-07-20
MERCADOLIBRE,2000007512784789,KLES0067,WALLY ONE O 1800,1,89990.0,2025-04-01
MERCADOLIBRE,2000007515536923,KLES0067,WALLY ONE O 1800,1,89990.0,2025-04-02
MERCADOLIBRE,2000007515789345,KLES0067,WALLY ONE O 1800,1,89990.0,2025-04-02
MERCADOLIBRE,2000007518480359,KLES0067,WALLY ONE O 1800,1,89990.0,2025-04-02
MERCADOLIBRE,2000007522894017,KLES0067,WALLY ONE O 1800,1,89990.0,2025-04-02
MERCADOLIBRE,2000007523012569,KLES0067,WALLY ONE O 1800,1,89990.0,2025-04-03
MERCADOLIBRE,2000008051615749,KLES0067,WALLY ONE O 1800,1,89990.0,2025-06-02
MERCADOLIBRE,2000008055214997,KLES0067,WALLY ONE O 1800,1,89990.0,2025-06-02
MERCADOLIBRE,2000008056846873,KLES0067,WALLY ONE O 1800,1,89990.0,2025-06-02
MERCADOLIBRE,2000008057479957,KLES0067,WALLY ONE O 1800,1,89990.0,2025-06-02
MERCADOLIBRE,2000008067869653,KLES0067,WALLY ONE O 1800,1,89990.0,2025-06-03
MERCADOLIBRE,2000008072145461,KLES0067,WALLY ONE O 1800,1,89990.0,2025-06-03
MERCADOLIBRE,2000008084688245,KLES0067,WALLY ONE O 1800,1,89990.0,2025-06-04
MERCADOLIBRE,2000008087460537,KLES0067,WALLY ONE O 1800,1,89990.0,2025-06-04
MERCADOLIBRE,2000008094727409,KLES0067,WALLY ONE O 1800,1,89990.0,2025-06-05
MERCADOLIBRE,2000008095904913,KLES0067,WALLY ONE O 1800,1,89990.0,2025-06-05
MERCADOLIBRE,2000008097632829,KLES0067,WALLY ONE O 1800,1,89990.0,2025-06-05
MERCADOLIBRE,2000008097708513,KLES0067,WALLY ONE O 1800,1,89990.0,2025-06-05
MERCADOLIBRE,2000008097971487,KLES0067,WALLY ONE O 1800,1,89990.0,2025-06-05
MERCADOLIBRE,2000008100699315,KLES0067,WALLY ONE O 1800,1,89990.0,2025-06-06
MERCADOLIBRE,2000008110416725,KLES0067,WALLY ONE O 1800,1,89990.0,2025-06-07
MERCADOLIBRE,2000008119672827,KLES0067,WALLY ONE O 1800,1,89990.0,2025-06-08
MERCADOLIBRE,2000008119951245,KLES0067,WALLY ONE O 1800,1,89990.0,2025-06-08
MERCADOLIBRE,2000008122418265,KLES0067,WALLY ONE O 1800,1,89990.0,2025-06-08
MERCADOLIBRE,2000008122662153,KLES0067,WALLY ONE O 1800,1,89990.0,2025-06-08
MERCADOLIBRE,2000008123181757,KLES0067,WALLY ONE O 1800,1,89990.0,2025-06-08
MERCADOLIBRE,2000008123645133,KLES0067,WALLY ONE O 1800,1,89990.0,2025-06-08
MERCADOLIBRE,2000008125461819,KLES0067,WALLY ONE O 1800,1,89990.0,2025-06-08
MERCADOLIBRE,2000008126437663,KLES0067,WALLY ONE O 1800,1,89990.0,2025-06-08
MERCADOLIBRE,2000008126534615,KLES0067,WALLY ONE O 1800,1,89990.0,2025-06-08
MERCADOLIBRE,2000008425779560,KLES0067,WALLY ONE O 1800,1,89990.0,2024-06-03
MERCADOLIBRE,2000008426915370,KLES0067,WALLY ONE O 1800,1,89990.0,2024-06-03
MERCADOLIBRE,2000008427307600,KLES0067,WALLY ONE O 1800,1,89990.0,2024-06-03
MERCADOLIBRE,2000008428422020,KLES0067,WALLY ONE O 1800,1,89990.0,2024-06-03
MERCADOLIBRE,2000008434100750,KLES0067,WALLY ONE O 1800,1,89990.0,2024-06-04
MERCADOLIBRE,2000008437921340,KLES0067,WALLY ONE O 1800,1,89990.0,2024-06-04
MERCADOLIBRE,2000008442523090,KLES0067,WALLY ONE O 1800,1,89990.0,2024-06-04
MERCADOLIBRE,2000008443682390,KLES0067,WALLY ONE O 1800,1,89990.0,2024-06-04
MERCADOLIBRE,2000008444311580,KLES0067,WALLY ONE O 1800,1,89990.0,2024-06-05
MERCADOLIBRE,2000008447075160,KLES0067,WALLY ONE O 1800,1,89990.0,2024-06-05
MERCADOLIBRE,2000008450567750,KLES0067,WALLY ONE O 1800,1,89990.0,2024-06-05
MERCADOLIBRE,2000008460609960,KLES0067,WALLY ONE O 1800,1,89990.0,2024-06-06
MERCADOLIBRE,2000008463023170,KLES0067,WALLY ONE O 1800,1,89990.0,2024-06-06
MERCADOLIBRE,2000008463048460,KLES0067,WALLY ONE O 1800,1,89990.0,2024-06-06
MERCADOLIBRE,2000008463601450,KLES0067,WALLY ONE O 1800,1,89990.0,2024-06-06
MERCADOLIBRE,2000011192274266,KLES0067,WALLY ONE O 1800,1,89990.0,2025-04-01
MERCADOLIBRE,2000011802554682,KLES0067,WALLY ONE O 1800,1,89990.0,2025-06-02
MERCADOLIBRE,2000011845326524,KLES0067,WALLY ONE O 1800,1,89990.0,2025-06-05
MERCADOLIBRE,2000011854265224,KLES0067,WALLY ONE O 1800,1,89990.0,2025-06-06
MERCADOLIBRE,2000011860175656,KLES0067,WALLY ONE O 1800,1,89990.0,2025-06-06
MERCADOLIBRE,2000011860186484,KLES0067,WALLY ONE O 1800,1,89990.0,2025-06-06
MERCADOLIBRE,2000011864475648,KLES0067,WALLY ONE O 1800,1,89990.0,2025-06-06
MERCADOLIBRE,2000007565880503,KLES0065,WALLY ONE O 600,1,89990.0,2025-04-07
MERCADOLIBRE,2000007582351897,KLES0065,WALLY ONE O 600,1,89990.0,2025-04-09
MERCADOLIBRE,2000007588659405,KLES0065,WALLY ONE O 600,1,89990.0,2025-04-10
MERCADOLIBRE,2000007602166791,KLES0065,WALLY ONE O 600,1,89990.0,2025-04-11
MERCADOLIBRE,2000007602166793,KLES0065,WALLY ONE O 600,1,89990.0,2025-04-11
MERCADOLIBRE,2000007602166795,KLES0065,WALLY ONE O 600,1,89990.0,2025-04-11
MERCADOLIBRE,2000007602166797,KLES0065,WALLY ONE O 600,1,89990.0,2025-04-11
MERCADOLIBRE,2000007602490411,KLES0065,WALLY ONE O 600,1,89990.0,2025-04-11
MERCADOLIBRE,2000007602490413,KLES0065,WALLY ONE O 600,1,89990.0,2025-04-11
MERCADOLIBRE,2000007613837995,KLES0065,WALLY ONE O 600,1,89990.0,2025-04-13
MERCADOLIBRE,2000007614482869,KLES0065,WALLY ONE O 600,1,89990.0,2025-04-13
MERCADOLIBRE,2000007631618779,KLES0065,WALLY ONE O 600,1,89990.0,2025-04-15
MERCADOLIBRE,2000007638859415,KLES0065,WALLY ONE O 600,1,89990.0,2025-04-15
MERCADOLIBRE,2000007643975349,KLES0065,WALLY ONE O 600,1,89990.0,2025-04-16
MERCADOLIBRE,2000007652256857,KLES0065,WALLY ONE O 600,1,89990.0,2025-04-17
MERCADOLIBRE,2000007674054637,KLES0065,WALLY ONE O 600,1,89990.0,2025-04-21
MERCADOLIBRE,2000007698934837,KLES0065,WALLY ONE O 600,1,89990.0,2025-04-23
MERCADOLIBRE,2000007717989397,KLES0065,WALLY ONE O 600,1,89990.0,2025-04-26
MERCADOLIBRE,2000007749688487,KLES0065,WALLY ONE O 600,1,89990.0,2025-04-29
MERCADOLIBRE,2000007764762189,KLES0065,WALLY ONE O 600,1,89990.0,2025-05-01
MERCADOLIBRE,2000007875680985,KLES0065,WALLY ONE O 600,1,89990.0,2025-05-14
MERCADOLIBRE,2000011468452788,KLES0065,WALLY ONE O 600,1,89990.0,2025-04-30
MERCADOLIBRE,2000011593298980,KLES0065,WALLY ONE O 600,1,89990.0,2025-05-13
MERCADOLIBRE,2000011605417002,KLES0065,WALLY ONE O 600,1,89990.0,2025-05-14
MERCADOLIBRE,2000012171053259,KLES0065,WALLY ONE O 600,1,89990.0,2026-03-23
MERCADOLIBRE,2000012173248749,KLES0065,WALLY ONE O 600,1,89990.0,2026-03-23
MERCADOLIBRE,2000012193724985,KLES0065,WALLY ONE O 600,1,89990.0,2026-03-24
MERCADOLIBRE,2000012217263081,KLES0065,WALLY ONE O 600,1,89990.0,2026-03-25
MERCADOLIBRE,2000012227067109,KLES0065,WALLY ONE O 600,1,89990.0,2026-03-26
MERCADOLIBRE,2000012266150197,KLES0065,WALLY ONE O 600,1,89990.0,2026-03-29
MERCADOLIBRE,2000015662581320,KLES0065,WALLY ONE O 600,1,89990.0,2026-03-22
FALABELLA,2230895979,KLES0070,PTC LIFE 2,2,89980.0,2024-06-03
MERCADOLIBRE,2000013314636277,KLES0067,WALLY ONE O 1800,1,89971.0,2026-06-02
MERCADOLIBRE,2000013325488511,KLES0067,WALLY ONE O 1800,1,89971.0,2026-06-03
MERCADOLIBRE,2000013329978757,KLES0067,WALLY ONE O 1800,1,89971.0,2026-06-03
MERCADOLIBRE,2000013329978759,KLES0067,WALLY ONE O 1800,1,89971.0,2026-06-03
MERCADOLIBRE,2000013329978761,KLES0067,WALLY ONE O 1800,1,89971.0,2026-06-03
MERCADOLIBRE,2000016745069970,KLES0067,WALLY ONE O 1800,1,89971.0,2026-06-02
MERCADOLIBRE,2000016745882226,KLES0067,WALLY ONE O 1800,1,89971.0,2026-06-02
MERCADOLIBRE,2000016746275388,KLES0067,WALLY ONE O 1800,1,89971.0,2026-06-02
MERCADOLIBRE,2000016746905048,KLES0067,WALLY ONE O 1800,1,89971.0,2026-06-02
MERCADOLIBRE,2000016747998682,KLES0067,WALLY ONE O 1800,1,89971.0,2026-06-02
MERCADOLIBRE,2000016752562146,KLES0067,WALLY ONE O 1800,1,89971.0,2026-06-03
MERCADOLIBRE,2000016753458176,KLES0067,WALLY ONE O 1800,1,89971.0,2026-06-03
MERCADOLIBRE,2000016763726114,KLES0067,WALLY ONE O 1800,1,89971.0,2026-06-03
MERCADOLIBRE,2000008474696445,KLES0066,WALLY ONE O 1200,1,89091.0,2025-07-11
MERCADOLIBRE,2000008479285909,KLES0066,WALLY ONE O 1200,1,89091.0,2025-07-13
MERCADOLIBRE,2000008483377609,KLES0066,WALLY ONE O 1200,1,89091.0,2025-07-12
MERCADOLIBRE,2000008487985765,KLES0066,WALLY ONE O 1200,1,89091.0,2025-07-13
MERCADOLIBRE,2000008489085733,KLES0066,WALLY ONE O 1200,1,89091.0,2025-07-13
MERCADOLIBRE,2000008495056597,KLES0066,WALLY ONE O 1200,1,89091.0,2025-07-13
MERCADOLIBRE,2000008567138319,KLES0066,WALLY ONE O 1200,1,89091.0,2025-07-20
MERCADOLIBRE,2000008567138321,KLES0066,WALLY ONE O 1200,1,89091.0,2025-07-20
MERCADOLIBRE,2000008617523417,KLES0066,WALLY ONE O 1200,1,89091.0,2025-07-24
MERCADOLIBRE,2000008639550111,KLES0066,WALLY ONE O 1200,1,89091.0,2025-07-27
MERCADOLIBRE,2000008639550113,KLES0066,WALLY ONE O 1200,1,89091.0,2025-07-27
MERCADOLIBRE,2000008639550115,KLES0066,WALLY ONE O 1200,1,89091.0,2025-07-27
MERCADOLIBRE,2000008639550119,KLES0066,WALLY ONE O 1200,1,89091.0,2025-07-27
MERCADOLIBRE,2000008639550121,KLES0066,WALLY ONE O 1200,1,89091.0,2025-07-27
MERCADOLIBRE,2000008640172227,KLES0066,WALLY ONE O 1200,1,89091.0,2025-07-27
MERCADOLIBRE,2000008648678813,KLES0066,WALLY ONE O 1200,1,89091.0,2025-07-28
MERCADOLIBRE,2000008672110581,KLES0066,WALLY ONE O 1200,1,89091.0,2025-07-30
MERCADOLIBRE,2000008681196897,KLES0066,WALLY ONE O 1200,1,89091.0,2025-07-30
MERCADOLIBRE,2000008691621597,KLES0066,WALLY ONE O 1200,1,89091.0,2025-07-31
MERCADOLIBRE,2000008695782269,KLES0066,WALLY ONE O 1200,1,89091.0,2025-08-01
MERCADOLIBRE,2000008702144805,KLES0066,WALLY ONE O 1200,1,89091.0,2025-08-01
MERCADOLIBRE,2000008720538679,KLES0066,WALLY ONE O 1200,1,89091.0,2025-08-03
MERCADOLIBRE,2000008724365001,KLES0066,WALLY ONE O 1200,1,89091.0,2025-08-03
MERCADOLIBRE,2000008771740793,KLES0066,WALLY ONE O 1200,1,89091.0,2025-08-07
MERCADOLIBRE,2000008775817269,KLES0066,WALLY ONE O 1200,1,89091.0,2025-08-07
MERCADOLIBRE,2000012281893334,KLES0066,WALLY ONE O 1200,1,89091.0,2025-07-13
MERCADOLIBRE,2000012287687838,KLES0066,WALLY ONE O 1200,1,89091.0,2025-07-14
MERCADOLIBRE,2000012346556458,KLES0066,WALLY ONE O 1200,1,89091.0,2025-07-18
MERCADOLIBRE,2000012350171994,KLES0066,WALLY ONE O 1200,1,89091.0,2025-07-18
MERCADOLIBRE,2000012371345286,KLES0066,WALLY ONE O 1200,1,89091.0,2025-07-21
MERCADOLIBRE,2000012376609160,KLES0066,WALLY ONE O 1200,1,89091.0,2025-07-21
MERCADOLIBRE,2000012528638526,KLES0066,WALLY ONE O 1200,1,89091.0,2025-08-03
MERCADOLIBRE,2000008511785701,KLES0065,WALLY ONE O 600,1,88991.0,2025-07-15
MERCADOLIBRE,2000008526397237,KLES0065,WALLY ONE O 600,1,88991.0,2025-07-16
MERCADOLIBRE,2000008535387121,KLES0065,WALLY ONE O 600,1,88991.0,2025-07-17
MERCADOLIBRE,2000012291685772,KLES0065,WALLY ONE O 600,1,88991.0,2025-07-14
MERCADOLIBRE,2000012313137396,KLES0065,WALLY ONE O 600,1,88991.0,2025-07-15
MERCADOLIBRE,2000013683956641,KLES0069,IR STONE BLANCO,1,87991.0,2026-06-24
MERCADOLIBRE,2000013754054721,KLES0069,IR STONE BLANCO,1,87991.0,2026-06-29
MERCADOLIBRE,2000017081038818,KLES0069,IR STONE BLANCO,1,87991.0,2026-06-23
FALABELLA,2103840045,KLES0069,IR STONE BLANCO,1,87990.0,2023-10-03
MERCADOLIBRE,2000004620791797,KLES0067,WALLY ONE O 1800,1,87490.0,2023-07-11
MERCADOLIBRE,2000004620791801,KLES0067,WALLY ONE O 1800,1,87490.0,2023-07-11
MERCADOLIBRE,2000004620976571,KLES0067,WALLY ONE O 1800,1,87490.0,2023-07-11
MERCADOLIBRE,2000006026892854,KLES0067,WALLY ONE O 1800,1,87490.0,2023-07-11
MERCADOLIBRE,2000006026909724,KLES0067,WALLY ONE O 1800,1,87490.0,2023-07-11
MERCADOLIBRE,2000006028945154,KLES0067,WALLY ONE O 1800,1,87490.0,2023-07-11
MERCADOLIBRE,2000006029692960,KLES0067,WALLY ONE O 1800,1,87490.0,2023-07-11
MERCADOLIBRE,2000007945711472,KLAP0047,FILTRO PISCINA ESTRUCTURAL AVENLI 290729EU,1,87290.0,2024-04-01
MERCADOLIBRE,2000007911014171,KLVE0001,Purificador Eolia,1,87093.0,2025-05-18
MERCADOLIBRE,2000008341557107,KLVE0001,Purificador Eolia,1,87093.0,2025-06-29
MERCADOLIBRE,2000007468962057,KLES0066,WALLY ONE O 1200,1,86991.0,2025-03-27
MERCADOLIBRE,2000007476429559,KLES0066,WALLY ONE O 1200,1,86991.0,2025-03-28
MERCADOLIBRE,2000012318711740,KLES0066,WALLY ONE O 1200,1,86991.0,2026-04-01
MERCADOLIBRE,2000012318820100,KLES0066,WALLY ONE O 1200,1,86991.0,2026-04-01
MERCADOLIBRE,2000012318820110,KLES0066,WALLY ONE O 1200,1,86991.0,2026-04-01
MERCADOLIBRE,2000013277886369,KLES0066,WALLY ONE O 1200,1,86991.0,2026-06-01
MERCADOLIBRE,2000013278470717,KLES0066,WALLY ONE O 1200,1,86991.0,2026-06-01
MERCADOLIBRE,2000004596008879,KLES0067,WALLY ONE O 1800,1,86990.0,2023-07-03
MERCADOLIBRE,2000004596008881,KLES0067,WALLY ONE O 1800,1,86990.0,2023-07-03
MERCADOLIBRE,2000005973602774,KLES0067,WALLY ONE O 1800,1,86990.0,2023-07-03
MERCADOLIBRE,2000004448712171,KLES0066,WALLY ONE O 1200,1,86090.0,2023-05-15
MERCADOLIBRE,2000004448712173,KLES0066,WALLY ONE O 1200,1,86090.0,2023-05-15
MERCADOLIBRE,2000004455866179,KLES0066,WALLY ONE O 1200,1,86090.0,2023-05-17
MERCADOLIBRE,2000004457718303,KLES0066,WALLY ONE O 1200,1,86090.0,2023-05-18
MERCADOLIBRE,2000004457718307,KLES0066,WALLY ONE O 1200,1,86090.0,2023-05-18
MERCADOLIBRE,2000004467119091,KLES0066,WALLY ONE O 1200,1,86090.0,2023-05-21
MERCADOLIBRE,2000005653941506,KLES0066,WALLY ONE O 1200,1,86090.0,2023-05-15
MERCADOLIBRE,2000005655485506,KLES0066,WALLY ONE O 1200,1,86090.0,2023-05-15
MERCADOLIBRE,2000005658466142,KLES0066,WALLY ONE O 1200,1,86090.0,2023-05-15
MERCADOLIBRE,2000005670255488,KLES0066,WALLY ONE O 1200,1,86090.0,2023-05-17
MERCADOLIBRE,2000005678741804,KLES0066,WALLY ONE O 1200,1,86090.0,2023-05-18
MERCADOLIBRE,2000005685245422,KLES0066,WALLY ONE O 1200,1,86090.0,2023-05-19
MERCADOLIBRE,2000005687030074,KLES0066,WALLY ONE O 1200,1,86090.0,2023-05-20
MERCADOLIBRE,2000005687089422,KLES0066,WALLY ONE O 1200,1,86090.0,2023-05-20
MERCADOLIBRE,2000005690388784,KLES0066,WALLY ONE O 1200,1,86090.0,2023-05-20
MERCADOLIBRE,2000005693513218,KLES0066,WALLY ONE O 1200,1,86090.0,2023-05-21
MERCADOLIBRE,2000005694444984,KLES0066,WALLY ONE O 1200,1,86090.0,2023-05-21
MERCADOLIBRE,2000005694687836,KLES0066,WALLY ONE O 1200,1,86090.0,2023-05-21
MERCADOLIBRE,2000005695354042,KLES0066,WALLY ONE O 1200,1,86090.0,2023-05-21
MERCADOLIBRE,2000007848204445,KLES0065,WALLY ONE O 600,1,85490.0,2025-05-11
MERCADOLIBRE,2000007848346163,KLES0065,WALLY ONE O 600,1,85490.0,2025-05-11
MERCADOLIBRE,2000013280589369,KLES0066,WALLY ONE O 1200,1,84992.0,2026-06-01
MERCADOLIBRE,2000013284947701,KLES0066,WALLY ONE O 1200,1,84992.0,2026-06-01
MERCADOLIBRE,2000013296108293,KLES0066,WALLY ONE O 1200,1,84992.0,2026-06-01
MERCADOLIBRE,2000013300626561,KLES0066,WALLY ONE O 1200,1,84992.0,2026-06-02
MERCADOLIBRE,2000013302479945,KLES0066,WALLY ONE O 1200,1,84992.0,2026-06-02
MERCADOLIBRE,2000013309397357,KLES0066,WALLY ONE O 1200,1,84992.0,2026-06-02
FALABELLA,2589608858,KLES0069,IR STONE BLANCO,1,84990.0,2024-09-30
FALABELLA,2592939241,KLES0069,IR STONE BLANCO,1,84990.0,2024-10-01
FALABELLA,2075407511,KLES0031,WALLY 1000 C,1,84990.0,2023-07-06
FALABELLA,2076196981,KLES0031,WALLY 1000 C,1,84990.0,2023-07-09
FALABELLA,2076557075,KLES0031,WALLY 1000 C,1,84990.0,2023-07-11
FALABELLA,2076695961,KLES0031,WALLY 1000 C,1,84990.0,2023-07-12
FALABELLA,2077056514,KLES0031,WALLY 1000 C,1,84990.0,2023-07-14
FALABELLA,2077129761,KLES0031,WALLY 1000 C,1,84990.0,2023-07-14
FALABELLA,2077681764,KLES0031,WALLY 1000 C,1,84990.0,2023-07-17
FALABELLA,2078004002,KLES0031,WALLY 1000 C,1,84990.0,2023-07-18
FALABELLA,2079316277,KLES0031,WALLY 1000 C,1,84990.0,2023-07-24
FALABELLA,2079963870,KLES0031,WALLY 1000 C,1,84990.0,2023-07-27
FALABELLA,2080521177,KLES0031,WALLY 1000 C,1,84990.0,2023-07-30
FALABELLA,2080586248,KLES0031,WALLY 1000 C,1,84990.0,2023-07-30
MERCADOLIBRE,2000004607644373,KLES0031,WALLY 1000 C,1,84990.0,2023-07-07
MERCADOLIBRE,2000004746778479,KLES0031,WALLY 1000 C,1,84990.0,2023-08-19
MERCADOLIBRE,2000006179103540,KLES0031,WALLY 1000 C,1,84990.0,2023-08-03
MERCADOLIBRE,2000006220704294,KLES0031,WALLY 1000 C,1,84990.0,2023-08-08
FALABELLA,2229504117,KLES0032,WALLY 1500 C,1,84990.0,2024-06-03
FALABELLA,2230955558,KLES0032,WALLY 1500 C,1,84990.0,2024-06-03
FALABELLA,2232927007,KLES0032,WALLY 1500 C,1,84990.0,2024-06-03
FALABELLA,2233460725,KLES0032,WALLY 1500 C,1,84990.0,2024-06-03
FALABELLA,2234264867,KLES0032,WALLY 1500 C,1,84990.0,2024-06-03
FALABELLA,2240277217,KLES0032,WALLY 1500 C,1,84990.0,2024-06-05
MERCADOLIBRE,2000005844248080,KLES0032,WALLY 1500 C,1,84990.0,2024-06-03
MERCADOLIBRE,2000005844362120,KLES0032,WALLY 1500 C,1,84990.0,2024-06-03
MERCADOLIBRE,2000005847315760,KLES0032,WALLY 1500 C,1,84990.0,2024-06-03
MERCADOLIBRE,2000005847840150,KLES0032,WALLY 1500 C,1,84990.0,2024-06-03
MERCADOLIBRE,2000005848669420,KLES0032,WALLY 1500 C,1,84990.0,2024-06-03
MERCADOLIBRE,2000008424556800,KLES0032,WALLY 1500 C,1,84990.0,2024-06-02
MERCADOLIBRE,2000008424816630,KLES0032,WALLY 1500 C,1,84990.0,2024-06-03
MERCADOLIBRE,2000008432793410,KLES0032,WALLY 1500 C,1,84990.0,2024-06-03
RIPLEY,23534194201,KLES0066,WALLY ONE O 1200,1,84990.0,2025-05-17
RIPLEY,23766047101,KLES0066,WALLY ONE O 1200,1,84990.0,2025-07-21
RIPLEY,23770064201,KLES0066,WALLY ONE O 1200,1,84990.0,2025-07-22
MERCADOLIBRE,2000009066538669,KLES0066,WALLY ONE O 1200,1,84990.0,2025-09-01
MERCADOLIBRE,2000009068043447,KLES0066,WALLY ONE O 1200,1,84990.0,2025-09-02
MERCADOLIBRE,2000009068043449,KLES0066,WALLY ONE O 1200,1,84990.0,2025-09-02
MERCADOLIBRE,2000009094536277,KLES0066,WALLY ONE O 1200,1,84990.0,2025-09-04
MERCADOLIBRE,2000009134616737,KLES0066,WALLY ONE O 1200,1,84990.0,2025-09-07
MERCADOLIBRE,2000009136183123,KLES0066,WALLY ONE O 1200,1,84990.0,2025-09-07
MERCADOLIBRE,2000012887267456,KLES0066,WALLY ONE O 1200,1,84990.0,2025-09-02
MERCADOLIBRE,2000012938715446,KLES0066,WALLY ONE O 1200,1,84990.0,2025-09-06
RIPLEY,23408050701,KLES0067,WALLY ONE O 1800,1,84990.0,2025-03-25
RIPLEY,23447370001,KLES0067,WALLY ONE O 1800,1,84990.0,2025-04-06
MERCADOLIBRE,2000005487806173,KLES0065,WALLY ONE O 600,1,84990.0,2024-03-06
MERCADOLIBRE,2000005487806177,KLES0065,WALLY ONE O 600,1,84990.0,2024-03-06
MERCADOLIBRE,2000007759838972,KLES0065,WALLY ONE O 600,1,84990.0,2024-03-07
MERCADOLIBRE,2000011031565482,KLES0066,WALLY ONE O 1200,1,84789.0,2025-03-15
MERCADOLIBRE,2000011033300310,KLES0066,WALLY ONE O 1200,1,84789.0,2025-03-15
MERCADOLIBRE,2000013334422877,KLES0067,WALLY ONE O 1800,1,84692.0,2026-06-03
MERCADOLIBRE,2000013335457963,KLES0067,WALLY ONE O 1800,1,84692.0,2026-06-03
MERCADOLIBRE,2000013336559825,KLES0067,WALLY ONE O 1800,1,84692.0,2026-06-03
MERCADOLIBRE,2000013337254215,KLES0067,WALLY ONE O 1800,1,84692.0,2026-06-03
MERCADOLIBRE,2000013343131353,KLES0067,WALLY ONE O 1800,1,84692.0,2026-06-04
MERCADOLIBRE,2000012835815913,KLES0065,WALLY ONE O 600,1,84591.0,2026-05-05
MERCADOLIBRE,2000012856854827,KLES0065,WALLY ONE O 600,1,84591.0,2026-05-07
MERCADOLIBRE,2000012861934749,KLES0065,WALLY ONE O 600,1,84591.0,2026-05-07
MERCADOLIBRE,2000012862355131,KLES0065,WALLY ONE O 600,1,84591.0,2026-05-07
MERCADOLIBRE,2000012862355133,KLES0065,WALLY ONE O 600,1,84591.0,2026-05-07
MERCADOLIBRE,2000012872890991,KLES0065,WALLY ONE O 600,1,84591.0,2026-05-07
MERCADOLIBRE,2000012898620001,KLES0065,WALLY ONE O 600,1,84591.0,2026-05-09
MERCADOLIBRE,2000012907291857,KLES0065,WALLY ONE O 600,1,84591.0,2026-05-10
MERCADOLIBRE,2000012916505787,KLES0065,WALLY ONE O 600,1,84591.0,2026-05-10
MERCADOLIBRE,2000012927732175,KLES0065,WALLY ONE O 600,1,84591.0,2026-05-11
MERCADOLIBRE,2000012927732177,KLES0065,WALLY ONE O 600,1,84591.0,2026-05-11
MERCADOLIBRE,2000012927732179,KLES0065,WALLY ONE O 600,1,84591.0,2026-05-11
MERCADOLIBRE,2000012927732181,KLES0065,WALLY ONE O 600,1,84591.0,2026-05-11
MERCADOLIBRE,2000012927732183,KLES0065,WALLY ONE O 600,1,84591.0,2026-05-11
MERCADOLIBRE,2000012927732185,KLES0065,WALLY ONE O 600,1,84591.0,2026-05-11
MERCADOLIBRE,2000012942999325,KLES0065,WALLY ONE O 600,1,84591.0,2026-05-12
MERCADOLIBRE,2000012947112705,KLES0065,WALLY ONE O 600,1,84591.0,2026-05-12
MERCADOLIBRE,2000012959933577,KLES0065,WALLY ONE O 600,1,84591.0,2026-05-13
MERCADOLIBRE,2000012962038425,KLES0065,WALLY ONE O 600,1,84591.0,2026-05-13
MERCADOLIBRE,2000012965840365,KLES0065,WALLY ONE O 600,1,84591.0,2026-05-13
MERCADOLIBRE,2000012968434933,KLES0065,WALLY ONE O 600,1,84591.0,2026-05-13
MERCADOLIBRE,2000012972041989,KLES0065,WALLY ONE O 600,1,84591.0,2026-05-13
MERCADOLIBRE,2000012974671225,KLES0065,WALLY ONE O 600,1,84591.0,2026-05-13
MERCADOLIBRE,2000012977088831,KLES0065,WALLY ONE O 600,1,84591.0,2026-05-14
MERCADOLIBRE,2000012987045885,KLES0065,WALLY ONE O 600,1,84591.0,2026-05-14
MERCADOLIBRE,2000012988301119,KLES0065,WALLY ONE O 600,1,84591.0,2026-05-14
MERCADOLIBRE,2000013010533733,KLES0065,WALLY ONE O 600,1,84591.0,2026-05-16
MERCADOLIBRE,2000013029344799,KLES0065,WALLY ONE O 600,1,84591.0,2026-05-17
MERCADOLIBRE,2000013040473383,KLES0065,WALLY ONE O 600,1,84591.0,2026-05-18
MERCADOLIBRE,2000013055991373,KLES0065,WALLY ONE O 600,1,84591.0,2026-05-19
MERCADOLIBRE,2000013058633697,KLES0065,WALLY ONE O 600,1,84591.0,2026-05-19
MERCADOLIBRE,2000013061356663,KLES0065,WALLY ONE O 600,1,84591.0,2026-05-19
MERCADOLIBRE,2000013061356665,KLES0065,WALLY ONE O 600,1,84591.0,2026-05-19
MERCADOLIBRE,2000013064930889,KLES0065,WALLY ONE O 600,1,84591.0,2026-05-19
MERCADOLIBRE,2000013090730667,KLES0065,WALLY ONE O 600,1,84591.0,2026-05-21
MERCADOLIBRE,2000013095476585,KLES0065,WALLY ONE O 600,1,84591.0,2026-05-21
MERCADOLIBRE,2000013096938019,KLES0065,WALLY ONE O 600,1,84591.0,2026-05-21
MERCADOLIBRE,2000013096938021,KLES0065,WALLY ONE O 600,1,84591.0,2026-05-21
MERCADOLIBRE,2000013098507789,KLES0065,WALLY ONE O 600,1,84591.0,2026-05-21
MERCADOLIBRE,2000013105718891,KLES0065,WALLY ONE O 600,1,84591.0,2026-05-21
MERCADOLIBRE,2000013106600585,KLES0065,WALLY ONE O 600,1,84591.0,2026-05-21
MERCADOLIBRE,2000013110860321,KLES0065,WALLY ONE O 600,1,84591.0,2026-05-22
MERCADOLIBRE,2000013114609129,KLES0065,WALLY ONE O 600,1,84591.0,2026-05-22
MERCADOLIBRE,2000013175954841,KLES0065,WALLY ONE O 600,1,84591.0,2026-05-26
MERCADOLIBRE,2000013175954843,KLES0065,WALLY ONE O 600,1,84591.0,2026-05-26
MERCADOLIBRE,2000013176879661,KLES0065,WALLY ONE O 600,1,84591.0,2026-05-26
MERCADOLIBRE,2000013185083597,KLES0065,WALLY ONE O 600,1,84591.0,2026-05-26
MERCADOLIBRE,2000013201580585,KLES0065,WALLY ONE O 600,1,84591.0,2026-05-27
MERCADOLIBRE,2000013204519593,KLES0065,WALLY ONE O 600,1,84591.0,2026-05-27
MERCADOLIBRE,2000013223453985,KLES0065,WALLY ONE O 600,1,84591.0,2026-05-28
MERCADOLIBRE,2000013242071497,KLES0065,WALLY ONE O 600,1,84591.0,2026-05-29
MERCADOLIBRE,2000013265782849,KLES0065,WALLY ONE O 600,1,84591.0,2026-05-31
MERCADOLIBRE,2000013265782851,KLES0065,WALLY ONE O 600,1,84591.0,2026-05-31
MERCADOLIBRE,2000013265782853,KLES0065,WALLY ONE O 600,1,84591.0,2026-05-31
MERCADOLIBRE,2000013265935685,KLES0065,WALLY ONE O 600,1,84591.0,2026-05-31
MERCADOLIBRE,2000013265935687,KLES0065,WALLY ONE O 600,1,84591.0,2026-05-31
MERCADOLIBRE,2000013492118145,KLES0065,WALLY ONE O 600,1,84591.0,2026-06-12
MERCADOLIBRE,2000013506015417,KLES0065,WALLY ONE O 600,1,84591.0,2026-06-13
MERCADOLIBRE,2000013516542021,KLES0065,WALLY ONE O 600,1,84591.0,2026-06-14
MERCADOLIBRE,2000013520118975,KLES0065,WALLY ONE O 600,1,84591.0,2026-06-14
MERCADOLIBRE,2000013520118977,KLES0065,WALLY ONE O 600,1,84591.0,2026-06-14
MERCADOLIBRE,2000013523652995,KLES0065,WALLY ONE O 600,1,84591.0,2026-06-14
MERCADOLIBRE,2000013525629587,KLES0065,WALLY ONE O 600,1,84591.0,2026-06-15
MERCADOLIBRE,2000013533602945,KLES0065,WALLY ONE O 600,1,84591.0,2026-06-15
MERCADOLIBRE,2000013564568615,KLES0065,WALLY ONE O 600,1,84591.0,2026-06-17
MERCADOLIBRE,2000013564568617,KLES0065,WALLY ONE O 600,1,84591.0,2026-06-17
MERCADOLIBRE,2000013579301197,KLES0065,WALLY ONE O 600,1,84591.0,2026-06-17
MERCADOLIBRE,2000013615580703,KLES0065,WALLY ONE O 600,1,84591.0,2026-06-20
MERCADOLIBRE,2000013616996281,KLES0065,WALLY ONE O 600,1,84591.0,2026-06-20
MERCADOLIBRE,2000013621193381,KLES0065,WALLY ONE O 600,1,84591.0,2026-06-20
MERCADOLIBRE,2000013648524669,KLES0065,WALLY ONE O 600,1,84591.0,2026-06-22
MERCADOLIBRE,2000013656287261,KLES0065,WALLY ONE O 600,1,84591.0,2026-06-22
MERCADOLIBRE,2000016310204922,KLES0065,WALLY ONE O 600,1,84591.0,2026-05-06
MERCADOLIBRE,2000016347244472,KLES0065,WALLY ONE O 600,1,84591.0,2026-05-09
MERCADOLIBRE,2000016361663034,KLES0065,WALLY ONE O 600,1,84591.0,2026-05-10
MERCADOLIBRE,2000016434099674,KLES0065,WALLY ONE O 600,1,84591.0,2026-05-14
MERCADOLIBRE,2000016540207700,KLES0065,WALLY ONE O 600,1,84591.0,2026-05-21
MERCADOLIBRE,2000016548694268,KLES0065,WALLY ONE O 600,1,84591.0,2026-05-21
MERCADOLIBRE,2000016629100160,KLES0065,WALLY ONE O 600,1,84591.0,2026-05-27
MERCADOLIBRE,2000016923028868,KLES0065,WALLY ONE O 600,1,84591.0,2026-06-13
MERCADOLIBRE,2000016947852014,KLES0065,WALLY ONE O 600,1,84591.0,2026-06-15
MERCADOLIBRE,2000016956864502,KLES0065,WALLY ONE O 600,1,84591.0,2026-06-15
MERCADOLIBRE,2000017031007750,KLES0065,WALLY ONE O 600,1,84591.0,2026-06-20
MERCADOLIBRE,2000015986460330,KLES0066,WALLY ONE O 1200,1,83989.0,2026-04-14
MERCADOLIBRE,2000015992604990,KLES0066,WALLY ONE O 1200,1,83989.0,2026-04-15
MERCADOLIBRE,2000007348907801,KLES0031,WALLY 1000 C,1,83262.0,2025-03-10
MERCADOLIBRE,2000011018906652,KLES0031,WALLY 1000 C,1,83262.0,2025-03-13
MERCADOLIBRE,2000012624939000,KLES0066,WALLY ONE O 1200,1,82951.0,2026-04-22
MERCADOLIBRE,2000012670799780,KLES0066,WALLY ONE O 1200,1,82951.0,2026-04-25
MERCADOLIBRE,2000016064701930,KLES0066,WALLY ONE O 1200,1,82951.0,2026-04-20
MERCADOLIBRE,2000016073964050,KLES0066,WALLY ONE O 1200,1,82951.0,2026-04-20
MERCADOLIBRE,2000016109460620,KLES0066,WALLY ONE O 1200,1,82951.0,2026-04-23
MERCADOLIBRE,2000016135040070,KLES0066,WALLY ONE O 1200,1,82951.0,2026-04-24
MERCADOLIBRE,2000016146900110,KLES0066,WALLY ONE O 1200,1,82951.0,2026-04-25
MERCADOLIBRE,2000016148055760,KLES0066,WALLY ONE O 1200,1,82951.0,2026-04-26
MERCADOLIBRE,2000016150020750,KLES0066,WALLY ONE O 1200,1,82951.0,2026-04-26
MERCADOLIBRE,2000016160272360,KLES0066,WALLY ONE O 1200,1,82951.0,2026-04-27
MERCADOLIBRE,2000016161323990,KLES0066,WALLY ONE O 1200,1,82951.0,2026-04-27
MERCADOLIBRE,2000016162565560,KLES0066,WALLY ONE O 1200,1,82951.0,2026-04-27
MERCADOLIBRE,2000016171920350,KLES0066,WALLY ONE O 1200,1,82951.0,2026-04-27
MERCADOLIBRE,2000007187211255,KLEF0092,MINI VENTILADOR JET,4,82840.0,2025-02-12
MERCADOLIBRE,2000007283970769,KLES0031,WALLY 1000 C,1,82493.0,2025-02-28
MERCADOLIBRE,2000007283970771,KLES0031,WALLY 1000 C,1,82493.0,2025-02-28
MERCADOLIBRE,2000007283970773,KLES0031,WALLY 1000 C,1,82493.0,2025-02-28
MERCADOLIBRE,2000007283970775,KLES0031,WALLY 1000 C,1,82493.0,2025-02-28
MERCADOLIBRE,2000007283970777,KLES0031,WALLY 1000 C,1,82493.0,2025-02-28
MERCADOLIBRE,2000007283994179,KLES0031,WALLY 1000 C,1,82493.0,2025-02-28
MERCADOLIBRE,2000007283994181,KLES0031,WALLY 1000 C,1,82493.0,2025-02-28
MERCADOLIBRE,2000007283994183,KLES0031,WALLY 1000 C,1,82493.0,2025-02-28
MERCADOLIBRE,2000007283994185,KLES0031,WALLY 1000 C,1,82493.0,2025-02-28
MERCADOLIBRE,2000007283994187,KLES0031,WALLY 1000 C,1,82493.0,2025-02-28
MERCADOLIBRE,2000008405339997,KLES0065,WALLY ONE O 600,1,81991.0,2025-07-05
MERCADOLIBRE,2000008405339999,KLES0065,WALLY ONE O 600,1,81991.0,2025-07-05
MERCADOLIBRE,2000008447240189,KLES0065,WALLY ONE O 600,1,81991.0,2025-07-09
MERCADOLIBRE,2000008447240191,KLES0065,WALLY ONE O 600,1,81991.0,2025-07-09
MERCADOLIBRE,2000007422883827,KLES0066,WALLY ONE O 1200,1,81990.0,2025-03-20
MERCADOLIBRE,2000007422883829,KLES0066,WALLY ONE O 1200,1,81990.0,2025-03-20
MERCADOLIBRE,2000011110756340,KLES0066,WALLY ONE O 1200,1,81990.0,2025-03-24
MERCADOLIBRE,2000007518682185,KLES0069,IR STONE BLANCO,1,80393.0,2025-04-02
MERCADOLIBRE,2000007888550237,KLES0065,WALLY ONE O 600,1,80091.0,2025-05-15
MERCADOLIBRE,2000007891646783,KLES0065,WALLY ONE O 600,1,80091.0,2025-05-15
MERCADOLIBRE,2000007903341909,KLES0065,WALLY ONE O 600,1,80091.0,2025-05-17
MERCADOLIBRE,2000007912920595,KLES0065,WALLY ONE O 600,1,80091.0,2025-05-18
MERCADOLIBRE,2000007912920597,KLES0065,WALLY ONE O 600,1,80091.0,2025-05-18
MERCADOLIBRE,2000007928407325,KLES0065,WALLY ONE O 600,1,80091.0,2025-05-20
MERCADOLIBRE,2000007928407329,KLES0065,WALLY ONE O 600,1,80091.0,2025-05-20
MERCADOLIBRE,2000007930841395,KLES0065,WALLY ONE O 600,1,80091.0,2025-05-20
MERCADOLIBRE,2000007970945367,KLES0065,WALLY ONE O 600,1,80091.0,2025-05-24
MERCADOLIBRE,2000007990114325,KLES0065,WALLY ONE O 600,1,80091.0,2025-05-26
MERCADOLIBRE,2000007990114327,KLES0065,WALLY ONE O 600,1,80091.0,2025-05-26
MERCADOLIBRE,2000007990791267,KLES0065,WALLY ONE O 600,1,80091.0,2025-05-26
MERCADOLIBRE,2000008008613931,KLES0065,WALLY ONE O 600,1,80091.0,2025-05-28
MERCADOLIBRE,2000008013178497,KLES0065,WALLY ONE O 600,1,80091.0,2025-05-28
MERCADOLIBRE,2000008040623393,KLES0065,WALLY ONE O 600,1,80091.0,2025-05-31
MERCADOLIBRE,2000008040623395,KLES0065,WALLY ONE O 600,1,80091.0,2025-05-31
MERCADOLIBRE,2000008175174369,KLES0065,WALLY ONE O 600,1,80091.0,2025-06-12
MERCADOLIBRE,2000008195400311,KLES0065,WALLY ONE O 600,1,80091.0,2025-06-14
MERCADOLIBRE,2000008195400313,KLES0065,WALLY ONE O 600,1,80091.0,2025-06-14
MERCADOLIBRE,2000008195400315,KLES0065,WALLY ONE O 600,1,80091.0,2025-06-14
MERCADOLIBRE,2000008195416153,KLES0065,WALLY ONE O 600,1,80091.0,2025-06-14
MERCADOLIBRE,2000008195530457,KLES0065,WALLY ONE O 600,1,80091.0,2025-06-15
MERCADOLIBRE,2000008195530459,KLES0065,WALLY ONE O 600,1,80091.0,2025-06-15
MERCADOLIBRE,2000008195530461,KLES0065,WALLY ONE O 600,1,80091.0,2025-06-15
MERCADOLIBRE,2000008218499011,KLES0065,WALLY ONE O 600,1,80091.0,2025-06-17
MERCADOLIBRE,2000008218499013,KLES0065,WALLY ONE O 600,1,80091.0,2025-06-17
MERCADOLIBRE,2000008219351711,KLES0065,WALLY ONE O 600,1,80091.0,2025-06-17
MERCADOLIBRE,2000008219404145,KLES0065,WALLY ONE O 600,1,80091.0,2025-06-17
MERCADOLIBRE,2000008225463169,KLES0065,WALLY ONE O 600,1,80091.0,2025-06-17
MERCADOLIBRE,2000008233495185,KLES0065,WALLY ONE O 600,1,80091.0,2025-06-18
MERCADOLIBRE,2000008250221561,KLES0065,WALLY ONE O 600,1,80091.0,2025-06-20
MERCADOLIBRE,2000008272956181,KLES0065,WALLY ONE O 600,1,80091.0,2025-06-23
MERCADOLIBRE,2000008273504891,KLES0065,WALLY ONE O 600,1,80091.0,2025-06-23
MERCADOLIBRE,2000008273504893,KLES0065,WALLY ONE O 600,1,80091.0,2025-06-23
MERCADOLIBRE,2000008273504895,KLES0065,WALLY ONE O 600,1,80091.0,2025-06-23
MERCADOLIBRE,2000011614234466,KLES0065,WALLY ONE O 600,1,80091.0,2025-05-14
MERCADOLIBRE,2000011667775788,KLES0065,WALLY ONE O 600,1,80091.0,2025-05-20
MERCADOLIBRE,2000011696606790,KLES0065,WALLY ONE O 600,1,80091.0,2025-05-22
MERCADOLIBRE,2000011738281110,KLES0065,WALLY ONE O 600,1,80091.0,2025-05-27
MERCADOLIBRE,2000011791076410,KLES0065,WALLY ONE O 600,1,80091.0,2025-05-31
MERCADOLIBRE,2000011991084426,KLES0065,WALLY ONE O 600,1,80091.0,2025-06-17
MERCADOLIBRE,2000012015990974,KLES0065,WALLY ONE O 600,1,80091.0,2025-06-20
MERCADOLIBRE,2000016820054084,KLES0073,IR STONE AZUL,1,79995.0,2026-06-07
MERCADOLIBRE,2000008487824969,KLES0065,WALLY ONE O 600,1,79992.0,2025-07-13
MERCADOLIBRE,2000008645220537,KLES0065,WALLY ONE O 600,1,79992.0,2025-07-27
MERCADOLIBRE,2000008660742329,KLES0065,WALLY ONE O 600,1,79992.0,2025-07-29
MERCADOLIBRE,2000008700305965,KLES0065,WALLY ONE O 600,1,79992.0,2025-08-01
MERCADOLIBRE,2000012447850698,KLES0065,WALLY ONE O 600,1,79992.0,2025-07-28
MERCADOLIBRE,2000012503156264,KLES0065,WALLY ONE O 600,1,79992.0,2025-08-01
RIPLEY,24124039401,KLAP0047,FILTRO PISCINA ESTRUCTURAL AVENLI 290729EU,1,79990.0,2025-11-15
MERCADOLIBRE,2000011547109276,KLES0073,IR STONE AZUL,1,79990.0,2025-05-08
FALABELLA,2599132951,KLES0070,PTC LIFE 2,1,79990.0,2024-10-03
MERCADOLIBRE,2000004552152727,KLES0070,PTC LIFE 2,1,79990.0,2023-06-18
MERCADOLIBRE,2000005817795100,KLES0070,PTC LIFE 2,1,79990.0,2023-06-09
MERCADOLIBRE,2000005830022222,KLES0070,PTC LIFE 2,1,79990.0,2023-06-11
MERCADOLIBRE,2000005838150380,KLES0070,PTC LIFE 2,1,79990.0,2023-06-12
MERCADOLIBRE,2000005847737362,KLES0070,PTC LIFE 2,1,79990.0,2023-06-13
MERCADOLIBRE,2000005851883746,KLES0070,PTC LIFE 2,1,79990.0,2023-06-14
MERCADOLIBRE,2000005857152494,KLES0070,PTC LIFE 2,1,79990.0,2023-06-15
FALABELLA,2207137082,KLES0071,SKY BLACK,1,79990.0,2024-05-12
FALABELLA,2210844221,KLES0071,SKY BLACK,1,79990.0,2024-05-17
FALABELLA,2065898599,KLES0031,WALLY 1000 C,1,79990.0,2023-05-28
FALABELLA,2066088258,KLES0031,WALLY 1000 C,1,79990.0,2023-05-29
FALABELLA,2066130030,KLES0031,WALLY 1000 C,1,79990.0,2023-05-29
FALABELLA,2066293815,KLES0031,WALLY 1000 C,1,79990.0,2023-05-29
FALABELLA,2066306224,KLES0031,WALLY 1000 C,1,79990.0,2023-05-29
FALABELLA,2066472609,KLES0031,WALLY 1000 C,1,79990.0,2023-05-29
FALABELLA,2066744781,KLES0031,WALLY 1000 C,1,79990.0,2023-05-29
FALABELLA,2066892661,KLES0031,WALLY 1000 C,1,79990.0,2023-05-30
FALABELLA,2066896159,KLES0031,WALLY 1000 C,1,79990.0,2023-05-30
FALABELLA,2067002717,KLES0031,WALLY 1000 C,1,79990.0,2023-05-30
FALABELLA,2067003267,KLES0031,WALLY 1000 C,1,79990.0,2023-05-30
FALABELLA,2067058523,KLES0031,WALLY 1000 C,1,79990.0,2023-05-30
FALABELLA,2067145579,KLES0031,WALLY 1000 C,1,79990.0,2023-05-30
FALABELLA,2194756423,KLES0031,WALLY 1000 C,1,79990.0,2024-04-16
FALABELLA,2195014881,KLES0031,WALLY 1000 C,1,79990.0,2024-04-17
FALABELLA,2195882547,KLES0031,WALLY 1000 C,1,79990.0,2024-04-19
FALABELLA,2195953220,KLES0031,WALLY 1000 C,1,79990.0,2024-04-19
FALABELLA,2208606898,KLES0031,WALLY 1000 C,1,79990.0,2024-05-14
FALABELLA,2209024360,KLES0031,WALLY 1000 C,1,79990.0,2024-05-15
FALABELLA,2588646298,KLES0031,WALLY 1000 C,1,79990.0,2024-09-30
MERCADOLIBRE,2000004498514729,KLES0031,WALLY 1000 C,1,79990.0,2023-05-31
MERCADOLIBRE,2000004498717975,KLES0031,WALLY 1000 C,1,79990.0,2023-05-31
MERCADOLIBRE,2000004690748069,KLES0031,WALLY 1000 C,1,79990.0,2023-08-02
MERCADOLIBRE,2000004690748071,KLES0031,WALLY 1000 C,1,79990.0,2023-08-02
MERCADOLIBRE,2000004690748073,KLES0031,WALLY 1000 C,1,79990.0,2023-08-02
MERCADOLIBRE,2000004690748075,KLES0031,WALLY 1000 C,1,79990.0,2023-08-02
MERCADOLIBRE,2000004690748077,KLES0031,WALLY 1000 C,1,79990.0,2023-08-02
MERCADOLIBRE,2000004690748079,KLES0031,WALLY 1000 C,1,79990.0,2023-08-02
MERCADOLIBRE,2000004690748081,KLES0031,WALLY 1000 C,1,79990.0,2023-08-02
MERCADOLIBRE,2000005644272647,KLES0031,WALLY 1000 C,1,79990.0,2024-04-15
MERCADOLIBRE,2000005673692759,KLES0031,WALLY 1000 C,1,79990.0,2024-04-23
MERCADOLIBRE,2000005673808373,KLES0031,WALLY 1000 C,1,79990.0,2024-04-23
MERCADOLIBRE,2000005673808375,KLES0031,WALLY 1000 C,1,79990.0,2024-04-23
MERCADOLIBRE,2000005728775710,KLES0031,WALLY 1000 C,1,79990.0,2024-05-07
MERCADOLIBRE,2000005732384200,KLES0031,WALLY 1000 C,1,79990.0,2024-05-07
MERCADOLIBRE,2000005732384210,KLES0031,WALLY 1000 C,1,79990.0,2024-05-07
MERCADOLIBRE,2000005759297766,KLES0031,WALLY 1000 C,1,79990.0,2023-05-31
MERCADOLIBRE,2000005761103000,KLES0031,WALLY 1000 C,1,79990.0,2024-05-14
MERCADOLIBRE,2000005763449800,KLES0031,WALLY 1000 C,1,79990.0,2024-05-15
MERCADOLIBRE,2000008105325794,KLES0031,WALLY 1000 C,1,79990.0,2024-04-23
MERCADOLIBRE,2000008106384454,KLES0031,WALLY 1000 C,1,79990.0,2024-04-23
MERCADOLIBRE,2000008204898150,KLES0031,WALLY 1000 C,1,79990.0,2024-05-06
MERCADOLIBRE,2000008211353920,KLES0031,WALLY 1000 C,1,79990.0,2024-05-07
MERCADOLIBRE,2000008212999890,KLES0031,WALLY 1000 C,1,79990.0,2024-05-07
MERCADOLIBRE,2000008213481000,KLES0031,WALLY 1000 C,1,79990.0,2024-05-07
MERCADOLIBRE,2000008214035380,KLES0031,WALLY 1000 C,1,79990.0,2024-05-07
MERCADOLIBRE,2000008215057850,KLES0031,WALLY 1000 C,1,79990.0,2024-05-07
MERCADOLIBRE,2000008216401440,KLES0031,WALLY 1000 C,1,79990.0,2024-05-07
MERCADOLIBRE,2000008218386100,KLES0031,WALLY 1000 C,1,79990.0,2024-05-08
MERCADOLIBRE,2000008268375870,KLES0031,WALLY 1000 C,1,79990.0,2024-05-14
MERCADOLIBRE,2000008268626170,KLES0031,WALLY 1000 C,1,79990.0,2024-05-14
MERCADOLIBRE,2000008269638790,KLES0031,WALLY 1000 C,1,79990.0,2024-05-14
MERCADOLIBRE,2000008270346930,KLES0031,WALLY 1000 C,1,79990.0,2024-05-14
MERCADOLIBRE,2000008270669840,KLES0031,WALLY 1000 C,1,79990.0,2024-05-14
MERCADOLIBRE,2000008273438660,KLES0031,WALLY 1000 C,1,79990.0,2024-05-15
MERCADOLIBRE,2000008275251260,KLES0031,WALLY 1000 C,1,79990.0,2024-05-15
MERCADOLIBRE,2000008275369490,KLES0031,WALLY 1000 C,1,79990.0,2024-05-15
MERCADOLIBRE,2000008277171610,KLES0031,WALLY 1000 C,1,79990.0,2024-05-15
MERCADOLIBRE,2000005617702149,KLES0066,WALLY ONE O 1200,1,79990.0,2024-04-09
MERCADOLIBRE,2000005619051329,KLES0066,WALLY ONE O 1200,1,79990.0,2024-04-09
MERCADOLIBRE,2000005624433599,KLES0066,WALLY ONE O 1200,1,79990.0,2024-04-10
MERCADOLIBRE,2000005624433601,KLES0066,WALLY ONE O 1200,1,79990.0,2024-04-10
MERCADOLIBRE,2000005625950681,KLES0066,WALLY ONE O 1200,1,79990.0,2024-04-11
MERCADOLIBRE,2000005633877109,KLES0066,WALLY ONE O 1200,1,79990.0,2024-04-13
MERCADOLIBRE,2000005633877111,KLES0066,WALLY ONE O 1200,1,79990.0,2024-04-13
MERCADOLIBRE,2000005636673859,KLES0066,WALLY ONE O 1200,1,79990.0,2024-04-13
MERCADOLIBRE,2000005642336215,KLES0066,WALLY ONE O 1200,1,79990.0,2024-04-15
MERCADOLIBRE,2000005642336217,KLES0066,WALLY ONE O 1200,1,79990.0,2024-04-15
MERCADOLIBRE,2000005642469381,KLES0066,WALLY ONE O 1200,1,79990.0,2024-04-15
MERCADOLIBRE,2000005642469383,KLES0066,WALLY ONE O 1200,1,79990.0,2024-04-15
MERCADOLIBRE,2000005644763525,KLES0066,WALLY ONE O 1200,1,79990.0,2024-04-15
MERCADOLIBRE,2000005646594989,KLES0066,WALLY ONE O 1200,1,79990.0,2024-04-16
MERCADOLIBRE,2000005666923791,KLES0066,WALLY ONE O 1200,1,79990.0,2024-04-21
MERCADOLIBRE,2000005667619269,KLES0066,WALLY ONE O 1200,1,79990.0,2024-04-21
MERCADOLIBRE,2000005668647655,KLES0066,WALLY ONE O 1200,1,79990.0,2024-04-22
MERCADOLIBRE,2000005670703549,KLES0066,WALLY ONE O 1200,1,79990.0,2024-04-22
MERCADOLIBRE,2000005673545423,KLES0066,WALLY ONE O 1200,1,79990.0,2024-04-23
MERCADOLIBRE,2000005675304263,KLES0066,WALLY ONE O 1200,1,79990.0,2024-04-23
MERCADOLIBRE,2000005676658571,KLES0066,WALLY ONE O 1200,1,79990.0,2024-04-23
MERCADOLIBRE,2000005676658573,KLES0066,WALLY ONE O 1200,1,79990.0,2024-04-23
MERCADOLIBRE,2000005676658575,KLES0066,WALLY ONE O 1200,1,79990.0,2024-04-23
MERCADOLIBRE,2000005676658577,KLES0066,WALLY ONE O 1200,1,79990.0,2024-04-23
MERCADOLIBRE,2000005676658579,KLES0066,WALLY ONE O 1200,1,79990.0,2024-04-23
MERCADOLIBRE,2000005678029253,KLES0066,WALLY ONE O 1200,1,79990.0,2024-04-24
MERCADOLIBRE,2000005682647001,KLES0066,WALLY ONE O 1200,1,79990.0,2024-04-25
MERCADOLIBRE,2000005682647003,KLES0066,WALLY ONE O 1200,1,79990.0,2024-04-25
MERCADOLIBRE,2000005682647005,KLES0066,WALLY ONE O 1200,1,79990.0,2024-04-25
MERCADOLIBRE,2000005682647007,KLES0066,WALLY ONE O 1200,1,79990.0,2024-04-25
MERCADOLIBRE,2000005684418329,KLES0066,WALLY ONE O 1200,1,79990.0,2024-04-25
MERCADOLIBRE,2000005844319300,KLES0066,WALLY ONE O 1200,1,79990.0,2024-06-03
MERCADOLIBRE,2000005844356680,KLES0066,WALLY ONE O 1200,1,79990.0,2024-06-03
MERCADOLIBRE,2000005844648160,KLES0066,WALLY ONE O 1200,1,79990.0,2024-06-03
MERCADOLIBRE,2000005848193030,KLES0066,WALLY ONE O 1200,1,79990.0,2024-06-03
MERCADOLIBRE,2000005853956230,KLES0066,WALLY ONE O 1200,1,79990.0,2024-06-04
MERCADOLIBRE,2000005854360460,KLES0066,WALLY ONE O 1200,1,79990.0,2024-06-04
MERCADOLIBRE,2000005854360470,KLES0066,WALLY ONE O 1200,1,79990.0,2024-06-04
MERCADOLIBRE,2000005859586210,KLES0066,WALLY ONE O 1200,1,79990.0,2024-06-05
MERCADOLIBRE,2000005865832590,KLES0066,WALLY ONE O 1200,1,79990.0,2024-06-07
MERCADOLIBRE,2000005865984300,KLES0066,WALLY ONE O 1200,1,79990.0,2024-06-07
MERCADOLIBRE,2000007714046034,KLES0066,WALLY ONE O 1200,1,79990.0,2024-02-29
MERCADOLIBRE,2000008005881586,KLES0066,WALLY ONE O 1200,1,79990.0,2024-04-09
MERCADOLIBRE,2000008009080520,KLES0066,WALLY ONE O 1200,1,79990.0,2024-04-10
MERCADOLIBRE,2000008019237302,KLES0066,WALLY ONE O 1200,1,79990.0,2024-04-11
MERCADOLIBRE,2000008030140208,KLES0066,WALLY ONE O 1200,1,79990.0,2024-04-12
MERCADOLIBRE,2000008032650912,KLES0066,WALLY ONE O 1200,1,79990.0,2024-04-13
MERCADOLIBRE,2000008033159474,KLES0066,WALLY ONE O 1200,1,79990.0,2024-04-13
MERCADOLIBRE,2000008033579524,KLES0066,WALLY ONE O 1200,1,79990.0,2024-04-13
MERCADOLIBRE,2000008034320170,KLES0066,WALLY ONE O 1200,1,79990.0,2024-04-13
MERCADOLIBRE,2000008037355836,KLES0066,WALLY ONE O 1200,1,79990.0,2024-04-13
MERCADOLIBRE,2000008042055478,KLES0066,WALLY ONE O 1200,1,79990.0,2024-04-14
MERCADOLIBRE,2000008044857704,KLES0066,WALLY ONE O 1200,1,79990.0,2024-04-15
MERCADOLIBRE,2000008049185838,KLES0066,WALLY ONE O 1200,1,79990.0,2024-04-15
MERCADOLIBRE,2000008051730218,KLES0066,WALLY ONE O 1200,1,79990.0,2024-04-15
MERCADOLIBRE,2000008055806686,KLES0066,WALLY ONE O 1200,1,79990.0,2024-04-16
MERCADOLIBRE,2000008061721576,KLES0066,WALLY ONE O 1200,1,79990.0,2024-04-16
MERCADOLIBRE,2000008087673852,KLES0066,WALLY ONE O 1200,1,79990.0,2024-04-20
MERCADOLIBRE,2000008090681156,KLES0066,WALLY ONE O 1200,1,79990.0,2024-04-20
MERCADOLIBRE,2000008094399586,KLES0066,WALLY ONE O 1200,1,79990.0,2024-04-21
MERCADOLIBRE,2000008096017406,KLES0066,WALLY ONE O 1200,1,79990.0,2024-04-21
MERCADOLIBRE,2000008096331812,KLES0066,WALLY ONE O 1200,1,79990.0,2024-04-21
MERCADOLIBRE,2000008098608486,KLES0066,WALLY ONE O 1200,1,79990.0,2024-04-22
MERCADOLIBRE,2000008111911258,KLES0066,WALLY ONE O 1200,1,79990.0,2024-04-23
MERCADOLIBRE,2000008119547598,KLES0066,WALLY ONE O 1200,1,79990.0,2024-04-24
MERCADOLIBRE,2000008120656120,KLES0066,WALLY ONE O 1200,1,79990.0,2024-04-24
MERCADOLIBRE,2000008120979924,KLES0066,WALLY ONE O 1200,1,79990.0,2024-04-24
MERCADOLIBRE,2000008125142592,KLES0066,WALLY ONE O 1200,1,79990.0,2024-04-25
MERCADOLIBRE,2000008127816002,KLES0066,WALLY ONE O 1200,1,79990.0,2024-04-25
MERCADOLIBRE,2000008129176768,KLES0066,WALLY ONE O 1200,1,79990.0,2024-04-26
MERCADOLIBRE,2000008427631600,KLES0066,WALLY ONE O 1200,1,79990.0,2024-06-03
MERCADOLIBRE,2000008431027040,KLES0066,WALLY ONE O 1200,1,79990.0,2024-06-03
MERCADOLIBRE,2000008440410030,KLES0066,WALLY ONE O 1200,1,79990.0,2024-06-04
MERCADOLIBRE,2000008443767470,KLES0066,WALLY ONE O 1200,1,79990.0,2024-06-04
MERCADOLIBRE,2000008449148260,KLES0066,WALLY ONE O 1200,1,79990.0,2024-06-05
MERCADOLIBRE,2000008450753480,KLES0066,WALLY ONE O 1200,1,79990.0,2024-06-05
MERCADOLIBRE,2000008456761370,KLES0066,WALLY ONE O 1200,1,79990.0,2024-06-06
MERCADOLIBRE,2000008457525590,KLES0066,WALLY ONE O 1200,1,79990.0,2024-06-06
MERCADOLIBRE,2000008460707630,KLES0066,WALLY ONE O 1200,1,79990.0,2024-06-06
MERCADOLIBRE,2000008464215920,KLES0066,WALLY ONE O 1200,1,79990.0,2024-06-07
FALABELLA,2068834705,KLES0067,WALLY ONE O 1800,1,79990.0,2023-06-02
FALABELLA,2068862356,KLES0067,WALLY ONE O 1800,1,79990.0,2023-06-02
FALABELLA,2068882827,KLES0067,WALLY ONE O 1800,1,79990.0,2023-06-02
FALABELLA,2068917359,KLES0067,WALLY ONE O 1800,1,79990.0,2023-06-02
FALABELLA,2068976019,KLES0067,WALLY ONE O 1800,1,79990.0,2023-06-03
FALABELLA,2072914947,KLES0067,WALLY ONE O 1800,1,79990.0,2023-06-25
FALABELLA,2072944050,KLES0067,WALLY ONE O 1800,1,79990.0,2023-06-25
FALABELLA,2072946489,KLES0067,WALLY ONE O 1800,1,79990.0,2023-06-25
FALABELLA,2073125225,KLES0067,WALLY ONE O 1800,1,79990.0,2023-06-26
FALABELLA,2226679571,KLES0067,WALLY ONE O 1800,1,79990.0,2024-06-02
FALABELLA,2226758889,KLES0067,WALLY ONE O 1800,1,79990.0,2024-06-02
FALABELLA,2230035959,KLES0067,WALLY ONE O 1800,1,79990.0,2024-06-03
FALABELLA,2230343204,KLES0067,WALLY ONE O 1800,1,79990.0,2024-06-03
FALABELLA,2230435486,KLES0067,WALLY ONE O 1800,1,79990.0,2024-06-03
FALABELLA,2233995443,KLES0067,WALLY ONE O 1800,1,79990.0,2024-06-03
FALABELLA,2234297097,KLES0067,WALLY ONE O 1800,1,79990.0,2024-06-03
FALABELLA,2236121151,KLES0067,WALLY ONE O 1800,1,79990.0,2024-06-04
FALABELLA,2240198926,KLES0067,WALLY ONE O 1800,1,79990.0,2024-06-05
FALABELLA,2240911640,KLES0067,WALLY ONE O 1800,1,79990.0,2024-06-05
FALABELLA,2241690156,KLES0067,WALLY ONE O 1800,1,79990.0,2024-06-05
FALABELLA,2241855589,KLES0067,WALLY ONE O 1800,1,79990.0,2024-06-05
FALABELLA,2242749113,KLES0067,WALLY ONE O 1800,1,79990.0,2024-06-05
RIPLEY,23597711801,KLES0067,WALLY ONE O 1800,1,79990.0,2025-06-02
RIPLEY,23609659401,KLES0067,WALLY ONE O 1800,1,79990.0,2025-06-02
RIPLEY,23633071001,KLES0067,WALLY ONE O 1800,1,79990.0,2025-06-03
RIPLEY,23655926201,KLES0067,WALLY ONE O 1800,1,79990.0,2025-06-04
RIPLEY,23673326201,KLES0067,WALLY ONE O 1800,1,79990.0,2025-06-06
MERCADOLIBRE,2000004382552001,KLES0067,WALLY ONE O 1800,1,79990.0,2023-04-20
MERCADOLIBRE,2000004396140939,KLES0067,WALLY ONE O 1800,1,79990.0,2023-04-25
MERCADOLIBRE,2000004396140941,KLES0067,WALLY ONE O 1800,1,79990.0,2023-04-25
MERCADOLIBRE,2000004396857645,KLES0067,WALLY ONE O 1800,1,79990.0,2023-04-26
MERCADOLIBRE,2000004396857647,KLES0067,WALLY ONE O 1800,1,79990.0,2023-04-26
MERCADOLIBRE,2000004408047995,KLES0067,WALLY ONE O 1800,1,79990.0,2023-04-30
MERCADOLIBRE,2000004408047997,KLES0067,WALLY ONE O 1800,1,79990.0,2023-04-30
MERCADOLIBRE,2000004471189837,KLES0067,WALLY ONE O 1800,1,79990.0,2023-05-22
MERCADOLIBRE,2000004472505643,KLES0067,WALLY ONE O 1800,1,79990.0,2023-05-23
MERCADOLIBRE,2000004473254481,KLES0067,WALLY ONE O 1800,1,79990.0,2023-05-23
MERCADOLIBRE,2000004477259975,KLES0067,WALLY ONE O 1800,1,79990.0,2023-05-24
MERCADOLIBRE,2000004477259977,KLES0067,WALLY ONE O 1800,1,79990.0,2023-05-24
MERCADOLIBRE,2000004481621115,KLES0067,WALLY ONE O 1800,1,79990.0,2023-05-26
MERCADOLIBRE,2000004481621117,KLES0067,WALLY ONE O 1800,1,79990.0,2023-05-26
MERCADOLIBRE,2000005501173726,KLES0067,WALLY ONE O 1800,1,79990.0,2023-04-20
MERCADOLIBRE,2000005502401592,KLES0067,WALLY ONE O 1800,1,79990.0,2023-04-20
MERCADOLIBRE,2000005505336028,KLES0067,WALLY ONE O 1800,1,79990.0,2023-04-20
MERCADOLIBRE,2000005520221180,KLES0067,WALLY ONE O 1800,1,79990.0,2023-04-23
MERCADOLIBRE,2000005557559754,KLES0067,WALLY ONE O 1800,1,79990.0,2023-05-01
MERCADOLIBRE,2000005560965390,KLES0067,WALLY ONE O 1800,1,79990.0,2023-04-30
MERCADOLIBRE,2000005698804524,KLES0067,WALLY ONE O 1800,1,79990.0,2023-05-22
MERCADOLIBRE,2000005703578986,KLES0067,WALLY ONE O 1800,1,79990.0,2023-05-23
MERCADOLIBRE,2000005709422204,KLES0067,WALLY ONE O 1800,1,79990.0,2023-05-23
MERCADOLIBRE,2000005711987528,KLES0067,WALLY ONE O 1800,1,79990.0,2023-05-24
MERCADOLIBRE,2000005715779732,KLES0067,WALLY ONE O 1800,1,79990.0,2023-05-24
MERCADOLIBRE,2000005720935664,KLES0067,WALLY ONE O 1800,1,79990.0,2023-05-25
MERCADOLIBRE,2000005726100674,KLES0067,WALLY ONE O 1800,1,79990.0,2023-05-26
MERCADOLIBRE,2000005727336996,KLES0067,WALLY ONE O 1800,1,79990.0,2023-05-26
MERCADOLIBRE,2000005729041978,KLES0067,WALLY ONE O 1800,1,79990.0,2023-05-27
MERCADOLIBRE,2000005729316624,KLES0067,WALLY ONE O 1800,1,79990.0,2023-05-27
MERCADOLIBRE,2000005730869506,KLES0067,WALLY ONE O 1800,1,79990.0,2023-05-27
FALABELLA,2069921470,KLES0065,WALLY ONE O 600,1,79990.0,2023-06-08
FALABELLA,2070687616,KLES0065,WALLY ONE O 600,1,79990.0,2023-06-12
FALABELLA,2070787882,KLES0065,WALLY ONE O 600,1,79990.0,2023-06-13
FALABELLA,2070857621,KLES0065,WALLY ONE O 600,1,79990.0,2023-06-13
FALABELLA,2070908351,KLES0065,WALLY ONE O 600,1,79990.0,2023-06-13
FALABELLA,2070919735,KLES0065,WALLY ONE O 600,1,79990.0,2023-06-13
RIPLEY,23508620201,KLES0065,WALLY ONE O 600,1,79990.0,2025-05-06
RIPLEY,23510210901,KLES0065,WALLY ONE O 600,1,79990.0,2025-05-07
RIPLEY,23698937701,KLES0065,WALLY ONE O 600,1,79990.0,2025-06-17
MERCADOLIBRE,2000004523784549,KLES0065,WALLY ONE O 600,1,79990.0,2023-06-08
MERCADOLIBRE,2000004525603879,KLES0065,WALLY ONE O 600,1,79990.0,2023-06-08
MERCADOLIBRE,2000004532328173,KLES0065,WALLY ONE O 600,1,79990.0,2023-06-11
MERCADOLIBRE,2000004533716801,KLES0065,WALLY ONE O 600,1,79990.0,2023-06-12
MERCADOLIBRE,2000004533716803,KLES0065,WALLY ONE O 600,1,79990.0,2023-06-12
MERCADOLIBRE,2000004535738069,KLES0065,WALLY ONE O 600,1,79990.0,2023-06-12
MERCADOLIBRE,2000004535738071,KLES0065,WALLY ONE O 600,1,79990.0,2023-06-12
MERCADOLIBRE,2000004537684827,KLES0065,WALLY ONE O 600,1,79990.0,2023-06-13
MERCADOLIBRE,2000004537684829,KLES0065,WALLY ONE O 600,1,79990.0,2023-06-13
MERCADOLIBRE,2000004538966267,KLES0065,WALLY ONE O 600,1,79990.0,2023-06-13
MERCADOLIBRE,2000004538966269,KLES0065,WALLY ONE O 600,1,79990.0,2023-06-13
MERCADOLIBRE,2000004539484835,KLES0065,WALLY ONE O 600,1,79990.0,2023-06-13
MERCADOLIBRE,2000004543197145,KLES0065,WALLY ONE O 600,1,79990.0,2023-06-14
MERCADOLIBRE,2000004545041455,KLES0065,WALLY ONE O 600,1,79990.0,2023-06-15
MERCADOLIBRE,2000004545041457,KLES0065,WALLY ONE O 600,1,79990.0,2023-06-15
MERCADOLIBRE,2000004549454393,KLES0065,WALLY ONE O 600,1,79990.0,2023-06-16
MERCADOLIBRE,2000004549454395,KLES0065,WALLY ONE O 600,1,79990.0,2023-06-16
MERCADOLIBRE,2000004549454397,KLES0065,WALLY ONE O 600,1,79990.0,2023-06-16
MERCADOLIBRE,2000004553832473,KLES0065,WALLY ONE O 600,1,79990.0,2023-06-18
MERCADOLIBRE,2000005817697646,KLES0065,WALLY ONE O 600,1,79990.0,2023-06-09
MERCADOLIBRE,2000005826586798,KLES0065,WALLY ONE O 600,1,79990.0,2023-06-10
MERCADOLIBRE,2000005828264746,KLES0065,WALLY ONE O 600,1,79990.0,2023-06-10
MERCADOLIBRE,2000005831152512,KLES0065,WALLY ONE O 600,1,79990.0,2023-06-11
MERCADOLIBRE,2000005831922322,KLES0065,WALLY ONE O 600,1,79990.0,2023-06-11
MERCADOLIBRE,2000005833806382,KLES0065,WALLY ONE O 600,1,79990.0,2023-06-11
MERCADOLIBRE,2000005834678162,KLES0065,WALLY ONE O 600,1,79990.0,2023-06-12
MERCADOLIBRE,2000005841346700,KLES0065,WALLY ONE O 600,1,79990.0,2023-06-12
MERCADOLIBRE,2000005841473138,KLES0065,WALLY ONE O 600,1,79990.0,2023-06-12
MERCADOLIBRE,2000005842214330,KLES0065,WALLY ONE O 600,1,79990.0,2023-06-13
MERCADOLIBRE,2000005843480916,KLES0065,WALLY ONE O 600,1,79990.0,2023-06-13
MERCADOLIBRE,2000005843541140,KLES0065,WALLY ONE O 600,1,79990.0,2023-06-13
MERCADOLIBRE,2000005843653946,KLES0065,WALLY ONE O 600,1,79990.0,2023-06-13
MERCADOLIBRE,2000005843919976,KLES0065,WALLY ONE O 600,1,79990.0,2023-06-13
MERCADOLIBRE,2000005844493356,KLES0065,WALLY ONE O 600,1,79990.0,2023-06-13
MERCADOLIBRE,2000005844494346,KLES0065,WALLY ONE O 600,1,79990.0,2023-06-13
MERCADOLIBRE,2000005846170154,KLES0065,WALLY ONE O 600,1,79990.0,2023-06-13
MERCADOLIBRE,2000005848969658,KLES0065,WALLY ONE O 600,1,79990.0,2023-06-13
MERCADOLIBRE,2000005849379164,KLES0065,WALLY ONE O 600,1,79990.0,2023-06-14
MERCADOLIBRE,2000005849576952,KLES0065,WALLY ONE O 600,1,79990.0,2023-06-14
MERCADOLIBRE,2000005850464940,KLES0065,WALLY ONE O 600,1,79990.0,2023-06-14
MERCADOLIBRE,2000005852025658,KLES0065,WALLY ONE O 600,1,79990.0,2023-06-14
MERCADOLIBRE,2000005853102012,KLES0065,WALLY ONE O 600,1,79990.0,2023-06-14
MERCADOLIBRE,2000005858120130,KLES0065,WALLY ONE O 600,1,79990.0,2023-06-15
MERCADOLIBRE,2000005869751878,KLES0065,WALLY ONE O 600,1,79990.0,2023-06-16
MERCADOLIBRE,2000005870502326,KLES0065,WALLY ONE O 600,1,79990.0,2023-06-16
MERCADOLIBRE,2000005878499670,KLES0065,WALLY ONE O 600,1,79990.0,2023-06-18
MERCADOLIBRE,2000005878507284,KLES0065,WALLY ONE O 600,1,79990.0,2023-06-18
MERCADOLIBRE,2000007993900398,KLES0065,WALLY ONE O 600,1,79990.0,2024-04-08
MERCADOLIBRE,2000012408724730,KLES0065,WALLY ONE O 600,1,79990.0,2026-04-07
MERCADOLIBRE,2000012488017950,KLES0065,WALLY ONE O 600,1,79990.0,2026-04-13
MERCADOLIBRE,2000015908222410,KLES0065,WALLY ONE O 600,1,79990.0,2026-04-09
PARIS,3078031550,KLVE0001,Purificador Eolia,2,79980.0,2026-01-04
MERCADOLIBRE,2000008564758837,KLES0065,WALLY ONE O 600,1,79918.0,2025-07-19
MERCADOLIBRE,2000008606905257,KLES0065,WALLY ONE O 600,1,79918.0,2025-07-23
MERCADOLIBRE,2000008606905259,KLES0065,WALLY ONE O 600,1,79918.0,2025-07-23
MERCADOLIBRE,2000012366358954,KLES0065,WALLY ONE O 600,1,79918.0,2025-07-20
MERCADOLIBRE,2000010260313991,LOJM0002,CARRETE MANGUERA RETRÁCTIL 30M,1,79796.0,2025-11-28
MERCADOLIBRE,2000010299826549,LOJM0002,CARRETE MANGUERA RETRÁCTIL 30M,1,79796.0,2025-11-30
MERCADOLIBRE,2000010326765301,LOJM0002,CARRETE MANGUERA RETRÁCTIL 30M,1,79796.0,2025-12-01
MERCADOLIBRE,2000012532042230,KLES0066,WALLY ONE O 1200,1,79789.0,2026-04-15
MERCADOLIBRE,2000012532435080,KLES0066,WALLY ONE O 1200,1,79789.0,2026-04-15
MERCADOLIBRE,2000012599261540,KLES0066,WALLY ONE O 1200,1,79789.0,2026-04-20
MERCADOLIBRE,2000016045589400,KLES0066,WALLY ONE O 1200,1,79789.0,2026-04-18
MERCADOLIBRE,2000007490397321,KLES0031,WALLY 1000 C,1,79192.0,2025-03-30
MERCADOLIBRE,2000007508278777,KLES0031,WALLY 1000 C,1,79192.0,2025-04-01
MERCADOLIBRE,2000007517796229,KLES0031,WALLY 1000 C,1,79192.0,2025-04-02
MERCADOLIBRE,2000007522189151,KLES0031,WALLY 1000 C,1,79192.0,2025-04-02
MERCADOLIBRE,2000007522189155,KLES0031,WALLY 1000 C,1,79192.0,2025-04-02
MERCADOLIBRE,2000007527453689,KLES0031,WALLY 1000 C,1,79192.0,2025-04-03
MERCADOLIBRE,2000012662647130,KLES0066,WALLY ONE O 1200,1,78803.0,2026-04-24
MERCADOLIBRE,2000012690723020,KLES0066,WALLY ONE O 1200,1,78803.0,2026-04-26
MERCADOLIBRE,2000012691957110,KLES0066,WALLY ONE O 1200,1,78803.0,2026-04-26
MERCADOLIBRE,2000012703725970,KLES0066,WALLY ONE O 1200,1,78803.0,2026-04-27
MERCADOLIBRE,2000009094536275,KLES0073,IR STONE AZUL,1,78395.0,2025-09-04
MERCADOLIBRE,2000009128533895,KLES0073,IR STONE AZUL,1,78395.0,2025-09-07
MERCADOLIBRE,2000012595688770,KLES0065,WALLY ONE O 600,1,78210.0,2026-04-20
MERCADOLIBRE,2000015981195390,KLES0065,WALLY ONE O 600,1,78210.0,2026-04-14
MERCADOLIBRE,2000015986616570,KLES0065,WALLY ONE O 600,1,78210.0,2026-04-14
MERCADOLIBRE,2000015992418640,KLES0065,WALLY ONE O 600,1,78210.0,2026-04-15
MERCADOLIBRE,2000016006304000,KLES0065,WALLY ONE O 600,1,78210.0,2026-04-15
MERCADOLIBRE,2000016019317100,KLES0065,WALLY ONE O 600,1,78210.0,2026-04-16
MERCADOLIBRE,2000016075482300,KLES0065,WALLY ONE O 600,1,78210.0,2026-04-20
MERCADOLIBRE,2000013335688489,KLES0069,IR STONE BLANCO,1,77994.0,2026-06-03
MERCADOLIBRE,2000008975669265,KLES0069,IR STONE BLANCO,1,77993.0,2025-08-25
MERCADOLIBRE,2000009019787413,KLES0069,IR STONE BLANCO,1,77993.0,2025-08-28
MERCADOLIBRE,2000009056723817,KLES0069,IR STONE BLANCO,1,77993.0,2025-09-01
MERCADOLIBRE,2000009149711337,KLES0069,IR STONE BLANCO,1,77993.0,2025-09-08
MERCADOLIBRE,2000012328261630,KLES0065,WALLY ONE O 600,1,77590.0,2026-04-02
MERCADOLIBRE,2000012639937010,KLES0065,WALLY ONE O 600,1,77590.0,2026-04-23
MERCADOLIBRE,2000012654305880,KLES0065,WALLY ONE O 600,1,77590.0,2026-04-23
MERCADOLIBRE,2000012654825290,KLES0065,WALLY ONE O 600,1,77590.0,2026-04-23
MERCADOLIBRE,2000012671374560,KLES0065,WALLY ONE O 600,1,77590.0,2026-04-25
MERCADOLIBRE,2000012676099020,KLES0065,WALLY ONE O 600,1,77590.0,2026-04-25
MERCADOLIBRE,2000012676548470,KLES0065,WALLY ONE O 600,1,77590.0,2026-04-25
MERCADOLIBRE,2000012681065460,KLES0065,WALLY ONE O 600,1,77590.0,2026-04-25
MERCADOLIBRE,2000012689534530,KLES0065,WALLY ONE O 600,1,77590.0,2026-04-26
MERCADOLIBRE,2000013280446397,KLES0065,WALLY ONE O 600,1,77590.0,2026-06-01
MERCADOLIBRE,2000013280446399,KLES0065,WALLY ONE O 600,1,77590.0,2026-06-01
MERCADOLIBRE,2000013281267163,KLES0065,WALLY ONE O 600,1,77590.0,2026-06-01
MERCADOLIBRE,2000013281956415,KLES0065,WALLY ONE O 600,1,77590.0,2026-06-01
MERCADOLIBRE,2000013282925877,KLES0065,WALLY ONE O 600,1,77590.0,2026-06-01
MERCADOLIBRE,2000013288408811,KLES0065,WALLY ONE O 600,1,77590.0,2026-06-01
MERCADOLIBRE,2000013289730721,KLES0065,WALLY ONE O 600,1,77590.0,2026-06-01
MERCADOLIBRE,2000013291070229,KLES0065,WALLY ONE O 600,1,77590.0,2026-06-01
MERCADOLIBRE,2000013291439513,KLES0065,WALLY ONE O 600,1,77590.0,2026-06-01
MERCADOLIBRE,2000013293411791,KLES0065,WALLY ONE O 600,1,77590.0,2026-06-01
MERCADOLIBRE,2000013295447097,KLES0065,WALLY ONE O 600,1,77590.0,2026-06-01
MERCADOLIBRE,2000013305331541,KLES0065,WALLY ONE O 600,1,77590.0,2026-06-02
MERCADOLIBRE,2000013307397133,KLES0065,WALLY ONE O 600,1,77590.0,2026-06-02
MERCADOLIBRE,2000013308608455,KLES0065,WALLY ONE O 600,1,77590.0,2026-06-02
MERCADOLIBRE,2000013309275885,KLES0065,WALLY ONE O 600,1,77590.0,2026-06-02
MERCADOLIBRE,2000013315437671,KLES0065,WALLY ONE O 600,1,77590.0,2026-06-02
MERCADOLIBRE,2000013325300043,KLES0065,WALLY ONE O 600,1,77590.0,2026-06-03
MERCADOLIBRE,2000013328634105,KLES0065,WALLY ONE O 600,1,77590.0,2026-06-03
MERCADOLIBRE,2000013333206445,KLES0065,WALLY ONE O 600,1,77590.0,2026-06-03
MERCADOLIBRE,2000013335409447,KLES0065,WALLY ONE O 600,1,77590.0,2026-06-03
MERCADOLIBRE,2000013335409449,KLES0065,WALLY ONE O 600,1,77590.0,2026-06-03
MERCADOLIBRE,2000016152128060,KLES0065,WALLY ONE O 600,1,77590.0,2026-04-26
MERCADOLIBRE,2000016172344830,KLES0065,WALLY ONE O 600,1,77590.0,2026-04-27
MERCADOLIBRE,2000016717517240,KLES0065,WALLY ONE O 600,1,77590.0,2026-06-01
MERCADOLIBRE,2000016733877678,KLES0065,WALLY ONE O 600,1,77590.0,2026-06-02
MERCADOLIBRE,2000016735976860,KLES0065,WALLY ONE O 600,1,77590.0,2026-06-02
MERCADOLIBRE,2000016741575142,KLES0065,WALLY ONE O 600,1,77590.0,2026-06-02
MERCADOLIBRE,2000013314308787,KLES0066,WALLY ONE O 1200,1,77240.0,2026-06-02
MERCADOLIBRE,2000013324261455,KLES0066,WALLY ONE O 1200,1,77240.0,2026-06-03
MERCADOLIBRE,2000013325300045,KLES0066,WALLY ONE O 1200,1,77240.0,2026-06-03
MERCADOLIBRE,2000013325488507,KLES0066,WALLY ONE O 1200,1,77240.0,2026-06-03
MERCADOLIBRE,2000013325488509,KLES0066,WALLY ONE O 1200,1,77240.0,2026-06-03
MERCADOLIBRE,2000013325488513,KLES0066,WALLY ONE O 1200,1,77240.0,2026-06-03
MERCADOLIBRE,2000013326486119,KLES0066,WALLY ONE O 1200,1,77240.0,2026-06-03
MERCADOLIBRE,2000013326486121,KLES0066,WALLY ONE O 1200,1,77240.0,2026-06-03
MERCADOLIBRE,2000013326486123,KLES0066,WALLY ONE O 1200,1,77240.0,2026-06-03
MERCADOLIBRE,2000013328813979,KLES0066,WALLY ONE O 1200,1,77240.0,2026-06-03
MERCADOLIBRE,2000016748540128,KLES0066,WALLY ONE O 1200,1,77240.0,2026-06-02
MERCADOLIBRE,2000016752382282,KLES0066,WALLY ONE O 1200,1,77240.0,2026-06-03
MERCADOLIBRE,2000016753564224,KLES0066,WALLY ONE O 1200,1,77240.0,2026-06-03
MERCADOLIBRE,2000016759304926,KLES0066,WALLY ONE O 1200,1,77240.0,2026-06-03
MERCADOLIBRE,2000016759648424,KLES0066,WALLY ONE O 1200,1,77240.0,2026-06-03
MERCADOLIBRE,2000016759739654,KLES0066,WALLY ONE O 1200,1,77240.0,2026-06-03
MERCADOLIBRE,2000016761691356,KLES0066,WALLY ONE O 1200,1,77240.0,2026-06-03
MERCADOLIBRE,2000016762113866,KLES0066,WALLY ONE O 1200,1,77240.0,2026-06-03
MERCADOLIBRE,2000016763064178,KLES0066,WALLY ONE O 1200,1,77240.0,2026-06-03
MERCADOLIBRE,2000010196947095,LOJM0001,CARRETE MANGUERA RETRÁCTIL 20M,1,76995.0,2025-11-25
MERCADOLIBRE,2000010200075293,LOJM0001,CARRETE MANGUERA RETRÁCTIL 20M,1,76995.0,2025-11-25
MERCADOLIBRE,2000006020502010,KLES0031,WALLY 1000 C,1,76990.0,2023-07-10
MERCADOLIBRE,2000007501639597,KLES0065,WALLY ONE O 600,1,76491.0,2025-03-31
MERCADOLIBRE,2000007503062409,KLES0065,WALLY ONE O 600,1,76491.0,2025-03-31
MERCADOLIBRE,2000007503289229,KLES0065,WALLY ONE O 600,1,76491.0,2025-03-31
MERCADOLIBRE,2000007504312453,KLES0065,WALLY ONE O 600,1,76491.0,2025-04-01
MERCADOLIBRE,2000008826738544,KLES0073,IR STONE AZUL,1,76314.0,2024-07-20
MERCADOLIBRE,2000010571000739,KLES0065,WALLY ONE O 600,1,75992.0,2025-12-15
MERCADOLIBRE,2000010571000741,KLES0065,WALLY ONE O 600,1,75992.0,2025-12-15
FALABELLA,2066154177,KLES0073,IR STONE AZUL,1,75990.0,2023-05-29
FALABELLA,2066400022,KLES0069,IR STONE BLANCO,1,75990.0,2023-05-29
FALABELLA,2066514338,KLES0069,IR STONE BLANCO,1,75990.0,2023-05-29
FALABELLA,2066685304,KLES0069,IR STONE BLANCO,1,75990.0,2023-05-29
FALABELLA,2067397961,KLES0069,IR STONE BLANCO,1,75990.0,2023-05-30
FALABELLA,2203531689,KLES0073,IR STONE AZUL,1,74990.0,2024-05-05
FALABELLA,2203601197,KLES0073,IR STONE AZUL,1,74990.0,2024-05-05
FALABELLA,2204582285,KLES0073,IR STONE AZUL,1,74990.0,2024-05-07
FALABELLA,2207342447,KLES0073,IR STONE AZUL,1,74990.0,2024-05-13
FALABELLA,2593356870,KLES0073,IR STONE AZUL,1,74990.0,2024-10-01
MERCADOLIBRE,2000005818836880,KLES0073,IR STONE AZUL,1,74990.0,2024-05-27
MERCADOLIBRE,2000005818836890,KLES0073,IR STONE AZUL,1,74990.0,2024-05-27
MERCADOLIBRE,2000005877577280,KLES0073,IR STONE AZUL,1,74990.0,2024-06-10
MERCADOLIBRE,2000006124771948,KLES0073,IR STONE AZUL,1,74990.0,2023-07-26
MERCADOLIBRE,2000006374635002,KLES0073,IR STONE AZUL,1,74990.0,2023-08-31
MERCADOLIBRE,2000008106024128,KLES0073,IR STONE AZUL,1,74990.0,2024-04-23
MERCADOLIBRE,2000008147278056,KLES0073,IR STONE AZUL,1,74990.0,2024-04-28
MERCADOLIBRE,2000008244331240,KLES0073,IR STONE AZUL,1,74990.0,2024-05-11
MERCADOLIBRE,2000008297385840,KLES0073,IR STONE AZUL,1,74990.0,2024-05-17
MERCADOLIBRE,2000008314151820,KLES0073,IR STONE AZUL,1,74990.0,2024-05-19
MERCADOLIBRE,2000008322245060,KLES0073,IR STONE AZUL,1,74990.0,2024-05-20
MERCADOLIBRE,2000008358115210,KLES0073,IR STONE AZUL,1,74990.0,2024-05-24
MERCADOLIBRE,2000008478259100,KLES0073,IR STONE AZUL,1,74990.0,2024-06-08
MERCADOLIBRE,2000008503456030,KLES0073,IR STONE AZUL,1,74990.0,2024-06-11
MERCADOLIBRE,2000008555128210,KLES0073,IR STONE AZUL,1,74990.0,2024-06-18
MERCADOLIBRE,2000008591758800,KLES0073,IR STONE AZUL,1,74990.0,2024-06-22
MERCADOLIBRE,2000004564607833,KLES0069,IR STONE BLANCO,1,74990.0,2023-06-23
MERCADOLIBRE,2000004567270619,KLES0069,IR STONE BLANCO,1,74990.0,2023-06-23
MERCADOLIBRE,2000005717464970,KLES0069,IR STONE BLANCO,1,74990.0,2024-05-04
MERCADOLIBRE,2000005744026160,KLES0069,IR STONE BLANCO,1,74990.0,2024-05-10
MERCADOLIBRE,2000005744337924,KLES0069,IR STONE BLANCO,1,74990.0,2023-05-30
MERCADOLIBRE,2000005816930880,KLES0069,IR STONE BLANCO,1,74990.0,2024-05-27
MERCADOLIBRE,2000005816930890,KLES0069,IR STONE BLANCO,1,74990.0,2024-05-27
MERCADOLIBRE,2000005824065370,KLES0069,IR STONE BLANCO,1,74990.0,2024-05-28
MERCADOLIBRE,2000005893990482,KLES0069,IR STONE BLANCO,1,74990.0,2023-06-21
MERCADOLIBRE,2000005912129316,KLES0069,IR STONE BLANCO,1,74990.0,2023-06-23
MERCADOLIBRE,2000005922372990,KLES0069,IR STONE BLANCO,1,74990.0,2023-06-26
MERCADOLIBRE,2000005983302390,KLES0069,IR STONE BLANCO,1,74990.0,2023-07-05
MERCADOLIBRE,2000006039572678,KLES0069,IR STONE BLANCO,1,74990.0,2023-07-13
MERCADOLIBRE,2000006121344070,KLES0069,IR STONE BLANCO,1,74990.0,2023-07-25
MERCADOLIBRE,2000006149393419,KLES0069,IR STONE BLANCO,1,74990.0,2024-08-09
MERCADOLIBRE,2000006162736263,KLES0069,IR STONE BLANCO,1,74990.0,2024-08-12
MERCADOLIBRE,2000006168166313,KLES0069,IR STONE BLANCO,1,74990.0,2024-08-13
MERCADOLIBRE,2000008109242724,KLES0069,IR STONE BLANCO,1,74990.0,2024-04-23
MERCADOLIBRE,2000008175558710,KLES0069,IR STONE BLANCO,1,74990.0,2024-05-02
MERCADOLIBRE,2000008190763100,KLES0069,IR STONE BLANCO,1,74990.0,2024-05-04
MERCADOLIBRE,2000008246885810,KLES0069,IR STONE BLANCO,1,74990.0,2024-05-11
MERCADOLIBRE,2000008287574970,KLES0069,IR STONE BLANCO,1,74990.0,2024-05-16
MERCADOLIBRE,2000008322356110,KLES0069,IR STONE BLANCO,1,74990.0,2024-05-20
MERCADOLIBRE,2000008326995560,KLES0069,IR STONE BLANCO,1,74990.0,2024-05-21
MERCADOLIBRE,2000008348120760,KLES0069,IR STONE BLANCO,1,74990.0,2024-05-23
MERCADOLIBRE,2000008358977540,KLES0069,IR STONE BLANCO,1,74990.0,2024-05-24
MERCADOLIBRE,2000008359633200,KLES0069,IR STONE BLANCO,1,74990.0,2024-05-24
MERCADOLIBRE,2000008614126600,KLES0069,IR STONE BLANCO,1,74990.0,2024-06-25
MERCADOLIBRE,2000008657219174,KLES0069,IR STONE BLANCO,1,74990.0,2024-07-01
MERCADOLIBRE,2000008679561676,KLES0069,IR STONE BLANCO,1,74990.0,2024-07-03
MERCADOLIBRE,2000008679573832,KLES0069,IR STONE BLANCO,1,74990.0,2024-07-03
MERCADOLIBRE,2000008703341888,KLES0069,IR STONE BLANCO,1,74990.0,2024-07-06
MERCADOLIBRE,2000008829353312,KLES0069,IR STONE BLANCO,1,74990.0,2024-07-21
MERCADOLIBRE,2000008830625574,KLES0069,IR STONE BLANCO,1,74990.0,2024-07-21
MERCADOLIBRE,2000008861551796,KLES0069,IR STONE BLANCO,1,74990.0,2024-07-24
MERCADOLIBRE,2000008888811016,KLES0069,IR STONE BLANCO,1,74990.0,2024-07-28
FALABELLA,2083297743,KLES0031,WALLY 1000 C,1,74990.0,2023-08-10
FALABELLA,2084170654,KLES0031,WALLY 1000 C,1,74990.0,2023-08-15
FALABELLA,2086356246,KLES0031,WALLY 1000 C,1,74990.0,2023-08-24
FALABELLA,2088120277,KLES0031,WALLY 1000 C,1,74990.0,2023-08-29
FALABELLA,2089807717,KLES0031,WALLY 1000 C,1,74990.0,2023-09-02
FALABELLA,2090485294,KLES0031,WALLY 1000 C,1,74990.0,2023-09-04
FALABELLA,2093283886,KLES0031,WALLY 1000 C,1,74990.0,2023-09-11
FALABELLA,2232116808,KLES0031,WALLY 1000 C,1,74990.0,2024-06-03
FALABELLA,2239642097,KLES0031,WALLY 1000 C,1,74990.0,2024-06-05
FALABELLA,2245181698,KLES0031,WALLY 1000 C,1,74990.0,2024-06-05
MERCADOLIBRE,2000004673400853,KLES0031,WALLY 1000 C,1,74990.0,2023-07-28
MERCADOLIBRE,2000004673400855,KLES0031,WALLY 1000 C,1,74990.0,2023-07-28
MERCADOLIBRE,2000004673400861,KLES0031,WALLY 1000 C,1,74990.0,2023-07-28
MERCADOLIBRE,2000005844251580,KLES0031,WALLY 1000 C,1,74990.0,2024-06-03
MERCADOLIBRE,2000005845236590,KLES0031,WALLY 1000 C,1,74990.0,2024-06-03
MERCADOLIBRE,2000005847182320,KLES0031,WALLY 1000 C,1,74990.0,2024-06-03
MERCADOLIBRE,2000005847188110,KLES0031,WALLY 1000 C,1,74990.0,2024-06-03
MERCADOLIBRE,2000005857244880,KLES0031,WALLY 1000 C,1,74990.0,2024-06-05
MERCADOLIBRE,2000006043568020,KLES0031,WALLY 1000 C,1,74990.0,2023-07-13
MERCADOLIBRE,2000006072234564,KLES0031,WALLY 1000 C,1,74990.0,2023-07-18
MERCADOLIBRE,2000006073007998,KLES0031,WALLY 1000 C,1,74990.0,2023-07-18
MERCADOLIBRE,2000006073969954,KLES0031,WALLY 1000 C,1,74990.0,2023-07-18
MERCADOLIBRE,2000006074869106,KLES0031,WALLY 1000 C,1,74990.0,2023-07-18
MERCADOLIBRE,2000006076448324,KLES0031,WALLY 1000 C,1,74990.0,2023-07-18
MERCADOLIBRE,2000006141247106,KLES0031,WALLY 1000 C,1,74990.0,2023-07-28
MERCADOLIBRE,2000006143380734,KLES0031,WALLY 1000 C,1,74990.0,2023-07-28
MERCADOLIBRE,2000006162778386,KLES0031,WALLY 1000 C,1,74990.0,2023-07-31
MERCADOLIBRE,2000006336616396,KLES0031,WALLY 1000 C,1,74990.0,2023-08-25
MERCADOLIBRE,2000006345293942,KLES0031,WALLY 1000 C,1,74990.0,2023-08-27
MERCADOLIBRE,2000008424678540,KLES0031,WALLY 1000 C,1,74990.0,2024-06-03
MERCADOLIBRE,2000008429200380,KLES0031,WALLY 1000 C,1,74990.0,2024-06-03
MERCADOLIBRE,2000008432773000,KLES0031,WALLY 1000 C,1,74990.0,2024-06-03
MERCADOLIBRE,2000008435014280,KLES0031,WALLY 1000 C,1,74990.0,2024-06-04
MERCADOLIBRE,2000008443025920,KLES0031,WALLY 1000 C,1,74990.0,2024-06-04
MERCADOLIBRE,2000008443278370,KLES0031,WALLY 1000 C,1,74990.0,2024-06-04
MERCADOLIBRE,2000008443527210,KLES0031,WALLY 1000 C,1,74990.0,2024-06-04
MERCADOLIBRE,2000008445793170,KLES0031,WALLY 1000 C,1,74990.0,2024-06-05
MERCADOLIBRE,2000008453332680,KLES0031,WALLY 1000 C,1,74990.0,2024-06-05
MERCADOLIBRE,2000008465976940,KLES0031,WALLY 1000 C,1,74990.0,2024-06-07
MERCADOLIBRE,2000010669930801,KLES0066,WALLY ONE O 1200,1,74990.0,2025-12-19
MERCADOLIBRE,2000010669930803,KLES0066,WALLY ONE O 1200,1,74990.0,2025-12-19
MERCADOLIBRE,2000010669930805,KLES0066,WALLY ONE O 1200,1,74990.0,2025-12-19
MERCADOLIBRE,2000013755542068,KLES0066,WALLY ONE O 1200,1,74990.0,2025-11-10
FALABELLA,2227322777,KLES0067,WALLY ONE O 1800,1,74990.0,2024-06-03
FALABELLA,2227809533,KLES0067,WALLY ONE O 1800,1,74990.0,2024-06-03
FALABELLA,2229504117,KLES0067,WALLY ONE O 1800,1,74990.0,2024-06-03
FALABELLA,2230802689,KLES0067,WALLY ONE O 1800,1,74990.0,2024-06-03
FALABELLA,2231249400,KLES0067,WALLY ONE O 1800,1,74990.0,2024-06-03
FALABELLA,2231293178,KLES0067,WALLY ONE O 1800,1,74990.0,2024-06-03
FALABELLA,2232198454,KLES0067,WALLY ONE O 1800,1,74990.0,2024-06-03
FALABELLA,2232312850,KLES0067,WALLY ONE O 1800,1,74990.0,2024-06-03
FALABELLA,2232968912,KLES0067,WALLY ONE O 1800,1,74990.0,2024-06-03
FALABELLA,2233682360,KLES0067,WALLY ONE O 1800,1,74990.0,2024-06-03
FALABELLA,2234317479,KLES0067,WALLY ONE O 1800,1,74990.0,2024-06-03
FALABELLA,2234357219,KLES0067,WALLY ONE O 1800,1,74990.0,2024-06-03
FALABELLA,2234410233,KLES0067,WALLY ONE O 1800,1,74990.0,2024-06-03
FALABELLA,2234490082,KLES0067,WALLY ONE O 1800,1,74990.0,2024-06-03
FALABELLA,2236007773,KLES0067,WALLY ONE O 1800,1,74990.0,2024-06-04
FALABELLA,2236190803,KLES0067,WALLY ONE O 1800,1,74990.0,2024-06-04
FALABELLA,2236939473,KLES0067,WALLY ONE O 1800,1,74990.0,2024-06-04
FALABELLA,2237645306,KLES0067,WALLY ONE O 1800,1,74990.0,2024-06-04
FALABELLA,2237969871,KLES0067,WALLY ONE O 1800,1,74990.0,2024-06-04
FALABELLA,2238480520,KLES0067,WALLY ONE O 1800,1,74990.0,2024-06-04
FALABELLA,2239422032,KLES0067,WALLY ONE O 1800,1,74990.0,2024-06-04
FALABELLA,2240539024,KLES0067,WALLY ONE O 1800,1,74990.0,2024-06-05
FALABELLA,2240626085,KLES0067,WALLY ONE O 1800,1,74990.0,2024-06-05
FALABELLA,2242079612,KLES0067,WALLY ONE O 1800,1,74990.0,2024-06-05
FALABELLA,2245201890,KLES0067,WALLY ONE O 1800,1,74990.0,2024-06-05
FALABELLA,2245245900,KLES0067,WALLY ONE O 1800,1,74990.0,2024-06-05
RIPLEY,24077540001,KLES0067,WALLY ONE O 1800,1,74990.0,2025-10-22
RIPLEY,23524015801,KLES0065,WALLY ONE O 600,1,74990.0,2025-05-12
RIPLEY,23569340801,KLES0065,WALLY ONE O 600,1,74990.0,2025-05-27
MERCADOLIBRE,2000005590269801,KLES0065,WALLY ONE O 600,1,74990.0,2024-04-02
MERCADOLIBRE,2000005595294409,KLES0065,WALLY ONE O 600,1,74990.0,2024-04-03
MERCADOLIBRE,2000005617237931,KLES0065,WALLY ONE O 600,1,74990.0,2024-04-09
MERCADOLIBRE,2000005618362073,KLES0065,WALLY ONE O 600,1,74990.0,2024-04-09
MERCADOLIBRE,2000007953110310,KLES0065,WALLY ONE O 600,1,74990.0,2024-04-02
MERCADOLIBRE,2000007953507954,KLES0065,WALLY ONE O 600,1,74990.0,2024-04-02
MERCADOLIBRE,2000007962785752,KLES0065,WALLY ONE O 600,1,74990.0,2024-04-03
MERCADOLIBRE,2000007974475708,KLES0065,WALLY ONE O 600,1,74990.0,2024-04-05
MERCADOLIBRE,2000005463386001,KLEF0092,MINI VENTILADOR JET,3,74970.0,2024-02-28
MERCADOLIBRE,2000008261551810,KLES0069,IR STONE BLANCO,1,74840.0,2024-05-13
MERCADOLIBRE,2000008276218940,KLES0069,IR STONE BLANCO,1,74840.0,2024-05-15
MERCADOLIBRE,2000008300904990,KLES0069,IR STONE BLANCO,1,74840.0,2024-05-17
MERCADOLIBRE,2000006078047870,KLES0069,IR STONE BLANCO,1,73990.0,2023-07-18
MERCADOLIBRE,2000005761873590,KLES0073,IR STONE AZUL,1,73040.0,2024-05-14
MERCADOLIBRE,2000005769731480,KLES0073,IR STONE AZUL,1,73040.0,2024-05-16
MERCADOLIBRE,2000008265270270,KLES0073,IR STONE AZUL,1,73040.0,2024-05-14
MERCADOLIBRE,2000008292762960,KLES0073,IR STONE AZUL,1,73040.0,2024-05-16
MERCADOLIBRE,2000012564086190,KLES0065,WALLY ONE O 600,1,71992.0,2026-04-17
MERCADOLIBRE,2000012600262520,KLES0065,WALLY ONE O 600,1,71992.0,2026-04-20
MERCADOLIBRE,2000012616775060,KLES0065,WALLY ONE O 600,1,71992.0,2026-04-21
MERCADOLIBRE,2000012691957110,KLES0065,WALLY ONE O 600,1,71992.0,2026-04-26
MERCADOLIBRE,2000016066478990,KLES0065,WALLY ONE O 600,1,71992.0,2026-04-20
MERCADOLIBRE,2000016168806050,KLES0065,WALLY ONE O 600,1,71992.0,2026-04-27
MERCADOLIBRE,2000013334067809,KLES0066,WALLY ONE O 1200,1,70993.0,2026-06-03
MERCADOLIBRE,2000013335003173,KLES0066,WALLY ONE O 1200,1,70993.0,2026-06-03
MERCADOLIBRE,2000013335707437,KLES0066,WALLY ONE O 1200,1,70993.0,2026-06-03
MERCADOLIBRE,2000013336833017,KLES0066,WALLY ONE O 1200,1,70993.0,2026-06-03
MERCADOLIBRE,2000013337254209,KLES0066,WALLY ONE O 1200,1,70993.0,2026-06-03
MERCADOLIBRE,2000013337254213,KLES0066,WALLY ONE O 1200,1,70993.0,2026-06-03
MERCADOLIBRE,2000013337254217,KLES0066,WALLY ONE O 1200,1,70993.0,2026-06-03
MERCADOLIBRE,2000013337294909,KLES0066,WALLY ONE O 1200,1,70993.0,2026-06-03
MERCADOLIBRE,2000013338691097,KLES0066,WALLY ONE O 1200,1,70993.0,2026-06-04
MERCADOLIBRE,2000013340288329,KLES0066,WALLY ONE O 1200,1,70993.0,2026-06-04
MERCADOLIBRE,2000013341785873,KLES0066,WALLY ONE O 1200,1,70993.0,2026-06-04
MERCADOLIBRE,2000016773760106,KLES0066,WALLY ONE O 1200,1,70993.0,2026-06-04
FALABELLA,2083390840,KLES0069,IR STONE BLANCO,1,70990.0,2023-08-11
MERCADOLIBRE,2000007529795721,KLES0065,WALLY ONE O 600,1,70192.0,2025-04-03
MERCADOLIBRE,2000007548443471,KLES0065,WALLY ONE O 600,1,70192.0,2025-04-06
MERCADOLIBRE,2000007552781469,KLES0065,WALLY ONE O 600,1,70192.0,2025-04-06
MERCADOLIBRE,2000011228927752,KLES0065,WALLY ONE O 600,1,70192.0,2025-04-04
MERCADOLIBRE,2000011229094304,KLES0065,WALLY ONE O 600,1,70192.0,2025-04-05
PARIS,3065623960,LOJM0002,CARRETE MANGUERA RETRÁCTIL 30M,1,69990.0,2025-11-30
PARIS,3068020000,LOJM0002,CARRETE MANGUERA RETRÁCTIL 30M,1,69990.0,2025-12-03
PARIS,3078709500,LOJM0002,CARRETE MANGUERA RETRÁCTIL 30M,1,69990.0,2026-01-07
PARIS,3079400050,LOJM0002,CARRETE MANGUERA RETRÁCTIL 30M,1,69990.0,2026-01-12
PARIS,3085452800,LOJM0002,CARRETE MANGUERA RETRÁCTIL 30M,1,69990.0,2026-02-16
MERCADOLIBRE,2000005936336230,KLES0073,IR STONE AZUL,1,69990.0,2024-06-23
MERCADOLIBRE,2000008553250300,KLES0073,IR STONE AZUL,1,69990.0,2024-06-17
MERCADOLIBRE,2000008643592650,KLES0073,IR STONE AZUL,1,69990.0,2024-06-29
MERCADOLIBRE,2000008835899250,KLES0073,IR STONE AZUL,1,69990.0,2024-07-22
PARIS,3041087610,KLES0069,IR STONE BLANCO,1,69990.0,2025-09-02
PARIS,3045793840,KLES0069,IR STONE BLANCO,1,69990.0,2025-09-27
PARIS,3046001420,KLES0069,IR STONE BLANCO,1,69990.0,2025-09-29
MERCADOLIBRE,2000007823839401,KLES0070,PTC LIFE 2,1,69990.0,2025-05-08
MERCADOLIBRE,2000007917844558,KLES0070,PTC LIFE 2,1,69990.0,2024-03-27
MERCADOLIBRE,2000008032591800,KLES0070,PTC LIFE 2,1,69990.0,2024-04-13
MERCADOLIBRE,2000011521129394,KLES0070,PTC LIFE 2,1,69990.0,2025-05-06
MERCADOLIBRE,2000011646016328,KLES0070,PTC LIFE 2,1,69990.0,2025-05-17
FALABELLA,2232401891,KLES0071,SKY BLACK,1,69990.0,2024-06-03
FALABELLA,2234048049,KLES0071,SKY BLACK,1,69990.0,2024-06-03
FALABELLA,2517065386,KLES0066,WALLY ONE O 1200,1,69990.0,2024-07-12
FALABELLA,2517068909,KLES0066,WALLY ONE O 1200,1,69990.0,2024-07-12
FALABELLA,2517127671,KLES0066,WALLY ONE O 1200,1,69990.0,2024-07-12
FALABELLA,2518343692,KLES0066,WALLY ONE O 1200,1,69990.0,2024-07-13
FALABELLA,2518680498,KLES0066,WALLY ONE O 1200,1,69990.0,2024-07-14
FALABELLA,2524705756,KLES0066,WALLY ONE O 1200,1,69990.0,2024-07-17
FALABELLA,2524754800,KLES0066,WALLY ONE O 1200,1,69990.0,2024-07-17
FALABELLA,2526402704,KLES0066,WALLY ONE O 1200,1,69990.0,2024-07-18
FALABELLA,2527709386,KLES0066,WALLY ONE O 1200,1,69990.0,2024-07-19
RIPLEY,23662224101,KLES0066,WALLY ONE O 1200,1,69990.0,2025-06-04
RIPLEY,23692563801,KLES0066,WALLY ONE O 1200,1,69990.0,2025-06-13
RIPLEY,23693211401,KLES0066,WALLY ONE O 1200,1,69990.0,2025-06-14
RIPLEY,23696244501,KLES0066,WALLY ONE O 1200,1,69990.0,2025-06-15
RIPLEY,23696781401,KLES0066,WALLY ONE O 1200,1,69990.0,2025-06-16
MERCADOLIBRE,2000004381716127,KLES0066,WALLY ONE O 1200,1,69990.0,2023-04-20
MERCADOLIBRE,2000004381716129,KLES0066,WALLY ONE O 1200,1,69990.0,2023-04-20
MERCADOLIBRE,2000004382551999,KLES0066,WALLY ONE O 1200,1,69990.0,2023-04-20
MERCADOLIBRE,2000004382552003,KLES0066,WALLY ONE O 1200,1,69990.0,2023-04-20
MERCADOLIBRE,2000004383574083,KLES0066,WALLY ONE O 1200,1,69990.0,2023-04-20
MERCADOLIBRE,2000004383574085,KLES0066,WALLY ONE O 1200,1,69990.0,2023-04-20
MERCADOLIBRE,2000004469705121,KLES0066,WALLY ONE O 1200,1,69990.0,2023-05-22
MERCADOLIBRE,2000004471624881,KLES0066,WALLY ONE O 1200,1,69990.0,2023-05-23
MERCADOLIBRE,2000004471749829,KLES0066,WALLY ONE O 1200,1,69990.0,2023-05-23
MERCADOLIBRE,2000004471749831,KLES0066,WALLY ONE O 1200,1,69990.0,2023-05-23
MERCADOLIBRE,2000004471870527,KLES0066,WALLY ONE O 1200,1,69990.0,2023-05-23
MERCADOLIBRE,2000004474447849,KLES0066,WALLY ONE O 1200,1,69990.0,2023-05-23
MERCADOLIBRE,2000004475934169,KLES0066,WALLY ONE O 1200,1,69990.0,2023-05-24
MERCADOLIBRE,2000004476836413,KLES0066,WALLY ONE O 1200,1,69990.0,2023-05-24
MERCADOLIBRE,2000004476836415,KLES0066,WALLY ONE O 1200,1,69990.0,2023-05-24
MERCADOLIBRE,2000004477171681,KLES0066,WALLY ONE O 1200,1,69990.0,2023-05-24
MERCADOLIBRE,2000004477499271,KLES0066,WALLY ONE O 1200,1,69990.0,2023-05-24
MERCADOLIBRE,2000004477499273,KLES0066,WALLY ONE O 1200,1,69990.0,2023-05-24
MERCADOLIBRE,2000004477499275,KLES0066,WALLY ONE O 1200,1,69990.0,2023-05-24
MERCADOLIBRE,2000004477499277,KLES0066,WALLY ONE O 1200,1,69990.0,2023-05-24
MERCADOLIBRE,2000004483015739,KLES0066,WALLY ONE O 1200,1,69990.0,2023-05-26
MERCADOLIBRE,2000004484291677,KLES0066,WALLY ONE O 1200,1,69990.0,2023-05-27
MERCADOLIBRE,2000004484291679,KLES0066,WALLY ONE O 1200,1,69990.0,2023-05-27
MERCADOLIBRE,2000004486574367,KLES0066,WALLY ONE O 1200,1,69990.0,2023-05-28
MERCADOLIBRE,2000005503562824,KLES0066,WALLY ONE O 1200,1,69990.0,2023-04-20
MERCADOLIBRE,2000005503794884,KLES0066,WALLY ONE O 1200,1,69990.0,2023-04-20
MERCADOLIBRE,2000005504503024,KLES0066,WALLY ONE O 1200,1,69990.0,2023-04-20
MERCADOLIBRE,2000005506396196,KLES0066,WALLY ONE O 1200,1,69990.0,2023-04-21
MERCADOLIBRE,2000005699916084,KLES0066,WALLY ONE O 1200,1,69990.0,2023-05-22
MERCADOLIBRE,2000005700897456,KLES0066,WALLY ONE O 1200,1,69990.0,2023-05-22
MERCADOLIBRE,2000005702653424,KLES0066,WALLY ONE O 1200,1,69990.0,2023-05-22
MERCADOLIBRE,2000005704658016,KLES0066,WALLY ONE O 1200,1,69990.0,2023-05-23
MERCADOLIBRE,2000005704665620,KLES0066,WALLY ONE O 1200,1,69990.0,2023-05-23
MERCADOLIBRE,2000005705051980,KLES0066,WALLY ONE O 1200,1,69990.0,2023-05-23
MERCADOLIBRE,2000005706552546,KLES0066,WALLY ONE O 1200,1,69990.0,2023-05-23
MERCADOLIBRE,2000005708039544,KLES0066,WALLY ONE O 1200,1,69990.0,2023-05-23
MERCADOLIBRE,2000005709425044,KLES0066,WALLY ONE O 1200,1,69990.0,2023-05-23
MERCADOLIBRE,2000005709784870,KLES0066,WALLY ONE O 1200,1,69990.0,2023-05-24
MERCADOLIBRE,2000005710893882,KLES0066,WALLY ONE O 1200,1,69990.0,2023-05-24
MERCADOLIBRE,2000005711892928,KLES0066,WALLY ONE O 1200,1,69990.0,2023-05-24
MERCADOLIBRE,2000005712284246,KLES0066,WALLY ONE O 1200,1,69990.0,2023-05-24
MERCADOLIBRE,2000005712687812,KLES0066,WALLY ONE O 1200,1,69990.0,2023-05-24
MERCADOLIBRE,2000005714441764,KLES0066,WALLY ONE O 1200,1,69990.0,2023-05-24
MERCADOLIBRE,2000005714861810,KLES0066,WALLY ONE O 1200,1,69990.0,2023-05-24
MERCADOLIBRE,2000005716441272,KLES0066,WALLY ONE O 1200,1,69990.0,2023-05-25
MERCADOLIBRE,2000005717368516,KLES0066,WALLY ONE O 1200,1,69990.0,2023-05-25
MERCADOLIBRE,2000005717702490,KLES0066,WALLY ONE O 1200,1,69990.0,2023-05-25
MERCADOLIBRE,2000005718421070,KLES0066,WALLY ONE O 1200,1,69990.0,2023-05-25
MERCADOLIBRE,2000005719089332,KLES0066,WALLY ONE O 1200,1,69990.0,2023-05-25
MERCADOLIBRE,2000005719200480,KLES0066,WALLY ONE O 1200,1,69990.0,2023-05-25
MERCADOLIBRE,2000005720462678,KLES0066,WALLY ONE O 1200,1,69990.0,2023-05-25
MERCADOLIBRE,2000005722090136,KLES0066,WALLY ONE O 1200,1,69990.0,2023-05-25
MERCADOLIBRE,2000005722811644,KLES0066,WALLY ONE O 1200,1,69990.0,2023-05-26
MERCADOLIBRE,2000005722918306,KLES0066,WALLY ONE O 1200,1,69990.0,2023-05-26
MERCADOLIBRE,2000005723056604,KLES0066,WALLY ONE O 1200,1,69990.0,2023-05-26
MERCADOLIBRE,2000005723133306,KLES0066,WALLY ONE O 1200,1,69990.0,2023-05-26
MERCADOLIBRE,2000005724036312,KLES0066,WALLY ONE O 1200,1,69990.0,2023-05-26
MERCADOLIBRE,2000005724108406,KLES0066,WALLY ONE O 1200,1,69990.0,2023-05-26
MERCADOLIBRE,2000005725382936,KLES0066,WALLY ONE O 1200,1,69990.0,2023-05-26
MERCADOLIBRE,2000005725639700,KLES0066,WALLY ONE O 1200,1,69990.0,2023-05-26
MERCADOLIBRE,2000005730351462,KLES0066,WALLY ONE O 1200,1,69990.0,2023-05-27
MERCADOLIBRE,2000005731159046,KLES0066,WALLY ONE O 1200,1,69990.0,2023-05-27
MERCADOLIBRE,2000005731365032,KLES0066,WALLY ONE O 1200,1,69990.0,2023-05-27
MERCADOLIBRE,2000005732021238,KLES0066,WALLY ONE O 1200,1,69990.0,2023-05-28
MERCADOLIBRE,2000005732288156,KLES0066,WALLY ONE O 1200,1,69990.0,2023-05-28
MERCADOLIBRE,2000005732722762,KLES0066,WALLY ONE O 1200,1,69990.0,2023-05-28
MERCADOLIBRE,2000005732763530,KLES0066,WALLY ONE O 1200,1,69990.0,2023-05-28
MERCADOLIBRE,2000005733338360,KLES0066,WALLY ONE O 1200,1,69990.0,2023-05-28
MERCADOLIBRE,2000005734327500,KLES0066,WALLY ONE O 1200,1,69990.0,2023-05-28
MERCADOLIBRE,2000005734574650,KLES0066,WALLY ONE O 1200,1,69990.0,2023-05-28
MERCADOLIBRE,2000008051489391,KLES0066,WALLY ONE O 1200,1,69990.0,2025-06-02
MERCADOLIBRE,2000008051489395,KLES0066,WALLY ONE O 1200,1,69990.0,2025-06-02
MERCADOLIBRE,2000008051668781,KLES0066,WALLY ONE O 1200,1,69990.0,2025-06-02
MERCADOLIBRE,2000008052912773,KLES0066,WALLY ONE O 1200,1,69990.0,2025-06-02
MERCADOLIBRE,2000008053254177,KLES0066,WALLY ONE O 1200,1,69990.0,2025-06-02
MERCADOLIBRE,2000008054558673,KLES0066,WALLY ONE O 1200,1,69990.0,2025-06-02
MERCADOLIBRE,2000008056537453,KLES0066,WALLY ONE O 1200,1,69990.0,2025-06-02
MERCADOLIBRE,2000008057167011,KLES0066,WALLY ONE O 1200,1,69990.0,2025-06-02
MERCADOLIBRE,2000008057753141,KLES0066,WALLY ONE O 1200,1,69990.0,2025-06-02
MERCADOLIBRE,2000008057753143,KLES0066,WALLY ONE O 1200,1,69990.0,2025-06-02
MERCADOLIBRE,2000008058038183,KLES0066,WALLY ONE O 1200,1,69990.0,2025-06-02
MERCADOLIBRE,2000008058091507,KLES0066,WALLY ONE O 1200,1,69990.0,2025-06-02
MERCADOLIBRE,2000008058411571,KLES0066,WALLY ONE O 1200,1,69990.0,2025-06-02
MERCADOLIBRE,2000008059348073,KLES0066,WALLY ONE O 1200,1,69990.0,2025-06-02
MERCADOLIBRE,2000008059573123,KLES0066,WALLY ONE O 1200,1,69990.0,2025-06-02
MERCADOLIBRE,2000008062651681,KLES0066,WALLY ONE O 1200,1,69990.0,2025-06-02
MERCADOLIBRE,2000008063668303,KLES0066,WALLY ONE O 1200,1,69990.0,2025-06-03
MERCADOLIBRE,2000008063826025,KLES0066,WALLY ONE O 1200,1,69990.0,2025-06-03
MERCADOLIBRE,2000008064514027,KLES0066,WALLY ONE O 1200,1,69990.0,2025-06-03
MERCADOLIBRE,2000008066295335,KLES0066,WALLY ONE O 1200,1,69990.0,2025-06-03
MERCADOLIBRE,2000008066295337,KLES0066,WALLY ONE O 1200,1,69990.0,2025-06-03
MERCADOLIBRE,2000008067050999,KLES0066,WALLY ONE O 1200,1,69990.0,2025-06-03
MERCADOLIBRE,2000008067051001,KLES0066,WALLY ONE O 1200,1,69990.0,2025-06-03
MERCADOLIBRE,2000008070308703,KLES0066,WALLY ONE O 1200,1,69990.0,2025-06-03
MERCADOLIBRE,2000008072610875,KLES0066,WALLY ONE O 1200,1,69990.0,2025-06-03
MERCADOLIBRE,2000008074172449,KLES0066,WALLY ONE O 1200,1,69990.0,2025-06-03
MERCADOLIBRE,2000008074378597,KLES0066,WALLY ONE O 1200,1,69990.0,2025-06-03
MERCADOLIBRE,2000008076685019,KLES0066,WALLY ONE O 1200,1,69990.0,2025-06-04
MERCADOLIBRE,2000011810762482,KLES0066,WALLY ONE O 1200,1,69990.0,2025-06-02
MERCADOLIBRE,2000011812697646,KLES0066,WALLY ONE O 1200,1,69990.0,2025-06-02
MERCADOLIBRE,2000011818076428,KLES0066,WALLY ONE O 1200,1,69990.0,2025-06-03
MERCADOLIBRE,2000011820867432,KLES0066,WALLY ONE O 1200,1,69990.0,2025-06-03
MERCADOLIBRE,2000011821332590,KLES0066,WALLY ONE O 1200,1,69990.0,2025-06-03
MERCADOLIBRE,2000011823445498,KLES0066,WALLY ONE O 1200,1,69990.0,2025-06-03
MERCADOLIBRE,2000013300867170,KLES0066,WALLY ONE O 1200,1,69990.0,2025-10-06
FALABELLA,2101276353,KLES0067,WALLY ONE O 1800,1,69990.0,2023-10-02
FALABELLA,2105536139,KLES0067,WALLY ONE O 1800,1,69990.0,2023-10-04
FALABELLA,2106070660,KLES0067,WALLY ONE O 1800,1,69990.0,2023-10-04
MERCADOLIBRE,2000004487496571,KLES0067,WALLY ONE O 1800,1,69990.0,2023-05-29
MERCADOLIBRE,2000004487496573,KLES0067,WALLY ONE O 1800,1,69990.0,2023-05-29
MERCADOLIBRE,2000004487496575,KLES0067,WALLY ONE O 1800,1,69990.0,2023-05-29
MERCADOLIBRE,2000004487682313,KLES0067,WALLY ONE O 1800,1,69990.0,2023-05-29
MERCADOLIBRE,2000004487682315,KLES0067,WALLY ONE O 1800,1,69990.0,2023-05-29
MERCADOLIBRE,2000004487682317,KLES0067,WALLY ONE O 1800,1,69990.0,2023-05-29
MERCADOLIBRE,2000004488436377,KLES0067,WALLY ONE O 1800,1,69990.0,2023-05-29
MERCADOLIBRE,2000004488464177,KLES0067,WALLY ONE O 1800,1,69990.0,2023-05-29
MERCADOLIBRE,2000004488464179,KLES0067,WALLY ONE O 1800,1,69990.0,2023-05-29
MERCADOLIBRE,2000004488575807,KLES0067,WALLY ONE O 1800,1,69990.0,2023-05-29
MERCADOLIBRE,2000004489360085,KLES0067,WALLY ONE O 1800,1,69990.0,2023-05-29
MERCADOLIBRE,2000004490022131,KLES0067,WALLY ONE O 1800,1,69990.0,2023-05-29
MERCADOLIBRE,2000004490022133,KLES0067,WALLY ONE O 1800,1,69990.0,2023-05-29
MERCADOLIBRE,2000004490312741,KLES0067,WALLY ONE O 1800,1,69990.0,2023-05-29
MERCADOLIBRE,2000004491895927,KLES0067,WALLY ONE O 1800,1,69990.0,2023-05-30
MERCADOLIBRE,2000004492532323,KLES0067,WALLY ONE O 1800,1,69990.0,2023-05-30
MERCADOLIBRE,2000004493619881,KLES0067,WALLY ONE O 1800,1,69990.0,2023-05-30
MERCADOLIBRE,2000004493619883,KLES0067,WALLY ONE O 1800,1,69990.0,2023-05-30
MERCADOLIBRE,2000005736907294,KLES0067,WALLY ONE O 1800,1,69990.0,2023-05-29
MERCADOLIBRE,2000005737574900,KLES0067,WALLY ONE O 1800,1,69990.0,2023-05-29
MERCADOLIBRE,2000005738286694,KLES0067,WALLY ONE O 1800,1,69990.0,2023-05-29
MERCADOLIBRE,2000005738999602,KLES0067,WALLY ONE O 1800,1,69990.0,2023-05-29
MERCADOLIBRE,2000005741979142,KLES0067,WALLY ONE O 1800,1,69990.0,2023-05-29
MERCADOLIBRE,2000005742902264,KLES0067,WALLY ONE O 1800,1,69990.0,2023-05-29
MERCADOLIBRE,2000005743922342,KLES0067,WALLY ONE O 1800,1,69990.0,2023-05-29
MERCADOLIBRE,2000005744684266,KLES0067,WALLY ONE O 1800,1,69990.0,2023-05-30
MERCADOLIBRE,2000005745343806,KLES0067,WALLY ONE O 1800,1,69990.0,2023-05-30
MERCADOLIBRE,2000005748569042,KLES0067,WALLY ONE O 1800,1,69990.0,2023-05-30
MERCADOLIBRE,2000005753967566,KLES0067,WALLY ONE O 1800,1,69990.0,2023-05-31
MERCADOLIBRE,2000005754296452,KLES0067,WALLY ONE O 1800,1,69990.0,2023-05-31
MERCADOLIBRE,2000005754913102,KLES0067,WALLY ONE O 1800,1,69990.0,2023-05-31
MERCADOLIBRE,2000005755517938,KLES0067,WALLY ONE O 1800,1,69990.0,2023-05-31
MERCADOLIBRE,2000005755709298,KLES0067,WALLY ONE O 1800,1,69990.0,2023-05-31
MERCADOLIBRE,2000005756253032,KLES0067,WALLY ONE O 1800,1,69990.0,2023-05-31
MERCADOLIBRE,2000005756467630,KLES0067,WALLY ONE O 1800,1,69990.0,2023-05-31
MERCADOLIBRE,2000005756551016,KLES0067,WALLY ONE O 1800,1,69990.0,2023-05-31
MERCADOLIBRE,2000005756793998,KLES0067,WALLY ONE O 1800,1,69990.0,2023-05-31
MERCADOLIBRE,2000005756814476,KLES0067,WALLY ONE O 1800,1,69990.0,2023-05-31
MERCADOLIBRE,2000005757273154,KLES0067,WALLY ONE O 1800,1,69990.0,2023-05-31
MERCADOLIBRE,2000004583857495,KLES0065,WALLY ONE O 600,1,69990.0,2023-06-29
MERCADOLIBRE,2000004583857497,KLES0065,WALLY ONE O 600,1,69990.0,2023-06-29
MERCADOLIBRE,2000004593521327,KLES0065,WALLY ONE O 600,1,69990.0,2023-07-03
MERCADOLIBRE,2000004593521329,KLES0065,WALLY ONE O 600,1,69990.0,2023-07-03
MERCADOLIBRE,2000004596341069,KLES0065,WALLY ONE O 600,1,69990.0,2023-07-03
MERCADOLIBRE,2000004596341071,KLES0065,WALLY ONE O 600,1,69990.0,2023-07-03
MERCADOLIBRE,2000004599766215,KLES0065,WALLY ONE O 600,1,69990.0,2023-07-04
MERCADOLIBRE,2000004599766217,KLES0065,WALLY ONE O 600,1,69990.0,2023-07-04
MERCADOLIBRE,2000004604890111,KLES0065,WALLY ONE O 600,1,69990.0,2023-07-06
MERCADOLIBRE,2000004604890113,KLES0065,WALLY ONE O 600,1,69990.0,2023-07-06
MERCADOLIBRE,2000004605339437,KLES0065,WALLY ONE O 600,1,69990.0,2023-07-06
MERCADOLIBRE,2000004606436347,KLES0065,WALLY ONE O 600,1,69990.0,2023-07-06
MERCADOLIBRE,2000004606436349,KLES0065,WALLY ONE O 600,1,69990.0,2023-07-06
MERCADOLIBRE,2000004606604335,KLES0065,WALLY ONE O 600,1,69990.0,2023-07-06
MERCADOLIBRE,2000004606604337,KLES0065,WALLY ONE O 600,1,69990.0,2023-07-06
MERCADOLIBRE,2000004606604339,KLES0065,WALLY ONE O 600,1,69990.0,2023-07-06
MERCADOLIBRE,2000004607129253,KLES0065,WALLY ONE O 600,1,69990.0,2023-07-06
MERCADOLIBRE,2000004607129255,KLES0065,WALLY ONE O 600,1,69990.0,2023-07-06
MERCADOLIBRE,2000004612971021,KLES0065,WALLY ONE O 600,1,69990.0,2023-07-09
MERCADOLIBRE,2000004612971023,KLES0065,WALLY ONE O 600,1,69990.0,2023-07-09
MERCADOLIBRE,2000004613162749,KLES0065,WALLY ONE O 600,1,69990.0,2023-07-09
MERCADOLIBRE,2000004613162751,KLES0065,WALLY ONE O 600,1,69990.0,2023-07-09
MERCADOLIBRE,2000004617451695,KLES0065,WALLY ONE O 600,1,69990.0,2023-07-10
MERCADOLIBRE,2000004617852227,KLES0065,WALLY ONE O 600,1,69990.0,2023-07-10
MERCADOLIBRE,2000005880874084,KLES0065,WALLY ONE O 600,1,69990.0,2023-06-19
MERCADOLIBRE,2000005882215606,KLES0065,WALLY ONE O 600,1,69990.0,2023-06-19
MERCADOLIBRE,2000005882303222,KLES0065,WALLY ONE O 600,1,69990.0,2023-06-19
MERCADOLIBRE,2000005883321900,KLES0065,WALLY ONE O 600,1,69990.0,2023-06-19
MERCADOLIBRE,2000005883388048,KLES0065,WALLY ONE O 600,1,69990.0,2023-06-19
MERCADOLIBRE,2000005883483600,KLES0065,WALLY ONE O 600,1,69990.0,2023-06-19
MERCADOLIBRE,2000005941715690,KLES0065,WALLY ONE O 600,1,69990.0,2023-06-28
MERCADOLIBRE,2000005942719270,KLES0065,WALLY ONE O 600,1,69990.0,2023-06-28
MERCADOLIBRE,2000005942737258,KLES0065,WALLY ONE O 600,1,69990.0,2023-06-28
MERCADOLIBRE,2000005943279626,KLES0065,WALLY ONE O 600,1,69990.0,2023-06-29
MERCADOLIBRE,2000005946084660,KLES0065,WALLY ONE O 600,1,69990.0,2023-06-29
MERCADOLIBRE,2000005946185280,KLES0065,WALLY ONE O 600,1,69990.0,2023-06-29
MERCADOLIBRE,2000005947222868,KLES0065,WALLY ONE O 600,1,69990.0,2023-06-29
MERCADOLIBRE,2000005949393898,KLES0065,WALLY ONE O 600,1,69990.0,2023-06-29
MERCADOLIBRE,2000005955562800,KLES0065,WALLY ONE O 600,1,69990.0,2023-06-30
MERCADOLIBRE,2000005955918798,KLES0065,WALLY ONE O 600,1,69990.0,2023-07-01
MERCADOLIBRE,2000005959314330,KLES0065,WALLY ONE O 600,1,69990.0,2023-07-01
MERCADOLIBRE,2000005960380584,KLES0065,WALLY ONE O 600,1,69990.0,2023-07-01
MERCADOLIBRE,2000005960785444,KLES0065,WALLY ONE O 600,1,69990.0,2023-07-02
MERCADOLIBRE,2000005964624596,KLES0065,WALLY ONE O 600,1,69990.0,2023-07-02
MERCADOLIBRE,2000005965132454,KLES0065,WALLY ONE O 600,1,69990.0,2023-07-02
MERCADOLIBRE,2000005968396208,KLES0065,WALLY ONE O 600,1,69990.0,2023-07-03
MERCADOLIBRE,2000005970219896,KLES0065,WALLY ONE O 600,1,69990.0,2023-07-03
MERCADOLIBRE,2000005971515816,KLES0065,WALLY ONE O 600,1,69990.0,2023-07-03
MERCADOLIBRE,2000005972586824,KLES0065,WALLY ONE O 600,1,69990.0,2023-07-03
MERCADOLIBRE,2000005974048524,KLES0065,WALLY ONE O 600,1,69990.0,2023-07-04
MERCADOLIBRE,2000005975946158,KLES0065,WALLY ONE O 600,1,69990.0,2023-07-04
MERCADOLIBRE,2000005976508502,KLES0065,WALLY ONE O 600,1,69990.0,2023-07-04
MERCADOLIBRE,2000005977648898,KLES0065,WALLY ONE O 600,1,69990.0,2023-07-04
MERCADOLIBRE,2000005979310018,KLES0065,WALLY ONE O 600,1,69990.0,2023-07-04
MERCADOLIBRE,2000005979561938,KLES0065,WALLY ONE O 600,1,69990.0,2023-07-04
MERCADOLIBRE,2000005983936156,KLES0065,WALLY ONE O 600,1,69990.0,2023-07-05
MERCADOLIBRE,2000005986485216,KLES0065,WALLY ONE O 600,1,69990.0,2023-07-05
MERCADOLIBRE,2000005986697622,KLES0065,WALLY ONE O 600,1,69990.0,2023-07-05
MERCADOLIBRE,2000005986697864,KLES0065,WALLY ONE O 600,1,69990.0,2023-07-05
MERCADOLIBRE,2000005993871416,KLES0065,WALLY ONE O 600,1,69990.0,2023-07-06
MERCADOLIBRE,2000005997596756,KLES0065,WALLY ONE O 600,1,69990.0,2023-07-07
MERCADOLIBRE,2000005997911446,KLES0065,WALLY ONE O 600,1,69990.0,2023-07-07
MERCADOLIBRE,2000005999001966,KLES0065,WALLY ONE O 600,1,69990.0,2023-07-07
MERCADOLIBRE,2000006004653528,KLES0065,WALLY ONE O 600,1,69990.0,2023-07-08
MERCADOLIBRE,2000006004875624,KLES0065,WALLY ONE O 600,1,69990.0,2023-07-08
MERCADOLIBRE,2000006005203332,KLES0065,WALLY ONE O 600,1,69990.0,2023-07-08
MERCADOLIBRE,2000006008943826,KLES0065,WALLY ONE O 600,1,69990.0,2023-07-08
MERCADOLIBRE,2000006014637736,KLES0065,WALLY ONE O 600,1,69990.0,2023-07-09
MERCADOLIBRE,2000006015575424,KLES0065,WALLY ONE O 600,1,69990.0,2023-07-10
MERCADOLIBRE,2000006020906570,KLES0065,WALLY ONE O 600,1,69990.0,2023-07-10
MERCADOLIBRE,2000006022691110,KLES0065,WALLY ONE O 600,1,69990.0,2023-07-10
MERCADOLIBRE,2000006023336566,KLES0065,WALLY ONE O 600,1,69990.0,2023-07-11
MERCADOLIBRE,2000006025402194,KLES0065,WALLY ONE O 600,1,69990.0,2023-07-11
MERCADOLIBRE,2000006026440836,KLES0065,WALLY ONE O 600,1,69990.0,2023-07-11
MERCADOLIBRE,2000007507432107,KLES0065,WALLY ONE O 600,1,69990.0,2025-04-01
MERCADOLIBRE,2000007507432109,KLES0065,WALLY ONE O 600,1,69990.0,2025-04-01
MERCADOLIBRE,2000007509175145,KLES0065,WALLY ONE O 600,1,69990.0,2025-04-01
MERCADOLIBRE,2000007513226109,KLES0065,WALLY ONE O 600,1,69990.0,2025-04-01
MERCADOLIBRE,2000007514623973,KLES0065,WALLY ONE O 600,1,69990.0,2025-04-02
MERCADOLIBRE,2000007515468997,KLES0065,WALLY ONE O 600,1,69990.0,2025-04-02
MERCADOLIBRE,2000007518480357,KLES0065,WALLY ONE O 600,1,69990.0,2025-04-02
MERCADOLIBRE,2000007523550793,KLES0065,WALLY ONE O 600,1,69990.0,2025-04-03
MERCADOLIBRE,2000007325860793,KLES0070,PTC LIFE 2,1,69594.0,2025-03-07
MERCADOLIBRE,2000007488315013,KLES0070,PTC LIFE 2,1,69594.0,2025-03-29
MERCADOLIBRE,2000010267370697,KLES0066,WALLY ONE O 1200,1,69103.0,2025-11-28
MERCADOLIBRE,2000010267370699,KLES0066,WALLY ONE O 1200,1,69103.0,2025-11-28
MERCADOLIBRE,2000010303358655,KLES0066,WALLY ONE O 1200,1,69103.0,2025-11-30
MERCADOLIBRE,2000005591904497,KLES0070,PTC LIFE 2,1,67890.0,2024-04-02
MERCADOLIBRE,2000007959002160,KLES0070,PTC LIFE 2,1,67890.0,2024-04-03
MERCADOLIBRE,2000007990799158,KLES0070,PTC LIFE 2,1,67495.0,2024-04-07
MERCADOLIBRE,2000008556790949,KLES0073,IR STONE AZUL,1,67195.0,2025-07-18
MERCADOLIBRE,2000004603406719,KLES0065,WALLY ONE O 600,1,66990.0,2023-07-05
MERCADOLIBRE,2000004603681055,KLES0065,WALLY ONE O 600,1,66990.0,2023-07-05
MERCADOLIBRE,2000004604037059,KLES0065,WALLY ONE O 600,1,66990.0,2023-07-06
MERCADOLIBRE,2000004604037061,KLES0065,WALLY ONE O 600,1,66990.0,2023-07-06
MERCADOLIBRE,2000005987539100,KLES0065,WALLY ONE O 600,1,66990.0,2023-07-05
MERCADOLIBRE,2000005987800552,KLES0065,WALLY ONE O 600,1,66990.0,2023-07-05
MERCADOLIBRE,2000005987941576,KLES0065,WALLY ONE O 600,1,66990.0,2023-07-05
MERCADOLIBRE,2000005989722884,KLES0065,WALLY ONE O 600,1,66990.0,2023-07-06
PARIS,2779564860,KLES0070,PTC LIFE 2,1,64990.0,2025-03-21
MERCADOLIBRE,2000004560194453,KLES0070,PTC LIFE 2,1,64990.0,2023-06-20
MERCADOLIBRE,2000004562944793,KLES0070,PTC LIFE 2,1,64990.0,2023-06-21
MERCADOLIBRE,2000004564607835,KLES0070,PTC LIFE 2,1,64990.0,2023-06-23
MERCADOLIBRE,2000004613994569,KLES0070,PTC LIFE 2,1,64990.0,2023-07-09
MERCADOLIBRE,2000004620976573,KLES0070,PTC LIFE 2,1,64990.0,2023-07-11
MERCADOLIBRE,2000004635052129,KLES0070,PTC LIFE 2,1,64990.0,2023-07-15
MERCADOLIBRE,2000004645698191,KLES0070,PTC LIFE 2,1,64990.0,2023-07-19
MERCADOLIBRE,2000005884429858,KLES0070,PTC LIFE 2,1,64990.0,2023-06-19
MERCADOLIBRE,2000005884615818,KLES0070,PTC LIFE 2,1,64990.0,2023-06-19
MERCADOLIBRE,2000005886563660,KLES0070,PTC LIFE 2,1,64990.0,2023-06-19
MERCADOLIBRE,2000005887245594,KLES0070,PTC LIFE 2,1,64990.0,2023-06-20
MERCADOLIBRE,2000005890236800,KLES0070,PTC LIFE 2,1,64990.0,2024-06-12
MERCADOLIBRE,2000005895745774,KLES0070,PTC LIFE 2,1,64990.0,2023-06-21
MERCADOLIBRE,2000005896184878,KLES0070,PTC LIFE 2,1,64990.0,2023-06-21
MERCADOLIBRE,2000005905898162,KLES0070,PTC LIFE 2,1,64990.0,2023-06-22
MERCADOLIBRE,2000005918697900,KLES0070,PTC LIFE 2,1,64990.0,2024-06-19
MERCADOLIBRE,2000005931977176,KLES0070,PTC LIFE 2,1,64990.0,2023-06-27
MERCADOLIBRE,2000005943251160,KLES0070,PTC LIFE 2,1,64990.0,2024-06-25
MERCADOLIBRE,2000005964831872,KLES0070,PTC LIFE 2,1,64990.0,2023-07-02
MERCADOLIBRE,2000005986720946,KLES0070,PTC LIFE 2,1,64990.0,2023-07-05
MERCADOLIBRE,2000006029634360,KLES0070,PTC LIFE 2,1,64990.0,2023-07-11
MERCADOLIBRE,2000006049114754,KLES0070,PTC LIFE 2,1,64990.0,2023-07-14
MERCADOLIBRE,2000006074161274,KLES0070,PTC LIFE 2,1,64990.0,2023-07-18
MERCADOLIBRE,2000006101973832,KLES0070,PTC LIFE 2,1,64990.0,2023-07-22
MERCADOLIBRE,2000006130992120,KLES0070,PTC LIFE 2,1,64990.0,2023-07-26
MERCADOLIBRE,2000006166394922,KLES0070,PTC LIFE 2,1,64990.0,2023-08-01
MERCADOLIBRE,2000006228574558,KLES0070,PTC LIFE 2,1,64990.0,2023-08-09
MERCADOLIBRE,2000006300531004,KLES0070,PTC LIFE 2,1,64990.0,2023-08-20
MERCADOLIBRE,2000008186383220,KLES0070,PTC LIFE 2,1,64990.0,2024-05-03
MERCADOLIBRE,2000008194517870,KLES0070,PTC LIFE 2,1,64990.0,2024-05-05
MERCADOLIBRE,2000008198390790,KLES0070,PTC LIFE 2,1,64990.0,2024-05-05
MERCADOLIBRE,2000008200316270,KLES0070,PTC LIFE 2,1,64990.0,2024-05-06
MERCADOLIBRE,2000008470445610,KLES0070,PTC LIFE 2,1,64990.0,2024-06-07
MERCADOLIBRE,2000008489238190,KLES0070,PTC LIFE 2,1,64990.0,2024-06-10
MERCADOLIBRE,2000008498373330,KLES0070,PTC LIFE 2,1,64990.0,2024-06-11
MERCADOLIBRE,2000008568370210,KLES0070,PTC LIFE 2,1,64990.0,2024-06-19
FALABELLA,2233043130,KLES0071,SKY BLACK,1,64990.0,2024-06-03
FALABELLA,2238089185,KLES0071,SKY BLACK,1,64990.0,2024-06-04
FALABELLA,2244189013,KLES0071,SKY BLACK,1,64990.0,2024-06-05
FALABELLA,2245243116,KLES0071,SKY BLACK,1,64990.0,2024-06-05
FALABELLA,2245652028,KLES0071,SKY BLACK,1,64990.0,2024-06-06
FALABELLA,2245663331,KLES0071,SKY BLACK,1,64990.0,2024-06-06
RIPLEY,23596760501,KLES0066,WALLY ONE O 1200,1,64990.0,2025-06-02
RIPLEY,23603687701,KLES0066,WALLY ONE O 1200,1,64990.0,2025-06-02
RIPLEY,23619346702,KLES0066,WALLY ONE O 1200,1,64990.0,2025-06-03
RIPLEY,23624381701,KLES0066,WALLY ONE O 1200,1,64990.0,2025-06-03
RIPLEY,23630875501,KLES0066,WALLY ONE O 1200,1,64990.0,2025-06-03
RIPLEY,23653943801,KLES0066,WALLY ONE O 1200,1,64990.0,2025-06-04
RIPLEY,23679352101,KLES0066,WALLY ONE O 1200,1,64990.0,2025-06-08
FALABELLA,2065872285,KLES0067,WALLY ONE O 1800,1,64990.0,2023-05-28
FALABELLA,2067818908,KLES0067,WALLY ONE O 1800,1,64990.0,2023-05-31
FALABELLA,2067824264,KLES0067,WALLY ONE O 1800,1,64990.0,2023-05-31
FALABELLA,2067832710,KLES0067,WALLY ONE O 1800,1,64990.0,2023-05-31
FALABELLA,2067973626,KLES0067,WALLY ONE O 1800,1,64990.0,2023-05-31
FALABELLA,2068153713,KLES0067,WALLY ONE O 1800,1,64990.0,2023-05-31
FALABELLA,2068208127,KLES0067,WALLY ONE O 1800,1,64990.0,2023-05-31
FALABELLA,2068213268,KLES0067,WALLY ONE O 1800,1,64990.0,2023-05-31
FALABELLA,2068239690,KLES0067,WALLY ONE O 1800,1,64990.0,2023-05-31
FALABELLA,2068278645,KLES0067,WALLY ONE O 1800,1,64990.0,2023-05-31
FALABELLA,2068334742,KLES0067,WALLY ONE O 1800,1,64990.0,2023-05-31
FALABELLA,2068526203,KLES0067,WALLY ONE O 1800,1,64990.0,2023-06-01
FALABELLA,2068544500,KLES0067,WALLY ONE O 1800,1,64990.0,2023-06-01
FALABELLA,2068568196,KLES0067,WALLY ONE O 1800,1,64990.0,2023-06-01
MERCADOLIBRE,2000004493838169,KLES0067,WALLY ONE O 1800,1,64990.0,2023-05-30
MERCADOLIBRE,2000004494144861,KLES0067,WALLY ONE O 1800,1,64990.0,2023-05-30
MERCADOLIBRE,2000004494985783,KLES0067,WALLY ONE O 1800,1,64990.0,2023-05-31
MERCADOLIBRE,2000004494985785,KLES0067,WALLY ONE O 1800,1,64990.0,2023-05-31
MERCADOLIBRE,2000004497766685,KLES0067,WALLY ONE O 1800,1,64990.0,2023-05-31
MERCADOLIBRE,2000004497766687,KLES0067,WALLY ONE O 1800,1,64990.0,2023-05-31
MERCADOLIBRE,2000004497766689,KLES0067,WALLY ONE O 1800,1,64990.0,2023-05-31
MERCADOLIBRE,2000004497766691,KLES0067,WALLY ONE O 1800,1,64990.0,2023-05-31
MERCADOLIBRE,2000005750260566,KLES0067,WALLY ONE O 1800,1,64990.0,2023-05-30
MERCADOLIBRE,2000005750726268,KLES0067,WALLY ONE O 1800,1,64990.0,2023-05-30
MERCADOLIBRE,2000005750940560,KLES0067,WALLY ONE O 1800,1,64990.0,2023-05-30
MERCADOLIBRE,2000005752087854,KLES0067,WALLY ONE O 1800,1,64990.0,2023-05-31
MERCADOLIBRE,2000005752262930,KLES0067,WALLY ONE O 1800,1,64990.0,2023-05-31
MERCADOLIBRE,2000005752313332,KLES0067,WALLY ONE O 1800,1,64990.0,2023-05-31
MERCADOLIBRE,2000005752703502,KLES0067,WALLY ONE O 1800,1,64990.0,2023-05-31
MERCADOLIBRE,2000005757635442,KLES0067,WALLY ONE O 1800,1,64990.0,2023-05-31
MERCADOLIBRE,2000005757864958,KLES0067,WALLY ONE O 1800,1,64990.0,2023-05-31
MERCADOLIBRE,2000005757992388,KLES0067,WALLY ONE O 1800,1,64990.0,2023-05-31
MERCADOLIBRE,2000005758032882,KLES0067,WALLY ONE O 1800,1,64990.0,2023-05-31
RIPLEY,23657400902,KLES0065,WALLY ONE O 600,1,64990.0,2025-06-04
RIPLEY,23680440401,KLES0065,WALLY ONE O 600,1,64990.0,2025-06-09
RIPLEY,23682927301,KLES0065,WALLY ONE O 600,1,64990.0,2025-06-09
RIPLEY,23688408001,KLES0065,WALLY ONE O 600,1,64990.0,2025-06-11
RIPLEY,23695097701,KLES0065,WALLY ONE O 600,1,64990.0,2025-06-15
MERCADOLIBRE,2000008051718709,KLES0065,WALLY ONE O 600,1,64990.0,2025-06-02
MERCADOLIBRE,2000008055592921,KLES0065,WALLY ONE O 600,1,64990.0,2025-06-02
MERCADOLIBRE,2000008056451261,KLES0065,WALLY ONE O 600,1,64990.0,2025-06-02
MERCADOLIBRE,2000008056451263,KLES0065,WALLY ONE O 600,1,64990.0,2025-06-02
MERCADOLIBRE,2000008056705161,KLES0065,WALLY ONE O 600,1,64990.0,2025-06-02
MERCADOLIBRE,2000008058783501,KLES0065,WALLY ONE O 600,1,64990.0,2025-06-02
MERCADOLIBRE,2000008059869711,KLES0065,WALLY ONE O 600,1,64990.0,2025-06-02
MERCADOLIBRE,2000008062843749,KLES0065,WALLY ONE O 600,1,64990.0,2025-06-02
MERCADOLIBRE,2000009474166253,KLES0065,WALLY ONE O 600,1,64990.0,2025-10-06
MERCADOLIBRE,2000011815703312,KLES0065,WALLY ONE O 600,1,64990.0,2025-06-03
MERCADOLIBRE,2000008290490490,KLES0070,PTC LIFE 2,1,63594.0,2024-05-16
MERCADOLIBRE,2000008291544480,KLES0070,PTC LIFE 2,1,63594.0,2024-05-16
MERCADOLIBRE,2000008296293490,KLES0070,PTC LIFE 2,1,63594.0,2024-05-17
MERCADOLIBRE,2000008313170910,KLES0070,PTC LIFE 2,1,63594.0,2024-05-19
MERCADOLIBRE,2000008324606190,KLES0070,PTC LIFE 2,1,63594.0,2024-05-20
MERCADOLIBRE,2000008342850900,KLES0070,PTC LIFE 2,1,63594.0,2024-05-22
MERCADOLIBRE,2000006095598634,KLES0070,PTC LIFE 2,1,62990.0,2023-07-21
MERCADOLIBRE,2000005913231224,KLES0070,PTC LIFE 2,1,61990.0,2023-06-24
MERCADOLIBRE,2000008647322215,KLES0069,IR STONE BLANCO,1,61194.0,2025-07-28
MERCADOLIBRE,2000007028797917,KLEF0092,MINI VENTILADOR JET,4,60784.0,2025-01-16
MERCADOLIBRE,2000007039774097,KLEF0092,MINI VENTILADOR JET,4,60784.0,2025-01-18
MERCADOLIBRE,2000008410915161,KLES0069,IR STONE BLANCO,1,59995.0,2025-07-06
MERCADOLIBRE,2000008423348859,KLES0069,IR STONE BLANCO,1,59995.0,2025-07-07
MERCADOLIBRE,2000008440991965,KLES0069,IR STONE BLANCO,1,59995.0,2025-07-08
MERCADOLIBRE,2000008448440157,KLES0069,IR STONE BLANCO,1,59995.0,2025-07-09
MERCADOLIBRE,2000008452060001,KLES0069,IR STONE BLANCO,1,59995.0,2025-07-09
MERCADOLIBRE,2000008465904199,KLES0069,IR STONE BLANCO,1,59995.0,2025-07-10
MERCADOLIBRE,2000012219197944,KLES0069,IR STONE BLANCO,1,59995.0,2025-07-07
MERCADOLIBRE,2000010023696961,KLVE0001,Purificador Eolia,1,59995.0,2025-11-15
FALABELLA,2245861254,KLES0073,IR STONE AZUL,1,59990.0,2024-06-06
PARIS,3010215132,KLES0073,IR STONE AZUL,1,59990.0,2025-05-14
PARIS,3010303810,KLES0073,IR STONE AZUL,1,59990.0,2025-05-14
PARIS,3025694030,KLES0073,IR STONE AZUL,1,59990.0,2025-06-16
RIPLEY,23611054401,KLES0073,IR STONE AZUL,1,59990.0,2025-06-02
RIPLEY,23688556101,KLES0073,IR STONE AZUL,1,59990.0,2025-06-12
RIPLEY,23874396601,KLES0073,IR STONE AZUL,1,59990.0,2025-09-07
MERCADOLIBRE,2000006191868235,KLES0073,IR STONE AZUL,1,59990.0,2024-08-18
MERCADOLIBRE,2000006191868237,KLES0073,IR STONE AZUL,1,59990.0,2024-08-18
MERCADOLIBRE,2000006191868239,KLES0073,IR STONE AZUL,1,59990.0,2024-08-18
MERCADOLIBRE,2000008055093707,KLES0073,IR STONE AZUL,1,59990.0,2025-06-02
MERCADOLIBRE,2000008074058019,KLES0073,IR STONE AZUL,1,59990.0,2025-06-03
MERCADOLIBRE,2000008079869641,KLES0073,IR STONE AZUL,1,59990.0,2025-06-04
MERCADOLIBRE,2000008182398555,KLES0073,IR STONE AZUL,1,59990.0,2025-06-13
MERCADOLIBRE,2000008189335829,KLES0073,IR STONE AZUL,1,59990.0,2025-06-14
MERCADOLIBRE,2000008285538775,KLES0073,IR STONE AZUL,1,59990.0,2025-06-24
MERCADOLIBRE,2000008286913029,KLES0073,IR STONE AZUL,1,59990.0,2025-06-24
MERCADOLIBRE,2000008432395290,KLES0073,IR STONE AZUL,1,59990.0,2024-06-03
MERCADOLIBRE,2000008433968010,KLES0073,IR STONE AZUL,1,59990.0,2024-06-04
MERCADOLIBRE,2000008438914590,KLES0073,IR STONE AZUL,1,59990.0,2024-06-04
MERCADOLIBRE,2000008440872580,KLES0073,IR STONE AZUL,1,59990.0,2024-06-04
MERCADOLIBRE,2000008447701410,KLES0073,IR STONE AZUL,1,59990.0,2024-06-05
MERCADOLIBRE,2000008916928830,KLES0073,IR STONE AZUL,1,59990.0,2024-08-01
MERCADOLIBRE,2000008952590912,KLES0073,IR STONE AZUL,1,59990.0,2024-08-05
MERCADOLIBRE,2000008986833564,KLES0073,IR STONE AZUL,1,59990.0,2024-08-08
MERCADOLIBRE,2000009000621152,KLES0073,IR STONE AZUL,1,59990.0,2024-08-10
MERCADOLIBRE,2000011840122828,KLES0073,IR STONE AZUL,1,59990.0,2025-06-04
MERCADOLIBRE,2000011859548190,KLES0073,IR STONE AZUL,1,59990.0,2025-06-06
MERCADOLIBRE,2000011959701536,KLES0073,IR STONE AZUL,1,59990.0,2025-06-15
MERCADOLIBRE,2000011974004264,KLES0073,IR STONE AZUL,1,59990.0,2025-06-16
MERCADOLIBRE,2000012044518190,KLES0073,IR STONE AZUL,1,59990.0,2025-06-23
MERCADOLIBRE,2000012050684102,KLES0073,IR STONE AZUL,1,59990.0,2025-06-23
FALABELLA,2068052417,KLES0069,IR STONE BLANCO,1,59990.0,2023-05-31
FALABELLA,2229057419,KLES0069,IR STONE BLANCO,1,59990.0,2024-06-03
FALABELLA,2242365652,KLES0069,IR STONE BLANCO,1,59990.0,2024-06-05
PARIS,3008086050,KLES0069,IR STONE BLANCO,1,59990.0,2025-05-02
PARIS,3008187080,KLES0069,IR STONE BLANCO,1,59990.0,2025-05-03
PARIS,3008280970,KLES0069,IR STONE BLANCO,1,59990.0,2025-05-04
MERCADOLIBRE,2000005844918880,KLES0069,IR STONE BLANCO,1,59990.0,2024-06-03
MERCADOLIBRE,2000005847155870,KLES0069,IR STONE BLANCO,1,59990.0,2024-06-03
MERCADOLIBRE,2000005859065920,KLES0069,IR STONE BLANCO,1,59990.0,2024-06-05
MERCADOLIBRE,2000008055458097,KLES0069,IR STONE BLANCO,1,59990.0,2025-06-02
MERCADOLIBRE,2000008061192173,KLES0069,IR STONE BLANCO,1,59990.0,2025-06-02
MERCADOLIBRE,2000008063125443,KLES0069,IR STONE BLANCO,1,59990.0,2025-06-02
MERCADOLIBRE,2000008073952773,KLES0069,IR STONE BLANCO,1,59990.0,2025-06-03
MERCADOLIBRE,2000008075228395,KLES0069,IR STONE BLANCO,1,59990.0,2025-06-03
MERCADOLIBRE,2000008089631805,KLES0069,IR STONE BLANCO,1,59990.0,2025-06-05
MERCADOLIBRE,2000008097632831,KLES0069,IR STONE BLANCO,1,59990.0,2025-06-05
MERCADOLIBRE,2000008110073321,KLES0069,IR STONE BLANCO,1,59990.0,2025-06-06
MERCADOLIBRE,2000008113264639,KLES0069,IR STONE BLANCO,1,59990.0,2025-06-07
MERCADOLIBRE,2000008123492333,KLES0069,IR STONE BLANCO,1,59990.0,2025-06-08
MERCADOLIBRE,2000008126528517,KLES0069,IR STONE BLANCO,1,59990.0,2025-06-08
MERCADOLIBRE,2000008128847011,KLES0069,IR STONE BLANCO,1,59990.0,2025-06-09
MERCADOLIBRE,2000008130547829,KLES0069,IR STONE BLANCO,1,59990.0,2025-06-09
MERCADOLIBRE,2000008138039553,KLES0069,IR STONE BLANCO,1,59990.0,2025-06-09
MERCADOLIBRE,2000008154532197,KLES0069,IR STONE BLANCO,1,59990.0,2025-06-11
MERCADOLIBRE,2000008162715795,KLES0069,IR STONE BLANCO,1,59990.0,2025-06-11
MERCADOLIBRE,2000008168873493,KLES0069,IR STONE BLANCO,1,59990.0,2025-06-12
MERCADOLIBRE,2000008177581577,KLES0069,IR STONE BLANCO,1,59990.0,2025-06-13
MERCADOLIBRE,2000008181085231,KLES0069,IR STONE BLANCO,1,59990.0,2025-06-13
MERCADOLIBRE,2000008181768859,KLES0069,IR STONE BLANCO,1,59990.0,2025-06-13
MERCADOLIBRE,2000008181768861,KLES0069,IR STONE BLANCO,1,59990.0,2025-06-13
MERCADOLIBRE,2000008205976045,KLES0069,IR STONE BLANCO,1,59990.0,2025-06-16
MERCADOLIBRE,2000008207042933,KLES0069,IR STONE BLANCO,1,59990.0,2025-06-16
MERCADOLIBRE,2000008208671747,KLES0069,IR STONE BLANCO,1,59990.0,2025-06-16
MERCADOLIBRE,2000008214310461,KLES0069,IR STONE BLANCO,1,59990.0,2025-06-16
MERCADOLIBRE,2000008217082433,KLES0069,IR STONE BLANCO,1,59990.0,2025-06-17
MERCADOLIBRE,2000008218132699,KLES0069,IR STONE BLANCO,1,59990.0,2025-06-17
MERCADOLIBRE,2000008221305653,KLES0069,IR STONE BLANCO,1,59990.0,2025-06-17
MERCADOLIBRE,2000008222970427,KLES0069,IR STONE BLANCO,1,59990.0,2025-06-17
MERCADOLIBRE,2000008228452687,KLES0069,IR STONE BLANCO,1,59990.0,2025-06-18
MERCADOLIBRE,2000008228452689,KLES0069,IR STONE BLANCO,1,59990.0,2025-06-18
MERCADOLIBRE,2000008259982341,KLES0069,IR STONE BLANCO,1,59990.0,2025-06-21
MERCADOLIBRE,2000008268659813,KLES0069,IR STONE BLANCO,1,59990.0,2025-06-22
MERCADOLIBRE,2000008424459080,KLES0069,IR STONE BLANCO,1,59990.0,2024-06-02
MERCADOLIBRE,2000008426867090,KLES0069,IR STONE BLANCO,1,59990.0,2024-06-03
MERCADOLIBRE,2000008433040440,KLES0069,IR STONE BLANCO,1,59990.0,2024-06-03
MERCADOLIBRE,2000008433236790,KLES0069,IR STONE BLANCO,1,59990.0,2024-06-03
MERCADOLIBRE,2000008433772310,KLES0069,IR STONE BLANCO,1,59990.0,2024-06-03
MERCADOLIBRE,2000008436189940,KLES0069,IR STONE BLANCO,1,59990.0,2024-06-04
MERCADOLIBRE,2000008441328590,KLES0069,IR STONE BLANCO,1,59990.0,2024-06-04
MERCADOLIBRE,2000008442619100,KLES0069,IR STONE BLANCO,1,59990.0,2024-06-04
MERCADOLIBRE,2000008451116510,KLES0069,IR STONE BLANCO,1,59990.0,2024-06-05
MERCADOLIBRE,2000011826128920,KLES0069,IR STONE BLANCO,1,59990.0,2025-06-03
MERCADOLIBRE,2000011826753614,KLES0069,IR STONE BLANCO,1,59990.0,2025-06-03
MERCADOLIBRE,2000011880782224,KLES0069,IR STONE BLANCO,1,59990.0,2025-06-08
MERCADOLIBRE,2000011981175942,KLES0069,IR STONE BLANCO,1,59990.0,2025-06-17
FALABELLA,2201248812,KLES0070,PTC LIFE 2,1,59990.0,2024-05-02
FALABELLA,2205385723,KLES0070,PTC LIFE 2,1,59990.0,2024-05-08
FALABELLA,2206464541,KLES0070,PTC LIFE 2,1,59990.0,2024-05-11
FALABELLA,2207858110,KLES0070,PTC LIFE 2,1,59990.0,2024-05-13
FALABELLA,2208959277,KLES0070,PTC LIFE 2,1,59990.0,2024-05-15
FALABELLA,2209243292,KLES0070,PTC LIFE 2,1,59990.0,2024-05-15
FALABELLA,2209615764,KLES0070,PTC LIFE 2,1,59990.0,2024-05-15
FALABELLA,2213368728,KLES0070,PTC LIFE 2,1,59990.0,2024-05-20
FALABELLA,2213406998,KLES0070,PTC LIFE 2,1,59990.0,2024-05-20
FALABELLA,2219242835,KLES0070,PTC LIFE 2,1,59990.0,2024-05-25
FALABELLA,2219860382,KLES0070,PTC LIFE 2,1,59990.0,2024-05-26
MERCADOLIBRE,2000005665080927,KLES0070,PTC LIFE 2,1,59990.0,2024-04-21
MERCADOLIBRE,2000005761622596,KLES0070,PTC LIFE 2,1,59990.0,2023-06-01
MERCADOLIBRE,2000008075024719,KLES0070,PTC LIFE 2,1,59990.0,2025-06-03
MERCADOLIBRE,2000008098391237,KLES0070,PTC LIFE 2,1,59990.0,2025-06-05
MERCADOLIBRE,2000008107316360,KLES0070,PTC LIFE 2,1,59990.0,2024-04-23
MERCADOLIBRE,2000008123250820,KLES0070,PTC LIFE 2,1,59990.0,2024-04-25
MERCADOLIBRE,2000008556171030,KLES0070,PTC LIFE 2,1,59990.0,2024-06-18
MERCADOLIBRE,2000011849152316,KLES0070,PTC LIFE 2,1,59990.0,2025-06-05
MERCADOLIBRE,2000011851973402,KLES0070,PTC LIFE 2,1,59990.0,2025-06-05
MERCADOLIBRE,2000011852790484,KLES0070,PTC LIFE 2,1,59990.0,2025-06-05
MERCADOLIBRE,2000011316514585,KLVE0001,Purificador Eolia,1,59990.0,2026-01-31
MERCADOLIBRE,2000004487401469,KLES0066,WALLY ONE O 1200,1,59990.0,2023-05-29
MERCADOLIBRE,2000004487411705,KLES0066,WALLY ONE O 1200,1,59990.0,2023-05-29
MERCADOLIBRE,2000004487415259,KLES0066,WALLY ONE O 1200,1,59990.0,2023-05-29
MERCADOLIBRE,2000004487415261,KLES0066,WALLY ONE O 1200,1,59990.0,2023-05-29
MERCADOLIBRE,2000004487859851,KLES0066,WALLY ONE O 1200,1,59990.0,2023-05-29
MERCADOLIBRE,2000004487873797,KLES0066,WALLY ONE O 1200,1,59990.0,2023-05-29
MERCADOLIBRE,2000004487873799,KLES0066,WALLY ONE O 1200,1,59990.0,2023-05-29
MERCADOLIBRE,2000004488016437,KLES0066,WALLY ONE O 1200,1,59990.0,2023-05-29
MERCADOLIBRE,2000004488016439,KLES0066,WALLY ONE O 1200,1,59990.0,2023-05-29
MERCADOLIBRE,2000004488250695,KLES0066,WALLY ONE O 1200,1,59990.0,2023-05-29
MERCADOLIBRE,2000004488575805,KLES0066,WALLY ONE O 1200,1,59990.0,2023-05-29
MERCADOLIBRE,2000004488575809,KLES0066,WALLY ONE O 1200,1,59990.0,2023-05-29
MERCADOLIBRE,2000004489029899,KLES0066,WALLY ONE O 1200,1,59990.0,2023-05-29
MERCADOLIBRE,2000004489307521,KLES0066,WALLY ONE O 1200,1,59990.0,2023-05-29
MERCADOLIBRE,2000004489803739,KLES0066,WALLY ONE O 1200,1,59990.0,2023-05-29
MERCADOLIBRE,2000004489803741,KLES0066,WALLY ONE O 1200,1,59990.0,2023-05-29
MERCADOLIBRE,2000004489922979,KLES0066,WALLY ONE O 1200,1,59990.0,2023-05-29
MERCADOLIBRE,2000004490520931,KLES0066,WALLY ONE O 1200,1,59990.0,2023-05-29
MERCADOLIBRE,2000004490888411,KLES0066,WALLY ONE O 1200,1,59990.0,2023-05-29
MERCADOLIBRE,2000004491012989,KLES0066,WALLY ONE O 1200,1,59990.0,2023-05-30
MERCADOLIBRE,2000005736776468,KLES0066,WALLY ONE O 1200,1,59990.0,2023-05-29
MERCADOLIBRE,2000005736845178,KLES0066,WALLY ONE O 1200,1,59990.0,2023-05-29
MERCADOLIBRE,2000005736861034,KLES0066,WALLY ONE O 1200,1,59990.0,2023-05-29
MERCADOLIBRE,2000005737166194,KLES0066,WALLY ONE O 1200,1,59990.0,2023-05-29
MERCADOLIBRE,2000005737659768,KLES0066,WALLY ONE O 1200,1,59990.0,2023-05-29
MERCADOLIBRE,2000005737823836,KLES0066,WALLY ONE O 1200,1,59990.0,2023-05-29
MERCADOLIBRE,2000005737978534,KLES0066,WALLY ONE O 1200,1,59990.0,2023-05-29
MERCADOLIBRE,2000005738324320,KLES0066,WALLY ONE O 1200,1,59990.0,2023-05-29
MERCADOLIBRE,2000005738333698,KLES0066,WALLY ONE O 1200,1,59990.0,2023-05-29
MERCADOLIBRE,2000005738383154,KLES0066,WALLY ONE O 1200,1,59990.0,2023-05-29
MERCADOLIBRE,2000005739012168,KLES0066,WALLY ONE O 1200,1,59990.0,2023-05-29
MERCADOLIBRE,2000005739433048,KLES0066,WALLY ONE O 1200,1,59990.0,2023-05-29
MERCADOLIBRE,2000005739443436,KLES0066,WALLY ONE O 1200,1,59990.0,2023-05-29
MERCADOLIBRE,2000005739498024,KLES0066,WALLY ONE O 1200,1,59990.0,2023-05-29
MERCADOLIBRE,2000005739514630,KLES0066,WALLY ONE O 1200,1,59990.0,2023-05-29
MERCADOLIBRE,2000005740004696,KLES0066,WALLY ONE O 1200,1,59990.0,2023-05-29
MERCADOLIBRE,2000005740233642,KLES0066,WALLY ONE O 1200,1,59990.0,2023-05-29
MERCADOLIBRE,2000005740351706,KLES0066,WALLY ONE O 1200,1,59990.0,2023-05-29
MERCADOLIBRE,2000005740451520,KLES0066,WALLY ONE O 1200,1,59990.0,2023-05-29
MERCADOLIBRE,2000005740913738,KLES0066,WALLY ONE O 1200,1,59990.0,2023-05-29
MERCADOLIBRE,2000005742320934,KLES0066,WALLY ONE O 1200,1,59990.0,2023-05-29
MERCADOLIBRE,2000005743530438,KLES0066,WALLY ONE O 1200,1,59990.0,2023-05-29
MERCADOLIBRE,2000005743824290,KLES0066,WALLY ONE O 1200,1,59990.0,2023-05-29
MERCADOLIBRE,2000005743871100,KLES0066,WALLY ONE O 1200,1,59990.0,2023-05-29
MERCADOLIBRE,2000005744067738,KLES0066,WALLY ONE O 1200,1,59990.0,2023-05-29
MERCADOLIBRE,2000005744162840,KLES0066,WALLY ONE O 1200,1,59990.0,2023-05-30
MERCADOLIBRE,2000005744173326,KLES0066,WALLY ONE O 1200,1,59990.0,2023-05-30
MERCADOLIBRE,2000005744393430,KLES0066,WALLY ONE O 1200,1,59990.0,2023-05-30
MERCADOLIBRE,2000005744401558,KLES0066,WALLY ONE O 1200,1,59990.0,2023-05-30
MERCADOLIBRE,2000005744490666,KLES0066,WALLY ONE O 1200,1,59990.0,2023-05-30
MERCADOLIBRE,2000005744843570,KLES0066,WALLY ONE O 1200,1,59990.0,2023-05-30
MERCADOLIBRE,2000005745628214,KLES0066,WALLY ONE O 1200,1,59990.0,2023-05-30
MERCADOLIBRE,2000005746010958,KLES0066,WALLY ONE O 1200,1,59990.0,2023-05-30
FALABELLA,2068815881,KLES0065,WALLY ONE O 600,1,59990.0,2023-06-02
FALABELLA,2069093031,KLES0065,WALLY ONE O 600,1,59990.0,2023-06-04
MERCADOLIBRE,2000004473254477,KLES0065,WALLY ONE O 600,1,59990.0,2023-05-23
MERCADOLIBRE,2000004473254479,KLES0065,WALLY ONE O 600,1,59990.0,2023-05-23
MERCADOLIBRE,2000004474725541,KLES0065,WALLY ONE O 600,1,59990.0,2023-05-23
MERCADOLIBRE,2000004474725543,KLES0065,WALLY ONE O 600,1,59990.0,2023-05-23
MERCADOLIBRE,2000004477690107,KLES0065,WALLY ONE O 600,1,59990.0,2023-05-24
MERCADOLIBRE,2000004479686147,KLES0065,WALLY ONE O 600,1,59990.0,2023-05-25
MERCADOLIBRE,2000004479686151,KLES0065,WALLY ONE O 600,1,59990.0,2023-05-25
MERCADOLIBRE,2000004480213081,KLES0065,WALLY ONE O 600,1,59990.0,2023-05-25
MERCADOLIBRE,2000004480213083,KLES0065,WALLY ONE O 600,1,59990.0,2023-05-25
MERCADOLIBRE,2000004483116937,KLES0065,WALLY ONE O 600,1,59990.0,2023-05-26
MERCADOLIBRE,2000004483116939,KLES0065,WALLY ONE O 600,1,59990.0,2023-05-26
MERCADOLIBRE,2000004484955273,KLES0065,WALLY ONE O 600,1,59990.0,2023-05-27
MERCADOLIBRE,2000004486574365,KLES0065,WALLY ONE O 600,1,59990.0,2023-05-28
MERCADOLIBRE,2000005709084640,KLES0065,WALLY ONE O 600,1,59990.0,2023-05-23
MERCADOLIBRE,2000005709209308,KLES0065,WALLY ONE O 600,1,59990.0,2023-05-23
MERCADOLIBRE,2000005709882738,KLES0065,WALLY ONE O 600,1,59990.0,2023-05-24
MERCADOLIBRE,2000005710616588,KLES0065,WALLY ONE O 600,1,59990.0,2023-05-24
MERCADOLIBRE,2000005712465882,KLES0065,WALLY ONE O 600,1,59990.0,2023-05-24
MERCADOLIBRE,2000005713273138,KLES0065,WALLY ONE O 600,1,59990.0,2023-05-24
MERCADOLIBRE,2000005715548006,KLES0065,WALLY ONE O 600,1,59990.0,2023-05-24
MERCADOLIBRE,2000005717372674,KLES0065,WALLY ONE O 600,1,59990.0,2023-05-25
MERCADOLIBRE,2000005717468626,KLES0065,WALLY ONE O 600,1,59990.0,2023-05-25
MERCADOLIBRE,2000005718820950,KLES0065,WALLY ONE O 600,1,59990.0,2023-05-25
MERCADOLIBRE,2000005724585360,KLES0065,WALLY ONE O 600,1,59990.0,2023-05-26
MERCADOLIBRE,2000005725965310,KLES0065,WALLY ONE O 600,1,59990.0,2023-05-26
MERCADOLIBRE,2000005728453264,KLES0065,WALLY ONE O 600,1,59990.0,2023-05-27
MERCADOLIBRE,2000005731886604,KLES0065,WALLY ONE O 600,1,59990.0,2023-05-27
MERCADOLIBRE,2000005732835592,KLES0065,WALLY ONE O 600,1,59990.0,2023-05-28
MERCADOLIBRE,2000005732995284,KLES0065,WALLY ONE O 600,1,59990.0,2023-05-28
MERCADOLIBRE,2000010114320411,KLEF0092,MINI VENTILADOR JET,3,59985.0,2025-11-20
MERCADOLIBRE,2000010547024897,KLEF0092,MINI VENTILADOR JET,3,59985.0,2025-12-13
MERCADOLIBRE,2000012007191061,LOIE0005,Lámpara de Camping Sirius Silver,4,59960.0,2026-03-12
FALABELLA,2681241614,KLEF0092,MINI VENTILADOR JET,6,59940.0,2024-12-24
MERCADOLIBRE,2000005924950094,KLES0069,IR STONE BLANCO,1,58190.0,2023-06-26
MERCADOLIBRE,2000005932493532,KLES0069,IR STONE BLANCO,1,58190.0,2023-06-27
MERCADOLIBRE,2000005935506082,KLES0069,IR STONE BLANCO,1,58190.0,2023-06-27
MERCADOLIBRE,2000005935619914,KLES0069,IR STONE BLANCO,1,58190.0,2023-06-27
MERCADOLIBRE,2000005935814506,KLES0069,IR STONE BLANCO,1,58190.0,2023-06-27
MERCADOLIBRE,2000005947173206,KLES0069,IR STONE BLANCO,1,58190.0,2023-06-29
MERCADOLIBRE,2000005947207422,KLES0069,IR STONE BLANCO,1,58190.0,2023-06-29
MERCADOLIBRE,2000005948031960,KLES0069,IR STONE BLANCO,1,58190.0,2023-06-29
MERCADOLIBRE,2000005948070236,KLES0069,IR STONE BLANCO,1,58190.0,2023-06-29
MERCADOLIBRE,2000005949509210,KLES0069,IR STONE BLANCO,1,58190.0,2023-06-29
MERCADOLIBRE,2000005949641322,KLES0069,IR STONE BLANCO,1,58190.0,2023-06-29
MERCADOLIBRE,2000005979532060,KLES0069,IR STONE BLANCO,1,58190.0,2023-07-04
MERCADOLIBRE,2000005980631556,KLES0069,IR STONE BLANCO,1,58190.0,2023-07-04
MERCADOLIBRE,2000004584457885,KLES0070,PTC LIFE 2,1,58190.0,2023-06-29
MERCADOLIBRE,2000004584900639,KLES0070,PTC LIFE 2,1,58190.0,2023-06-29
MERCADOLIBRE,2000005924375432,KLES0070,PTC LIFE 2,1,58190.0,2023-06-26
MERCADOLIBRE,2000005927334400,KLES0070,PTC LIFE 2,1,58190.0,2023-06-26
MERCADOLIBRE,2000005932215824,KLES0070,PTC LIFE 2,1,58190.0,2023-06-27
MERCADOLIBRE,2000005934385912,KLES0070,PTC LIFE 2,1,58190.0,2023-06-27
MERCADOLIBRE,2000005945606366,KLES0070,PTC LIFE 2,1,58190.0,2023-06-29
MERCADOLIBRE,2000005949671934,KLES0070,PTC LIFE 2,1,58190.0,2023-06-30
MERCADOLIBRE,2000008463100690,KLES0073,IR STONE AZUL,1,56990.0,2024-06-06
MERCADOLIBRE,2000008452774590,KLES0069,IR STONE BLANCO,1,56990.0,2024-06-05
FALABELLA,2227693521,KLES0069,IR STONE BLANCO,1,54990.0,2024-06-03
FALABELLA,2065813004,KLES0066,WALLY ONE O 1200,1,54990.0,2023-05-28
FALABELLA,2065847469,KLES0066,WALLY ONE O 1200,1,54990.0,2023-05-28
FALABELLA,2065931701,KLES0066,WALLY ONE O 1200,1,54990.0,2023-05-28
FALABELLA,2065935204,KLES0066,WALLY ONE O 1200,1,54990.0,2023-05-28
FALABELLA,2065956202,KLES0066,WALLY ONE O 1200,1,54990.0,2023-05-29
FALABELLA,2065959529,KLES0066,WALLY ONE O 1200,1,54990.0,2023-05-29
FALABELLA,2065994771,KLES0066,WALLY ONE O 1200,1,54990.0,2023-05-29
FALABELLA,2066018312,KLES0066,WALLY ONE O 1200,1,54990.0,2023-05-29
FALABELLA,2066052046,KLES0066,WALLY ONE O 1200,1,54990.0,2023-05-29
FALABELLA,2066093260,KLES0066,WALLY ONE O 1200,1,54990.0,2023-05-29
FALABELLA,2066116361,KLES0066,WALLY ONE O 1200,1,54990.0,2023-05-29
FALABELLA,2066120386,KLES0066,WALLY ONE O 1200,1,54990.0,2023-05-29
FALABELLA,2066132953,KLES0066,WALLY ONE O 1200,1,54990.0,2023-05-29
FALABELLA,2066160952,KLES0066,WALLY ONE O 1200,1,54990.0,2023-05-29
FALABELLA,2066179870,KLES0066,WALLY ONE O 1200,1,54990.0,2023-05-29
FALABELLA,2066181603,KLES0066,WALLY ONE O 1200,1,54990.0,2023-05-29
FALABELLA,2066187809,KLES0066,WALLY ONE O 1200,1,54990.0,2023-05-29
FALABELLA,2066191633,KLES0066,WALLY ONE O 1200,1,54990.0,2023-05-29
FALABELLA,2066221338,KLES0066,WALLY ONE O 1200,1,54990.0,2023-05-29
FALABELLA,2066245770,KLES0066,WALLY ONE O 1200,1,54990.0,2023-05-29
FALABELLA,2066279549,KLES0066,WALLY ONE O 1200,1,54990.0,2023-05-29
FALABELLA,2066296193,KLES0066,WALLY ONE O 1200,1,54990.0,2023-05-29
FALABELLA,2066298157,KLES0066,WALLY ONE O 1200,1,54990.0,2023-05-29
FALABELLA,2066359432,KLES0066,WALLY ONE O 1200,1,54990.0,2023-05-29
FALABELLA,2066360597,KLES0066,WALLY ONE O 1200,1,54990.0,2023-05-29
FALABELLA,2066361630,KLES0066,WALLY ONE O 1200,1,54990.0,2023-05-29
FALABELLA,2066403696,KLES0066,WALLY ONE O 1200,1,54990.0,2023-05-29
FALABELLA,2066422735,KLES0066,WALLY ONE O 1200,1,54990.0,2023-05-29
FALABELLA,2066448524,KLES0066,WALLY ONE O 1200,1,54990.0,2023-05-29
FALABELLA,2066545195,KLES0066,WALLY ONE O 1200,1,54990.0,2023-05-29
FALABELLA,2066618603,KLES0066,WALLY ONE O 1200,1,54990.0,2023-05-29
FALABELLA,2066636044,KLES0066,WALLY ONE O 1200,1,54990.0,2023-05-29
FALABELLA,2066657208,KLES0066,WALLY ONE O 1200,1,54990.0,2023-05-29
FALABELLA,2066693342,KLES0066,WALLY ONE O 1200,1,54990.0,2023-05-29
FALABELLA,2066730404,KLES0066,WALLY ONE O 1200,1,54990.0,2023-05-29
FALABELLA,2066808366,KLES0066,WALLY ONE O 1200,1,54990.0,2023-05-29
FALABELLA,2066824335,KLES0066,WALLY ONE O 1200,1,54990.0,2023-05-29
FALABELLA,2066879948,KLES0066,WALLY ONE O 1200,1,54990.0,2023-05-30
FALABELLA,2066881135,KLES0066,WALLY ONE O 1200,1,54990.0,2023-05-30
FALABELLA,2066912390,KLES0066,WALLY ONE O 1200,1,54990.0,2023-05-30
FALABELLA,2066932244,KLES0066,WALLY ONE O 1200,1,54990.0,2023-05-30
FALABELLA,2066971627,KLES0066,WALLY ONE O 1200,1,54990.0,2023-05-30
FALABELLA,2066984243,KLES0066,WALLY ONE O 1200,1,54990.0,2023-05-30
FALABELLA,2066993696,KLES0066,WALLY ONE O 1200,1,54990.0,2023-05-30
FALABELLA,2067022351,KLES0066,WALLY ONE O 1200,1,54990.0,2023-05-30
FALABELLA,2067054977,KLES0066,WALLY ONE O 1200,1,54990.0,2023-05-30
FALABELLA,2067056163,KLES0066,WALLY ONE O 1200,1,54990.0,2023-05-30
FALABELLA,2067062971,KLES0066,WALLY ONE O 1200,1,54990.0,2023-05-30
FALABELLA,2067116376,KLES0066,WALLY ONE O 1200,1,54990.0,2023-05-30
FALABELLA,2067126272,KLES0066,WALLY ONE O 1200,1,54990.0,2023-05-30
FALABELLA,2067164130,KLES0066,WALLY ONE O 1200,1,54990.0,2023-05-30
FALABELLA,2067182900,KLES0066,WALLY ONE O 1200,1,54990.0,2023-05-30
FALABELLA,2067196267,KLES0066,WALLY ONE O 1200,1,54990.0,2023-05-30
FALABELLA,2067222350,KLES0066,WALLY ONE O 1200,1,54990.0,2023-05-30
FALABELLA,2067222486,KLES0066,WALLY ONE O 1200,1,54990.0,2023-05-30
FALABELLA,2067256253,KLES0066,WALLY ONE O 1200,1,54990.0,2023-05-30
FALABELLA,2065931701,KLES0065,WALLY ONE O 600,1,52990.0,2023-05-28
FALABELLA,2066005658,KLES0065,WALLY ONE O 600,1,52990.0,2023-05-29
FALABELLA,2066024689,KLES0065,WALLY ONE O 600,1,52990.0,2023-05-29
FALABELLA,2066191633,KLES0065,WALLY ONE O 600,1,52990.0,2023-05-29
FALABELLA,2066322045,KLES0065,WALLY ONE O 600,1,52990.0,2023-05-29
FALABELLA,2066332299,KLES0065,WALLY ONE O 600,1,52990.0,2023-05-29
FALABELLA,2066376634,KLES0065,WALLY ONE O 600,1,52990.0,2023-05-29
FALABELLA,2066403696,KLES0065,WALLY ONE O 600,1,52990.0,2023-05-29
FALABELLA,2066800669,KLES0065,WALLY ONE O 600,1,52990.0,2023-05-29
FALABELLA,2066965027,KLES0065,WALLY ONE O 600,1,52990.0,2023-05-30
FALABELLA,2067158979,KLES0065,WALLY ONE O 600,1,52990.0,2023-05-30
FALABELLA,2067205426,KLES0065,WALLY ONE O 600,1,52990.0,2023-05-30
FALABELLA,2067223865,KLES0065,WALLY ONE O 600,1,52990.0,2023-05-30
FALABELLA,2067287564,KLES0065,WALLY ONE O 600,1,52990.0,2023-05-30
FALABELLA,2067324707,KLES0065,WALLY ONE O 600,1,52990.0,2023-05-30
FALABELLA,2067390168,KLES0065,WALLY ONE O 600,1,52990.0,2023-05-30
FALABELLA,2067624077,KLES0065,WALLY ONE O 600,1,52990.0,2023-05-31
FALABELLA,2067687858,KLES0065,WALLY ONE O 600,1,52990.0,2023-05-31
FALABELLA,2067851253,KLES0065,WALLY ONE O 600,1,52990.0,2023-05-31
FALABELLA,2068045973,KLES0065,WALLY ONE O 600,1,52990.0,2023-05-31
FALABELLA,2068088678,KLES0065,WALLY ONE O 600,1,52990.0,2023-05-31
FALABELLA,2068163345,KLES0065,WALLY ONE O 600,1,52990.0,2023-05-31
FALABELLA,2068187474,KLES0065,WALLY ONE O 600,1,52990.0,2023-05-31
FALABELLA,2068220194,KLES0065,WALLY ONE O 600,1,52990.0,2023-05-31
FALABELLA,2068227890,KLES0065,WALLY ONE O 600,1,52990.0,2023-05-31
FALABELLA,2068234201,KLES0065,WALLY ONE O 600,1,52990.0,2023-05-31
FALABELLA,2068299837,KLES0065,WALLY ONE O 600,1,52990.0,2023-05-31
FALABELLA,2068326512,KLES0065,WALLY ONE O 600,1,52990.0,2023-05-31
FALABELLA,2068536977,KLES0065,WALLY ONE O 600,1,52990.0,2023-06-01
MERCADOLIBRE,2000010091605097,KLVE0001,Purificador Eolia,1,51596.0,2025-11-18
MERCADOLIBRE,2000013900326144,KLVE0001,Purificador Eolia,1,51596.0,2025-11-19
MERCADOLIBRE,2000013903370252,KLVE0001,Purificador Eolia,1,50396.0,2025-11-19
MERCADOLIBRE,2000013922194296,KLVE0001,Purificador Eolia,1,50396.0,2025-11-21
PARIS,3064807530,LOJM0001,CARRETE MANGUERA RETRÁCTIL 20M,1,49990.0,2025-11-29
PARIS,3070074300,LOJM0001,CARRETE MANGUERA RETRÁCTIL 20M,1,49990.0,2025-12-08
PARIS,3070122561,LOJM0001,CARRETE MANGUERA RETRÁCTIL 20M,1,49990.0,2025-12-08
PARIS,3076280970,LOJM0001,CARRETE MANGUERA RETRÁCTIL 20M,1,49990.0,2025-12-24
PARIS,3080040350,LOJM0001,CARRETE MANGUERA RETRÁCTIL 20M,1,49990.0,2026-01-15
PARIS,3080127290,LOJM0001,CARRETE MANGUERA RETRÁCTIL 20M,1,49990.0,2026-01-15
PARIS,3080513980,LOJM0001,CARRETE MANGUERA RETRÁCTIL 20M,1,49990.0,2026-01-18
PARIS,3081737450,LOJM0001,CARRETE MANGUERA RETRÁCTIL 20M,1,49990.0,2026-01-26
PARIS,3083669920,LOJM0001,CARRETE MANGUERA RETRÁCTIL 20M,1,49990.0,2026-02-04
PARIS,3084411760,LOJM0001,CARRETE MANGUERA RETRÁCTIL 20M,1,49990.0,2026-02-10
FALABELLA,2232500982,KLES0070,PTC LIFE 2,1,49990.0,2024-06-03
FALABELLA,2238823240,KLES0070,PTC LIFE 2,1,49990.0,2024-06-04
FALABELLA,2241610325,KLES0070,PTC LIFE 2,1,49990.0,2024-06-05
FALABELLA,2243897160,KLES0070,PTC LIFE 2,1,49990.0,2024-06-05
MERCADOLIBRE,2000005850255700,KLES0070,PTC LIFE 2,1,49990.0,2024-06-04
MERCADOLIBRE,2000008443402660,KLES0070,PTC LIFE 2,1,49990.0,2024-06-04
FALABELLA,2165141563,KLEF0092,MINI VENTILADOR JET,2,49980.0,2024-02-12
MERCADOLIBRE,2000005427741473,KLEF0092,MINI VENTILADOR JET,2,49980.0,2024-02-19
MERCADOLIBRE,2000005507807347,KLEF0092,MINI VENTILADOR JET,2,49980.0,2024-03-11
MERCADOLIBRE,2000010149496393,KLVE0001,Purificador Eolia,1,49196.0,2025-11-22
MERCADOLIBRE,2000010149961953,KLVE0001,Purificador Eolia,1,49196.0,2025-11-22
MERCADOLIBRE,2000010166827387,KLVE0001,Purificador Eolia,1,49196.0,2025-11-23
MERCADOLIBRE,2000010168175031,KLVE0001,Purificador Eolia,1,49196.0,2025-11-24
MERCADOLIBRE,2000010585018277,KLVE0001,Purificador Eolia,1,49196.0,2025-12-15
MERCADOLIBRE,2000010640430725,KLVE0001,Purificador Eolia,1,49196.0,2025-12-18
MERCADOLIBRE,2000010650447955,KLVE0001,Purificador Eolia,1,49196.0,2025-12-18
MERCADOLIBRE,2000010736111951,KLVE0001,Purificador Eolia,1,49196.0,2025-12-24
MERCADOLIBRE,2000013958794840,KLVE0001,Purificador Eolia,1,49196.0,2025-11-24
MERCADOLIBRE,2000006933395665,KLEF0092,MINI VENTILADOR JET,4,47988.0,2024-12-30
MERCADOLIBRE,2000005591306275,KLEF0092,MINI VENTILADOR JET,2,47980.0,2024-04-02
MERCADOLIBRE,2000005805452960,KLEF0092,MINI VENTILADOR JET,2,45980.0,2024-05-23
MERCADOLIBRE,2000007003674571,KLEF0092,MINI VENTILADOR JET,3,45588.0,2025-01-12
FALABELLA,2228564507,KLES0070,PTC LIFE 2,1,44990.0,2024-06-03
FALABELLA,2232337964,KLES0070,PTC LIFE 2,1,44990.0,2024-06-03
FALABELLA,2235872426,KLES0070,PTC LIFE 2,1,44990.0,2024-06-04
FALABELLA,2238884575,KLES0070,PTC LIFE 2,1,44990.0,2024-06-04
FALABELLA,2239536578,KLES0070,PTC LIFE 2,1,44990.0,2024-06-05
FALABELLA,2239821488,KLES0070,PTC LIFE 2,1,44990.0,2024-06-05
FALABELLA,2240472722,KLES0070,PTC LIFE 2,1,44990.0,2024-06-05
FALABELLA,2240626085,KLES0070,PTC LIFE 2,1,44990.0,2024-06-05
FALABELLA,2241811202,KLES0070,PTC LIFE 2,1,44990.0,2024-06-05
FALABELLA,2245090148,KLES0070,PTC LIFE 2,1,44990.0,2024-06-05
FALABELLA,2245289243,KLES0070,PTC LIFE 2,1,44990.0,2024-06-05
FALABELLA,2245376380,KLES0070,PTC LIFE 2,1,44990.0,2024-06-06
RIPLEY,23600378401,KLES0070,PTC LIFE 2,1,44990.0,2025-06-02
MERCADOLIBRE,2000008452888470,KLES0070,PTC LIFE 2,1,44990.0,2024-06-05
MERCADOLIBRE,2000008453051950,KLES0070,PTC LIFE 2,1,44990.0,2024-06-05
MERCADOLIBRE,2000008453371760,KLES0070,PTC LIFE 2,1,44990.0,2024-06-05
FALABELLA,2240693973,KLES0068,PTC BEE,3,44970.0,2024-06-05
MERCADOLIBRE,2000007170715705,KLEF0092,MINI VENTILADOR JET,2,41420.0,2025-02-10
MERCADOLIBRE,2000007195640567,KLEF0092,MINI VENTILADOR JET,2,41420.0,2025-02-13
MERCADOLIBRE,2000010441424981,KLEF0092,MINI VENTILADOR JET,2,39990.0,2025-12-08
MERCADOLIBRE,2000005960384150,KLES0068,PTC BEE,1,39990.0,2024-06-28
MERCADOLIBRE,2000006005010901,KLES0068,PTC BEE,1,39990.0,2024-07-08
MERCADOLIBRE,2000008510406360,KLES0068,PTC BEE,1,39990.0,2024-06-12
MERCADOLIBRE,2000008831067060,KLES0068,PTC BEE,1,39990.0,2024-07-21
PARIS,3005374100,KLES0070,PTC LIFE 2,1,39990.0,2025-04-17
PARIS,3006122710,KLES0070,PTC LIFE 2,1,39990.0,2025-04-23
RIPLEY,23509589201,KLES0070,PTC LIFE 2,1,39990.0,2025-05-06
RIPLEY,23513020201,KLES0070,PTC LIFE 2,1,39990.0,2025-05-07
PARIS,3069826360,KLVE0001,Purificador Eolia,1,39990.0,2025-12-08
PARIS,3073560700,KLVE0001,Purificador Eolia,1,39990.0,2025-12-16
PARIS,3074189410,KLVE0001,Purificador Eolia,1,39990.0,2025-12-18
PARIS,3074325650,KLVE0001,Purificador Eolia,1,39990.0,2025-12-18
PARIS,3077327040,KLVE0001,Purificador Eolia,1,39990.0,2025-12-30
PARIS,3077421560,KLVE0001,Purificador Eolia,1,39990.0,2025-12-31
PARIS,3078363790,KLVE0001,Purificador Eolia,1,39990.0,2026-01-06
PARIS,3078928590,KLVE0001,Purificador Eolia,1,39990.0,2026-01-08
PARIS,3079168800,KLVE0001,Purificador Eolia,1,39990.0,2026-01-10
PARIS,3079541050,KLVE0001,Purificador Eolia,1,39990.0,2026-01-12
PARIS,3081563623,KLVE0001,Purificador Eolia,1,39990.0,2026-01-25
PARIS,3081815690,KLVE0001,Purificador Eolia,1,39990.0,2026-01-26
PARIS,3081880470,KLVE0001,Purificador Eolia,1,39990.0,2026-01-27
PARIS,3082389420,KLVE0001,Purificador Eolia,1,39990.0,2026-01-29
PARIS,3083303470,KLVE0001,Purificador Eolia,1,39990.0,2026-02-04
RIPLEY,24314743001,KLEF0092,MINI VENTILADOR JET,2,39980.0,2025-12-29
RIPLEY,24316040601,KLEF0092,MINI VENTILADOR JET,2,39980.0,2025-12-29
RIPLEY,24320582501,KLEF0092,MINI VENTILADOR JET,2,39980.0,2026-01-02
MERCADOLIBRE,2000005468535019,KLEF0092,MINI VENTILADOR JET,2,39980.0,2024-03-01
MERCADOLIBRE,2000005476166669,KLEF0092,MINI VENTILADOR JET,2,39980.0,2024-03-03
MERCADOLIBRE,2000005477422253,KLEF0092,MINI VENTILADOR JET,2,39980.0,2024-03-03
MERCADOLIBRE,2000007919415537,KLEF0092,MINI VENTILADOR JET,2,39980.0,2025-05-19
MERCADOLIBRE,2000008843693557,KLEF0092,MINI VENTILADOR JET,2,39980.0,2025-08-13
FALABELLA,2681131374,KLEF0092,MINI VENTILADOR JET,4,39960.0,2024-12-24
FALABELLA,2685744093,KLEF0092,MINI VENTILADOR JET,4,39960.0,2024-12-30
MERCADOLIBRE,2000007311324817,KLEF0092,MINI VENTILADOR JET,2,38898.0,2025-03-05
MERCADOLIBRE,2000006789869926,KLEF0092,MINI VENTILADOR JET,1,37990.0,2023-10-31
MERCADOLIBRE,2000007009954567,KLEF0092,MINI VENTILADOR JET,1,37990.0,2025-01-13
MERCADOLIBRE,2000010311250495,KLEF0092,MINI VENTILADOR JET,2,37590.0,2025-12-01
MERCADOLIBRE,2000006774198161,KLEF0092,MINI VENTILADOR JET,3,35991.0,2024-12-05
MERCADOLIBRE,2000006857096657,KLEF0092,MINI VENTILADOR JET,3,35991.0,2024-12-16
MERCADOLIBRE,2000006933831821,KLEF0092,MINI VENTILADOR JET,3,35991.0,2024-12-30
MERCADOLIBRE,2000005876426750,KLEF0092,MINI VENTILADOR JET,2,35980.0,2024-06-09
MERCADOLIBRE,2000005714780980,KLES0068,PTC BEE,2,35160.0,2024-05-03
MERCADOLIBRE,2000005731587220,KLES0068,PTC BEE,2,35160.0,2024-05-07
MERCADOLIBRE,2000008074292001,KLEF0092,MINI VENTILADOR JET,2,34782.0,2025-06-03
MERCADOLIBRE,2000008076269163,KLEF0092,MINI VENTILADOR JET,2,34782.0,2025-06-04
PARIS,3002033060,KLES0068,PTC BEE,2,33980.0,2025-03-31
MERCADOLIBRE,2000005791465140,KLES0068,PTC BEE,2,33980.0,2024-05-21
MERCADOLIBRE,2000007899128031,KLES0068,PTC BEE,2,33980.0,2025-05-16
MERCADOLIBRE,2000007999845594,KLEF0092,MINI VENTILADOR JET,1,31990.0,2024-04-08
MERCADOLIBRE,2000005635006569,KLES0068,PTC BEE,2,31020.0,2024-04-13
MERCADOLIBRE,2000005635072587,KLES0068,PTC BEE,2,31020.0,2024-04-13
MERCADOLIBRE,2000006981626379,KLEF0092,MINI VENTILADOR JET,2,30392.0,2025-01-08
MERCADOLIBRE,2000006985810129,KLEF0092,MINI VENTILADOR JET,2,30392.0,2025-01-09
MERCADOLIBRE,2000006989981583,KLEF0092,MINI VENTILADOR JET,2,30392.0,2025-01-09
MERCADOLIBRE,2000006993781751,KLEF0092,MINI VENTILADOR JET,2,30392.0,2025-01-10
MERCADOLIBRE,2000007027512877,KLEF0092,MINI VENTILADOR JET,2,30392.0,2025-01-16
MERCADOLIBRE,2000007044571609,KLEF0092,MINI VENTILADOR JET,2,30392.0,2025-01-19
MERCADOLIBRE,2000007048929329,KLEF0092,MINI VENTILADOR JET,2,30392.0,2025-01-20
MERCADOLIBRE,2000007050762323,KLEF0092,MINI VENTILADOR JET,2,30392.0,2025-01-20
MERCADOLIBRE,2000007087248591,KLEF0092,MINI VENTILADOR JET,2,30392.0,2025-01-27
MERCADOLIBRE,2000008087679799,KLES0068,PTC BEE,3,29988.0,2025-06-04
MERCADOLIBRE,2000005693701933,KLES0068,PTC BEE,2,29980.0,2024-04-28
MERCADOLIBRE,2000005846598460,KLES0068,PTC BEE,2,29980.0,2024-06-03
MERCADOLIBRE,2000005951028030,KLES0068,PTC BEE,2,29980.0,2024-06-26
FALABELLA,2681656120,KLEF0092,MINI VENTILADOR JET,3,29970.0,2024-12-25
FALABELLA,2683192078,KLEF0092,MINI VENTILADOR JET,3,29970.0,2024-12-27
FALABELLA,2685737740,KLEF0092,MINI VENTILADOR JET,3,29970.0,2024-12-30
MERCADOLIBRE,2000004889783679,KLEF0092,MINI VENTILADOR JET,1,26990.0,2023-10-03
MERCADOLIBRE,2000004889783681,KLEF0092,MINI VENTILADOR JET,1,26990.0,2023-10-03
MERCADOLIBRE,2000004889815353,KLEF0092,MINI VENTILADOR JET,1,26990.0,2023-10-03
MERCADOLIBRE,2000004889815355,KLEF0092,MINI VENTILADOR JET,1,26990.0,2023-10-03
MERCADOLIBRE,2000006578953752,KLEF0092,MINI VENTILADOR JET,1,26990.0,2023-10-01
MERCADOLIBRE,2000006581047002,KLEF0092,MINI VENTILADOR JET,1,26990.0,2023-10-02
MERCADOLIBRE,2000008561971437,KLEF0092,MINI VENTILADOR JET,2,25824.0,2025-07-19
MERCADOLIBRE,2000008610151697,KLEF0092,MINI VENTILADOR JET,2,25824.0,2025-07-24
FALABELLA,2185337332,KLEF0092,MINI VENTILADOR JET,1,24990.0,2024-03-28
MERCADOLIBRE,2000005065785243,KLEF0092,MINI VENTILADOR JET,1,24990.0,2023-11-20
MERCADOLIBRE,2000005338889791,KLEF0092,MINI VENTILADOR JET,1,24990.0,2024-01-26
MERCADOLIBRE,2000005350527695,KLEF0092,MINI VENTILADOR JET,1,24990.0,2024-01-30
MERCADOLIBRE,2000005360667551,KLEF0092,MINI VENTILADOR JET,1,24990.0,2024-02-01
MERCADOLIBRE,2000005363931799,KLEF0092,MINI VENTILADOR JET,1,24990.0,2024-02-02
MERCADOLIBRE,2000005370730363,KLEF0092,MINI VENTILADOR JET,1,24990.0,2024-02-04
MERCADOLIBRE,2000005411200475,KLEF0092,MINI VENTILADOR JET,1,24990.0,2024-02-15
MERCADOLIBRE,2000005423526553,KLEF0092,MINI VENTILADOR JET,1,24990.0,2024-02-18
MERCADOLIBRE,2000005423526555,KLEF0092,MINI VENTILADOR JET,1,24990.0,2024-02-18
MERCADOLIBRE,2000005434779693,KLEF0092,MINI VENTILADOR JET,1,24990.0,2024-02-21
MERCADOLIBRE,2000005479624621,KLEF0092,MINI VENTILADOR JET,1,24990.0,2024-03-04
MERCADOLIBRE,2000005496134167,KLEF0092,MINI VENTILADOR JET,1,24990.0,2024-03-07
MERCADOLIBRE,2000005504452325,KLEF0092,MINI VENTILADOR JET,1,24990.0,2024-03-10
MERCADOLIBRE,2000005531438127,KLEF0092,MINI VENTILADOR JET,1,24990.0,2024-03-17
MERCADOLIBRE,2000006859308400,KLEF0092,MINI VENTILADOR JET,1,24990.0,2023-11-09
MERCADOLIBRE,2000006885113266,KLEF0092,MINI VENTILADOR JET,1,24990.0,2023-11-13
MERCADOLIBRE,2000006894980192,KLEF0092,MINI VENTILADOR JET,1,24990.0,2023-11-14
MERCADOLIBRE,2000006911213010,KLEF0092,MINI VENTILADOR JET,1,24990.0,2023-11-16
MERCADOLIBRE,2000006969997800,KLEF0092,MINI VENTILADOR JET,1,24990.0,2023-11-23
MERCADOLIBRE,2000007465786510,KLEF0092,MINI VENTILADOR JET,1,24990.0,2024-01-26
MERCADOLIBRE,2000007483232056,KLEF0092,MINI VENTILADOR JET,1,24990.0,2024-01-29
MERCADOLIBRE,2000007487176072,KLEF0092,MINI VENTILADOR JET,1,24990.0,2024-01-29
MERCADOLIBRE,2000007493443958,KLEF0092,MINI VENTILADOR JET,1,24990.0,2024-01-30
MERCADOLIBRE,2000007514262068,KLEF0092,MINI VENTILADOR JET,1,24990.0,2024-02-01
MERCADOLIBRE,2000007520008910,KLEF0092,MINI VENTILADOR JET,1,24990.0,2024-02-02
MERCADOLIBRE,2000007520010214,KLEF0092,MINI VENTILADOR JET,1,24990.0,2024-02-02
MERCADOLIBRE,2000007530035144,KLEF0092,MINI VENTILADOR JET,1,24990.0,2024-02-04
MERCADOLIBRE,2000007536533318,KLEF0092,MINI VENTILADOR JET,1,24990.0,2024-02-05
MERCADOLIBRE,2000007614840314,KLEF0092,MINI VENTILADOR JET,1,24990.0,2024-02-15
MERCADOLIBRE,2000007656662600,KLEF0092,MINI VENTILADOR JET,1,24990.0,2024-02-21
MERCADOLIBRE,2000007750216514,KLEF0092,MINI VENTILADOR JET,1,24990.0,2024-03-05
MERCADOLIBRE,2000007755411762,KLEF0092,MINI VENTILADOR JET,1,24990.0,2024-03-05
MERCADOLIBRE,2000007768187688,KLEF0092,MINI VENTILADOR JET,1,24990.0,2024-03-07
MERCADOLIBRE,2000007768588888,KLEF0092,MINI VENTILADOR JET,1,24990.0,2024-03-07
MERCADOLIBRE,2000007816713694,KLEF0092,MINI VENTILADOR JET,1,24990.0,2024-03-13
MERCADOLIBRE,2000007830035070,KLEF0092,MINI VENTILADOR JET,1,24990.0,2024-03-15
MERCADOLIBRE,2000007852623628,KLEF0092,MINI VENTILADOR JET,1,24990.0,2024-03-18
MERCADOLIBRE,2000007892194408,KLEF0092,MINI VENTILADOR JET,1,24990.0,2024-03-24
MERCADOLIBRE,2000008028125898,KLEF0092,MINI VENTILADOR JET,1,24990.0,2024-04-12
MERCADOLIBRE,2000005507640489,KLES0068,PTC BEE,1,24990.0,2024-03-11
MERCADOLIBRE,2000007768327589,KLES0068,PTC BEE,1,24990.0,2025-05-02
MERCADOLIBRE,2000007814609686,KLES0068,PTC BEE,1,24990.0,2024-03-13
MERCADOLIBRE,2000006723463969,KLEF0092,MINI VENTILADOR JET,2,23994.0,2024-11-28
MERCADOLIBRE,2000006809746121,KLEF0092,MINI VENTILADOR JET,2,23994.0,2024-12-10
MERCADOLIBRE,2000006820613827,KLEF0092,MINI VENTILADOR JET,2,23994.0,2024-12-11
MERCADOLIBRE,2000006835910541,KLEF0092,MINI VENTILADOR JET,2,23994.0,2024-12-13
MERCADOLIBRE,2000006841399119,KLEF0092,MINI VENTILADOR JET,2,23994.0,2024-12-14
MERCADOLIBRE,2000006844131313,KLEF0092,MINI VENTILADOR JET,2,23994.0,2024-12-15
MERCADOLIBRE,2000006845579361,KLEF0092,MINI VENTILADOR JET,2,23994.0,2024-12-15
MERCADOLIBRE,2000006851891051,KLEF0092,MINI VENTILADOR JET,2,23994.0,2024-12-16
MERCADOLIBRE,2000006906904087,KLEF0092,MINI VENTILADOR JET,2,23994.0,2024-12-24
MERCADOLIBRE,2000006908347399,KLEF0092,MINI VENTILADOR JET,2,23994.0,2024-12-25
MERCADOLIBRE,2000006908843755,KLEF0092,MINI VENTILADOR JET,2,23994.0,2024-12-25
MERCADOLIBRE,2000006909606879,KLEF0092,MINI VENTILADOR JET,2,23994.0,2024-12-25
MERCADOLIBRE,2000006910035773,KLEF0092,MINI VENTILADOR JET,2,23994.0,2024-12-25
MERCADOLIBRE,2000006935538427,KLEF0092,MINI VENTILADOR JET,2,23994.0,2024-12-30
MERCADOLIBRE,2000006935549483,KLEF0092,MINI VENTILADOR JET,2,23994.0,2024-12-30
MERCADOLIBRE,2000007090198461,KLEF0092,MINI VENTILADOR JET,1,23994.0,2025-01-27
MERCADOLIBRE,2000010587899468,KLEF0092,MINI VENTILADOR JET,1,23994.0,2025-01-28
MERCADOLIBRE,2000010603080528,KLEF0092,MINI VENTILADOR JET,1,23994.0,2025-01-29
FALABELLA,2602260217,KLEF0092,MINI VENTILADOR JET,1,23990.0,2024-10-08
FALABELLA,2608147398,KLEF0092,MINI VENTILADOR JET,1,23990.0,2024-10-18
FALABELLA,2614428129,KLEF0092,MINI VENTILADOR JET,1,23990.0,2024-10-28
FALABELLA,2614857280,KLEF0092,MINI VENTILADOR JET,1,23990.0,2024-10-29
FALABELLA,2615221917,KLEF0092,MINI VENTILADOR JET,1,23990.0,2024-10-29
FALABELLA,2625770378,KLEF0092,MINI VENTILADOR JET,1,23990.0,2024-11-10
PARIS,2752467360,KLEF0092,MINI VENTILADOR JET,1,23990.0,2024-11-13
MERCADOLIBRE,2000005441223019,KLEF0092,MINI VENTILADOR JET,1,23990.0,2024-02-22
MERCADOLIBRE,2000005447246345,KLEF0092,MINI VENTILADOR JET,1,23990.0,2024-02-24
MERCADOLIBRE,2000007968136076,KLEF0092,MINI VENTILADOR JET,1,23990.0,2024-04-04
MERCADOLIBRE,2000008500795803,KLEF0092,MINI VENTILADOR JET,2,23988.0,2025-07-14
MERCADOLIBRE,2000005139908945,KLEF0092,MINI VENTILADOR JET,1,22990.0,2023-12-07
MERCADOLIBRE,2000005143766537,KLEF0092,MINI VENTILADOR JET,1,22990.0,2023-12-08
MERCADOLIBRE,2000005143766539,KLEF0092,MINI VENTILADOR JET,1,22990.0,2023-12-08
MERCADOLIBRE,2000005152972105,KLEF0092,MINI VENTILADOR JET,1,22990.0,2023-12-10
MERCADOLIBRE,2000005166230399,KLEF0092,MINI VENTILADOR JET,1,22990.0,2023-12-12
MERCADOLIBRE,2000005168998367,KLEF0092,MINI VENTILADOR JET,1,22990.0,2023-12-13
MERCADOLIBRE,2000005170112997,KLEF0092,MINI VENTILADOR JET,1,22990.0,2023-12-13
MERCADOLIBRE,2000005193882305,KLEF0092,MINI VENTILADOR JET,1,22990.0,2023-12-18
MERCADOLIBRE,2000005194766847,KLEF0092,MINI VENTILADOR JET,1,22990.0,2023-12-18
MERCADOLIBRE,2000005203148055,KLEF0092,MINI VENTILADOR JET,1,22990.0,2023-12-19
MERCADOLIBRE,2000005203148057,KLEF0092,MINI VENTILADOR JET,1,22990.0,2023-12-19
MERCADOLIBRE,2000005203148059,KLEF0092,MINI VENTILADOR JET,1,22990.0,2023-12-19
MERCADOLIBRE,2000005205434501,KLEF0092,MINI VENTILADOR JET,1,22990.0,2023-12-20
MERCADOLIBRE,2000005210349499,KLEF0092,MINI VENTILADOR JET,1,22990.0,2023-12-21
MERCADOLIBRE,2000005215179203,KLEF0092,MINI VENTILADOR JET,1,22990.0,2023-12-22
MERCADOLIBRE,2000005225600867,KLEF0092,MINI VENTILADOR JET,1,22990.0,2023-12-26
MERCADOLIBRE,2000005226061609,KLEF0092,MINI VENTILADOR JET,1,22990.0,2023-12-26
MERCADOLIBRE,2000005227940347,KLEF0092,MINI VENTILADOR JET,1,22990.0,2023-12-27
MERCADOLIBRE,2000005230171825,KLEF0092,MINI VENTILADOR JET,1,22990.0,2023-12-27
MERCADOLIBRE,2000005242047097,KLEF0092,MINI VENTILADOR JET,1,22990.0,2024-01-01
MERCADOLIBRE,2000005249386737,KLEF0092,MINI VENTILADOR JET,1,22990.0,2024-01-03
MERCADOLIBRE,2000005254186279,KLEF0092,MINI VENTILADOR JET,1,22990.0,2024-01-04
MERCADOLIBRE,2000005273054783,KLEF0092,MINI VENTILADOR JET,1,22990.0,2024-01-09
MERCADOLIBRE,2000005273054785,KLEF0092,MINI VENTILADOR JET,1,22990.0,2024-01-09
MERCADOLIBRE,2000005275835221,KLEF0092,MINI VENTILADOR JET,1,22990.0,2024-01-10
MERCADOLIBRE,2000005287345493,KLEF0092,MINI VENTILADOR JET,1,22990.0,2024-01-12
MERCADOLIBRE,2000005303661715,KLEF0092,MINI VENTILADOR JET,1,22990.0,2024-01-17
MERCADOLIBRE,2000005356196455,KLEF0092,MINI VENTILADOR JET,1,22990.0,2024-01-31
MERCADOLIBRE,2000005358544533,KLEF0092,MINI VENTILADOR JET,1,22990.0,2024-01-31
MERCADOLIBRE,2000005367045743,KLEF0092,MINI VENTILADOR JET,1,22990.0,2024-02-03
MERCADOLIBRE,2000005368556341,KLEF0092,MINI VENTILADOR JET,1,22990.0,2024-02-03
MERCADOLIBRE,2000006195295499,KLEF0092,MINI VENTILADOR JET,1,22990.0,2024-08-19
MERCADOLIBRE,2000007091989570,KLEF0092,MINI VENTILADOR JET,1,22990.0,2023-12-08
MERCADOLIBRE,2000007093755796,KLEF0092,MINI VENTILADOR JET,1,22990.0,2023-12-08
MERCADOLIBRE,2000007108326690,KLEF0092,MINI VENTILADOR JET,1,22990.0,2023-12-10
MERCADOLIBRE,2000007113413994,KLEF0092,MINI VENTILADOR JET,1,22990.0,2023-12-10
MERCADOLIBRE,2000007119209968,KLEF0092,MINI VENTILADOR JET,1,22990.0,2023-12-11
MERCADOLIBRE,2000007123966274,KLEF0092,MINI VENTILADOR JET,1,22990.0,2023-12-11
MERCADOLIBRE,2000007184256484,KLEF0092,MINI VENTILADOR JET,1,22990.0,2023-12-18
MERCADOLIBRE,2000007192962332,KLEF0092,MINI VENTILADOR JET,1,22990.0,2023-12-18
MERCADOLIBRE,2000007203203378,KLEF0092,MINI VENTILADOR JET,1,22990.0,2023-12-19
MERCADOLIBRE,2000007219962614,KLEF0092,MINI VENTILADOR JET,1,22990.0,2023-12-21
MERCADOLIBRE,2000007221212258,KLEF0092,MINI VENTILADOR JET,1,22990.0,2023-12-21
MERCADOLIBRE,2000007228669490,KLEF0092,MINI VENTILADOR JET,1,22990.0,2023-12-22
MERCADOLIBRE,2000007230304398,KLEF0092,MINI VENTILADOR JET,1,22990.0,2023-12-23
MERCADOLIBRE,2000007233119580,KLEF0092,MINI VENTILADOR JET,1,22990.0,2023-12-23
MERCADOLIBRE,2000007237739778,KLEF0092,MINI VENTILADOR JET,1,22990.0,2023-12-24
MERCADOLIBRE,2000007239550174,KLEF0092,MINI VENTILADOR JET,1,22990.0,2023-12-25
MERCADOLIBRE,2000007241364686,KLEF0092,MINI VENTILADOR JET,1,22990.0,2023-12-25
MERCADOLIBRE,2000007247400154,KLEF0092,MINI VENTILADOR JET,1,22990.0,2023-12-26
MERCADOLIBRE,2000007250783444,KLEF0092,MINI VENTILADOR JET,1,22990.0,2023-12-27
MERCADOLIBRE,2000007253767510,KLEF0092,MINI VENTILADOR JET,1,22990.0,2023-12-27
MERCADOLIBRE,2000007254645734,KLEF0092,MINI VENTILADOR JET,1,22990.0,2023-12-27
MERCADOLIBRE,2000007257028094,KLEF0092,MINI VENTILADOR JET,1,22990.0,2023-12-27
MERCADOLIBRE,2000007258605670,KLEF0092,MINI VENTILADOR JET,1,22990.0,2023-12-27
MERCADOLIBRE,2000007258807730,KLEF0092,MINI VENTILADOR JET,1,22990.0,2023-12-28
MERCADOLIBRE,2000007291891256,KLEF0092,MINI VENTILADOR JET,1,22990.0,2024-01-03
MERCADOLIBRE,2000007299860992,KLEF0092,MINI VENTILADOR JET,1,22990.0,2024-01-03
MERCADOLIBRE,2000007300070252,KLEF0092,MINI VENTILADOR JET,1,22990.0,2024-01-03
MERCADOLIBRE,2000007303254918,KLEF0092,MINI VENTILADOR JET,1,22990.0,2024-01-04
MERCADOLIBRE,2000007323739886,KLEF0092,MINI VENTILADOR JET,1,22990.0,2024-01-07
MERCADOLIBRE,2000007330331942,KLEF0092,MINI VENTILADOR JET,1,22990.0,2024-01-08
MERCADOLIBRE,2000007339583488,KLEF0092,MINI VENTILADOR JET,1,22990.0,2024-01-09
MERCADOLIBRE,2000007355966446,KLEF0092,MINI VENTILADOR JET,1,22990.0,2024-01-11
MERCADOLIBRE,2000007501254128,KLEF0092,MINI VENTILADOR JET,1,22990.0,2024-01-31
MERCADOLIBRE,2000007501595006,KLEF0092,MINI VENTILADOR JET,1,22990.0,2024-01-31
MERCADOLIBRE,2000007503314926,KLEF0092,MINI VENTILADOR JET,1,22990.0,2024-01-31
MERCADOLIBRE,2000007505387440,KLEF0092,MINI VENTILADOR JET,1,22990.0,2024-01-31
MERCADOLIBRE,2000007526275468,KLEF0092,MINI VENTILADOR JET,1,22990.0,2024-02-03
MERCADOLIBRE,2000007527159982,KLEF0092,MINI VENTILADOR JET,1,22990.0,2024-02-03
MERCADOLIBRE,2000007528185034,KLEF0092,MINI VENTILADOR JET,1,22990.0,2024-02-03
MERCADOLIBRE,2000008075369530,KLEF0092,MINI VENTILADOR JET,1,22990.0,2024-04-18
MERCADOLIBRE,2000008178599130,KLEF0092,MINI VENTILADOR JET,1,22990.0,2024-05-02
MERCADOLIBRE,2000008284931330,KLEF0092,MINI VENTILADOR JET,1,22990.0,2024-05-16
MERCADOLIBRE,2000008944684650,KLEF0092,MINI VENTILADOR JET,1,22990.0,2024-08-04
MERCADOLIBRE,2000008059489611,KLES0068,PTC BEE,2,22490.0,2025-06-02
FALABELLA,2592939241,KLEF0092,MINI VENTILADOR JET,1,21990.0,2024-10-01
FALABELLA,2592960743,KLEF0092,MINI VENTILADOR JET,1,21990.0,2024-10-01
MERCADOLIBRE,2000005316833685,KLEF0092,MINI VENTILADOR JET,1,21990.0,2024-01-20
MERCADOLIBRE,2000005320533121,KLEF0092,MINI VENTILADOR JET,1,21990.0,2024-01-21
MERCADOLIBRE,2000005320533123,KLEF0092,MINI VENTILADOR JET,1,21990.0,2024-01-21
MERCADOLIBRE,2000005320883161,KLEF0092,MINI VENTILADOR JET,1,21990.0,2024-01-22
MERCADOLIBRE,2000005321324513,KLEF0092,MINI VENTILADOR JET,1,21990.0,2024-01-22
MERCADOLIBRE,2000005329500563,KLEF0092,MINI VENTILADOR JET,1,21990.0,2024-01-24
MERCADOLIBRE,2000005330959023,KLEF0092,MINI VENTILADOR JET,1,21990.0,2024-01-24
MERCADOLIBRE,2000005331213863,KLEF0092,MINI VENTILADOR JET,1,21990.0,2024-01-24
MERCADOLIBRE,2000005331213865,KLEF0092,MINI VENTILADOR JET,1,21990.0,2024-01-24
MERCADOLIBRE,2000005331213867,KLEF0092,MINI VENTILADOR JET,1,21990.0,2024-01-24
MERCADOLIBRE,2000005331213869,KLEF0092,MINI VENTILADOR JET,1,21990.0,2024-01-24
MERCADOLIBRE,2000005331213871,KLEF0092,MINI VENTILADOR JET,1,21990.0,2024-01-24
MERCADOLIBRE,2000005331213873,KLEF0092,MINI VENTILADOR JET,1,21990.0,2024-01-24
MERCADOLIBRE,2000005332972657,KLEF0092,MINI VENTILADOR JET,1,21990.0,2024-01-24
MERCADOLIBRE,2000005332972659,KLEF0092,MINI VENTILADOR JET,1,21990.0,2024-01-24
MERCADOLIBRE,2000007401949130,KLEF0092,MINI VENTILADOR JET,1,21990.0,2024-01-17
MERCADOLIBRE,2000007419477348,KLEF0092,MINI VENTILADOR JET,1,21990.0,2024-01-19
MERCADOLIBRE,2000007420596190,KLEF0092,MINI VENTILADOR JET,1,21990.0,2024-01-19
MERCADOLIBRE,2000007426396194,KLEF0092,MINI VENTILADOR JET,1,21990.0,2024-01-20
MERCADOLIBRE,2000007430589376,KLEF0092,MINI VENTILADOR JET,1,21990.0,2024-01-21
MERCADOLIBRE,2000007431036602,KLEF0092,MINI VENTILADOR JET,1,21990.0,2024-01-21
MERCADOLIBRE,2000007433004986,KLEF0092,MINI VENTILADOR JET,1,21990.0,2024-01-21
MERCADOLIBRE,2000007434837082,KLEF0092,MINI VENTILADOR JET,1,21990.0,2024-01-22
MERCADOLIBRE,2000007435256138,KLEF0092,MINI VENTILADOR JET,1,21990.0,2024-01-22
MERCADOLIBRE,2000007438079932,KLEF0092,MINI VENTILADOR JET,1,21990.0,2024-01-22
MERCADOLIBRE,2000007439963574,KLEF0092,MINI VENTILADOR JET,1,21990.0,2024-01-22
MERCADOLIBRE,2000007442003840,KLEF0092,MINI VENTILADOR JET,1,21990.0,2024-01-23
MERCADOLIBRE,2000007443215868,KLEF0092,MINI VENTILADOR JET,1,21990.0,2024-01-23
MERCADOLIBRE,2000007443506440,KLEF0092,MINI VENTILADOR JET,1,21990.0,2024-01-23
MERCADOLIBRE,2000007449212768,KLEF0092,MINI VENTILADOR JET,1,21990.0,2024-01-23
MERCADOLIBRE,2000007449499808,KLEF0092,MINI VENTILADOR JET,1,21990.0,2024-01-23
MERCADOLIBRE,2000007454734740,KLEF0092,MINI VENTILADOR JET,1,21990.0,2024-01-24
MERCADOLIBRE,2000007455311724,KLEF0092,MINI VENTILADOR JET,1,21990.0,2024-01-24
MERCADOLIBRE,2000007457123318,KLEF0092,MINI VENTILADOR JET,1,21990.0,2024-01-24
MERCADOLIBRE,2000007457138394,KLEF0092,MINI VENTILADOR JET,1,21990.0,2024-01-24
MERCADOLIBRE,2000007457250266,KLEF0092,MINI VENTILADOR JET,1,21990.0,2024-01-24
MERCADOLIBRE,2000007457614756,KLEF0092,MINI VENTILADOR JET,1,21990.0,2024-01-25
MERCADOLIBRE,2000008103272820,KLEF0092,MINI VENTILADOR JET,1,21990.0,2024-04-22
MERCADOLIBRE,2000007543778147,KLES0068,PTC BEE,2,21990.0,2025-04-05
MERCADOLIBRE,2000007593541479,KLES0068,PTC BEE,2,21980.0,2025-04-10
MERCADOLIBRE,2000007645451039,KLES0068,PTC BEE,2,21980.0,2025-04-16
MERCADOLIBRE,2000007699460255,KLES0068,PTC BEE,2,21980.0,2025-04-23
MERCADOLIBRE,2000009897251249,KLEF0092,MINI VENTILADOR JET,1,20795.0,2025-11-07
MERCADOLIBRE,2000010009468417,KLEF0092,MINI VENTILADOR JET,1,20795.0,2025-11-14
MERCADOLIBRE,2000013818332674,KLEF0092,MINI VENTILADOR JET,1,20795.0,2025-11-14
MERCADOLIBRE,2000007125424421,KLEF0092,MINI VENTILADOR JET,1,20710.0,2025-02-02
MERCADOLIBRE,2000007131413939,KLEF0092,MINI VENTILADOR JET,1,20710.0,2025-02-03
MERCADOLIBRE,2000007144517749,KLEF0092,MINI VENTILADOR JET,1,20710.0,2025-02-05
MERCADOLIBRE,2000007164940663,KLEF0092,MINI VENTILADOR JET,1,20710.0,2025-02-09
MERCADOLIBRE,2000007166690609,KLEF0092,MINI VENTILADOR JET,1,20710.0,2025-02-09
MERCADOLIBRE,2000007191714843,KLEF0092,MINI VENTILADOR JET,1,20710.0,2025-02-13
MERCADOLIBRE,2000007283973047,KLEF0092,MINI VENTILADOR JET,1,20710.0,2025-02-28
MERCADOLIBRE,2000007285427289,KLEF0092,MINI VENTILADOR JET,1,20710.0,2025-02-28
MERCADOLIBRE,2000010626524396,KLEF0092,MINI VENTILADOR JET,1,20710.0,2025-02-01
MERCADOLIBRE,2000010627124384,KLEF0092,MINI VENTILADOR JET,1,20710.0,2025-02-01
MERCADOLIBRE,2000010630175160,KLEF0092,MINI VENTILADOR JET,1,20710.0,2025-02-01
MERCADOLIBRE,2000010630187914,KLEF0092,MINI VENTILADOR JET,1,20710.0,2025-02-01
MERCADOLIBRE,2000010636032528,KLEF0092,MINI VENTILADOR JET,1,20710.0,2025-02-02
MERCADOLIBRE,2000010636165500,KLEF0092,MINI VENTILADOR JET,1,20710.0,2025-02-02
MERCADOLIBRE,2000010649204054,KLEF0092,MINI VENTILADOR JET,1,20710.0,2025-02-04
MERCADOLIBRE,2000010665893960,KLEF0092,MINI VENTILADOR JET,1,20710.0,2025-02-05
MERCADOLIBRE,2000010671764104,KLEF0092,MINI VENTILADOR JET,1,20710.0,2025-02-06
MERCADOLIBRE,2000010679077940,KLEF0092,MINI VENTILADOR JET,1,20710.0,2025-02-06
MERCADOLIBRE,2000010689791248,KLEF0092,MINI VENTILADOR JET,1,20710.0,2025-02-07
MERCADOLIBRE,2000010690319154,KLEF0092,MINI VENTILADOR JET,1,20710.0,2025-02-07
MERCADOLIBRE,2000010699196408,KLEF0092,MINI VENTILADOR JET,1,20710.0,2025-02-08
MERCADOLIBRE,2000010704432390,KLEF0092,MINI VENTILADOR JET,1,20710.0,2025-02-09
MERCADOLIBRE,2000010707426146,KLEF0092,MINI VENTILADOR JET,1,20710.0,2025-02-09
MERCADOLIBRE,2000010709628990,KLEF0092,MINI VENTILADOR JET,1,20710.0,2025-02-10
MERCADOLIBRE,2000010721875278,KLEF0092,MINI VENTILADOR JET,1,20710.0,2025-02-11
MERCADOLIBRE,2000010722803336,KLEF0092,MINI VENTILADOR JET,1,20710.0,2025-02-11
MERCADOLIBRE,2000010723467918,KLEF0092,MINI VENTILADOR JET,1,20710.0,2025-02-11
MERCADOLIBRE,2000010726119200,KLEF0092,MINI VENTILADOR JET,1,20710.0,2025-02-11
MERCADOLIBRE,2000010737381368,KLEF0092,MINI VENTILADOR JET,1,20710.0,2025-02-12
MERCADOLIBRE,2000010738749332,KLEF0092,MINI VENTILADOR JET,1,20710.0,2025-02-12
MERCADOLIBRE,2000010741416980,KLEF0092,MINI VENTILADOR JET,1,20710.0,2025-02-12
MERCADOLIBRE,2000010756443690,KLEF0092,MINI VENTILADOR JET,1,20710.0,2025-02-14
MERCADOLIBRE,2000010761128822,KLEF0092,MINI VENTILADOR JET,1,20710.0,2025-02-14
MERCADOLIBRE,2000010768035844,KLEF0092,MINI VENTILADOR JET,1,20710.0,2025-02-15
MERCADOLIBRE,2000010820645944,KLEF0092,MINI VENTILADOR JET,1,20710.0,2025-02-20
MERCADOLIBRE,2000010823597148,KLEF0092,MINI VENTILADOR JET,1,20710.0,2025-02-21
MERCADOLIBRE,2000010828741482,KLEF0092,MINI VENTILADOR JET,1,20710.0,2025-02-21
MERCADOLIBRE,2000010026356267,KLEF0092,MINI VENTILADOR JET,1,19995.0,2025-11-15
MERCADOLIBRE,2000010071220097,KLEF0092,MINI VENTILADOR JET,1,19995.0,2025-11-17
MERCADOLIBRE,2000010088768315,KLEF0092,MINI VENTILADOR JET,1,19995.0,2025-11-18
MERCADOLIBRE,2000010097993725,KLEF0092,MINI VENTILADOR JET,1,19995.0,2025-11-19
MERCADOLIBRE,2000010098183785,KLEF0092,MINI VENTILADOR JET,1,19995.0,2025-11-19
MERCADOLIBRE,2000010102073871,KLEF0092,MINI VENTILADOR JET,1,19995.0,2025-11-19
MERCADOLIBRE,2000010110108157,KLEF0092,MINI VENTILADOR JET,1,19995.0,2025-11-19
MERCADOLIBRE,2000010118069667,KLEF0092,MINI VENTILADOR JET,1,19995.0,2025-11-20
MERCADOLIBRE,2000010129707157,KLEF0092,MINI VENTILADOR JET,1,19995.0,2025-11-21
MERCADOLIBRE,2000010131732705,KLEF0092,MINI VENTILADOR JET,1,19995.0,2025-11-21
MERCADOLIBRE,2000010197626547,KLEF0092,MINI VENTILADOR JET,1,19995.0,2025-11-25
MERCADOLIBRE,2000010401051129,KLEF0092,MINI VENTILADOR JET,1,19995.0,2025-12-05
MERCADOLIBRE,2000010406064479,KLEF0092,MINI VENTILADOR JET,1,19995.0,2025-12-06
MERCADOLIBRE,2000010464003097,KLEF0092,MINI VENTILADOR JET,1,19995.0,2025-12-09
MERCADOLIBRE,2000010471151657,KLEF0092,MINI VENTILADOR JET,1,19995.0,2025-12-09
MERCADOLIBRE,2000010471658229,KLEF0092,MINI VENTILADOR JET,1,19995.0,2025-12-09
MERCADOLIBRE,2000010499413359,KLEF0092,MINI VENTILADOR JET,1,19995.0,2025-12-11
MERCADOLIBRE,2000010503213919,KLEF0092,MINI VENTILADOR JET,1,19995.0,2025-12-11
MERCADOLIBRE,2000010512357321,KLEF0092,MINI VENTILADOR JET,1,19995.0,2025-12-11
MERCADOLIBRE,2000010530363845,KLEF0092,MINI VENTILADOR JET,1,19995.0,2025-12-12
MERCADOLIBRE,2000010547914833,KLEF0092,MINI VENTILADOR JET,1,19995.0,2025-12-13
MERCADOLIBRE,2000010563025077,KLEF0092,MINI VENTILADOR JET,1,19995.0,2025-12-14
MERCADOLIBRE,2000010565620383,KLEF0092,MINI VENTILADOR JET,1,19995.0,2025-12-14
MERCADOLIBRE,2000010576028713,KLEF0092,MINI VENTILADOR JET,1,19995.0,2025-12-15
MERCADOLIBRE,2000010578862315,KLEF0092,MINI VENTILADOR JET,1,19995.0,2025-12-15
MERCADOLIBRE,2000010602140673,KLEF0092,MINI VENTILADOR JET,1,19995.0,2025-12-16
MERCADOLIBRE,2000013891060880,KLEF0092,MINI VENTILADOR JET,1,19995.0,2025-11-18
MERCADOLIBRE,2000013891876812,KLEF0092,MINI VENTILADOR JET,1,19995.0,2025-11-18
MERCADOLIBRE,2000013908936786,KLEF0092,MINI VENTILADOR JET,1,19995.0,2025-11-20
MERCADOLIBRE,2000013926412426,KLEF0092,MINI VENTILADOR JET,1,19995.0,2025-11-21
MERCADOLIBRE,2000013980669234,KLEF0092,MINI VENTILADOR JET,1,19995.0,2025-11-25
MERCADOLIBRE,2000014007786352,KLEF0092,MINI VENTILADOR JET,1,19995.0,2025-11-27
MERCADOLIBRE,2000014220059130,KLEF0092,MINI VENTILADOR JET,1,19995.0,2025-12-09
MERCADOLIBRE,2000014220550508,KLEF0092,MINI VENTILADOR JET,1,19995.0,2025-12-09
MERCADOLIBRE,2000014290073354,KLEF0092,MINI VENTILADOR JET,1,19995.0,2025-12-13
MERCADOLIBRE,2000014338991362,KLEF0092,MINI VENTILADOR JET,1,19995.0,2025-12-16
MERCADOLIBRE,2000008091866131,KLES0068,PTC BEE,2,19992.0,2025-06-05
MERCADOLIBRE,2000008099052665,KLES0068,PTC BEE,2,19992.0,2025-06-06
MERCADOLIBRE,2000008127670601,KLES0068,PTC BEE,2,19992.0,2025-06-08
FALABELLA,2589574992,KLEF0092,MINI VENTILADOR JET,1,19990.0,2024-09-30
FALABELLA,2589840513,KLEF0092,MINI VENTILADOR JET,1,19990.0,2024-09-30
FALABELLA,2593595763,KLEF0092,MINI VENTILADOR JET,1,19990.0,2024-10-01
FALABELLA,2598184869,KLEF0092,MINI VENTILADOR JET,1,19990.0,2024-10-02
PARIS,3070441990,KLEF0092,MINI VENTILADOR JET,1,19990.0,2025-12-09
PARIS,3071005260,KLEF0092,MINI VENTILADOR JET,1,19990.0,2025-12-10
PARIS,3074400640,KLEF0092,MINI VENTILADOR JET,1,19990.0,2025-12-18
PARIS,3076253820,KLEF0092,MINI VENTILADOR JET,1,19990.0,2025-12-23
PARIS,3076713210,KLEF0092,MINI VENTILADOR JET,1,19990.0,2025-12-27
PARIS,3076948370,KLEF0092,MINI VENTILADOR JET,1,19990.0,2025-12-28
PARIS,3077045000,KLEF0092,MINI VENTILADOR JET,1,19990.0,2025-12-29
PARIS,3077088240,KLEF0092,MINI VENTILADOR JET,1,19990.0,2025-12-29
PARIS,3077480670,KLEF0092,MINI VENTILADOR JET,1,19990.0,2025-12-31
PARIS,3078346010,KLEF0092,MINI VENTILADOR JET,1,19990.0,2026-01-06
PARIS,3080853530,KLEF0092,MINI VENTILADOR JET,1,19990.0,2026-01-20
PARIS,3085370820,KLEF0092,MINI VENTILADOR JET,1,19990.0,2026-02-15
RIPLEY,24078269201,KLEF0092,MINI VENTILADOR JET,1,19990.0,2025-10-22
RIPLEY,24086898301,KLEF0092,MINI VENTILADOR JET,1,19990.0,2025-10-27
RIPLEY,24110977401,KLEF0092,MINI VENTILADOR JET,1,19990.0,2025-11-09
RIPLEY,24121993301,KLEF0092,MINI VENTILADOR JET,1,19990.0,2025-11-14
RIPLEY,24126101801,KLEF0092,MINI VENTILADOR JET,1,19990.0,2025-11-16
RIPLEY,24137062701,KLEF0092,MINI VENTILADOR JET,1,19990.0,2025-11-22
RIPLEY,24141328901,KLEF0092,MINI VENTILADOR JET,1,19990.0,2025-11-24
RIPLEY,24141328901,KLEF0092,MINI VENTILADOR JET,1,19990.0,2025-12-16
RIPLEY,24153101201,KLEF0092,MINI VENTILADOR JET,1,19990.0,2025-11-28
RIPLEY,24171275601,KLEF0092,MINI VENTILADOR JET,1,19990.0,2025-11-29
RIPLEY,24179840201,KLEF0092,MINI VENTILADOR JET,1,19990.0,2025-11-30
RIPLEY,24225730602,KLEF0092,MINI VENTILADOR JET,1,19990.0,2025-12-08
RIPLEY,24256820801,KLEF0092,MINI VENTILADOR JET,1,19990.0,2025-12-14
RIPLEY,24286999801,KLEF0092,MINI VENTILADOR JET,1,19990.0,2025-12-19
RIPLEY,24288453901,KLEF0092,MINI VENTILADOR JET,1,19990.0,2025-12-19
RIPLEY,24300393101,KLEF0092,MINI VENTILADOR JET,1,19990.0,2025-12-22
RIPLEY,24315074801,KLEF0092,MINI VENTILADOR JET,1,19990.0,2025-12-29
RIPLEY,24315557401,KLEF0092,MINI VENTILADOR JET,1,19990.0,2025-12-29
RIPLEY,24317054601,KLEF0092,MINI VENTILADOR JET,1,19990.0,2025-12-30
RIPLEY,24337218001,KLEF0092,MINI VENTILADOR JET,1,19990.0,2026-01-09
RIPLEY,24356927701,KLEF0092,MINI VENTILADOR JET,1,19990.0,2026-01-19
RIPLEY,24363960801,KLEF0092,MINI VENTILADOR JET,1,19990.0,2026-01-23
RIPLEY,24374408401,KLEF0092,MINI VENTILADOR JET,1,19990.0,2026-01-29
RIPLEY,24414916501,KLEF0092,MINI VENTILADOR JET,1,19990.0,2026-02-16
RIPLEY,24419567301,KLEF0092,MINI VENTILADOR JET,1,19990.0,2026-02-19
RIPLEY,24420071701,KLEF0092,MINI VENTILADOR JET,1,19990.0,2026-02-19
MERCADOLIBRE,2000005080598839,KLEF0092,MINI VENTILADOR JET,1,19990.0,2023-11-24
MERCADOLIBRE,2000005083441029,KLEF0092,MINI VENTILADOR JET,1,19990.0,2023-11-24
MERCADOLIBRE,2000005084803495,KLEF0092,MINI VENTILADOR JET,1,19990.0,2023-11-24
MERCADOLIBRE,2000005084803497,KLEF0092,MINI VENTILADOR JET,1,19990.0,2023-11-24
MERCADOLIBRE,2000005084803499,KLEF0092,MINI VENTILADOR JET,1,19990.0,2023-11-24
MERCADOLIBRE,2000005084939003,KLEF0092,MINI VENTILADOR JET,1,19990.0,2023-11-24
MERCADOLIBRE,2000005087325327,KLEF0092,MINI VENTILADOR JET,1,19990.0,2023-11-25
MERCADOLIBRE,2000005087325329,KLEF0092,MINI VENTILADOR JET,1,19990.0,2023-11-25
MERCADOLIBRE,2000005087325331,KLEF0092,MINI VENTILADOR JET,1,19990.0,2023-11-25
MERCADOLIBRE,2000005102162979,KLEF0092,MINI VENTILADOR JET,1,19990.0,2023-11-29
MERCADOLIBRE,2000005106446029,KLEF0092,MINI VENTILADOR JET,1,19990.0,2023-11-29
MERCADOLIBRE,2000005178442733,KLEF0092,MINI VENTILADOR JET,1,19990.0,2023-12-15
MERCADOLIBRE,2000005178447815,KLEF0092,MINI VENTILADOR JET,1,19990.0,2023-12-15
MERCADOLIBRE,2000005182500947,KLEF0092,MINI VENTILADOR JET,1,19990.0,2023-12-16
MERCADOLIBRE,2000005182500949,KLEF0092,MINI VENTILADOR JET,1,19990.0,2023-12-16
MERCADOLIBRE,2000005185512813,KLEF0092,MINI VENTILADOR JET,1,19990.0,2023-12-16
MERCADOLIBRE,2000005186484891,KLEF0092,MINI VENTILADOR JET,1,19990.0,2023-12-16
MERCADOLIBRE,2000005186761737,KLEF0092,MINI VENTILADOR JET,1,19990.0,2023-12-17
MERCADOLIBRE,2000005188797691,KLEF0092,MINI VENTILADOR JET,1,19990.0,2023-12-17
MERCADOLIBRE,2000005188797693,KLEF0092,MINI VENTILADOR JET,1,19990.0,2023-12-17
MERCADOLIBRE,2000005474628029,KLEF0092,MINI VENTILADOR JET,1,19990.0,2024-03-02
MERCADOLIBRE,2000005476998137,KLEF0092,MINI VENTILADOR JET,1,19990.0,2024-03-03
MERCADOLIBRE,2000006970723344,KLEF0092,MINI VENTILADOR JET,1,19990.0,2023-11-24
MERCADOLIBRE,2000006991121810,KLEF0092,MINI VENTILADOR JET,1,19990.0,2023-11-26
MERCADOLIBRE,2000006991612556,KLEF0092,MINI VENTILADOR JET,1,19990.0,2023-11-26
MERCADOLIBRE,2000006992205148,KLEF0092,MINI VENTILADOR JET,1,19990.0,2023-11-26
MERCADOLIBRE,2000006996601022,KLEF0092,MINI VENTILADOR JET,1,19990.0,2023-11-27
MERCADOLIBRE,2000007005577120,KLEF0092,MINI VENTILADOR JET,1,19990.0,2023-11-28
MERCADOLIBRE,2000007030026000,KLEF0092,MINI VENTILADOR JET,1,19990.0,2023-12-01
MERCADOLIBRE,2000007040267694,KLEF0092,MINI VENTILADOR JET,1,19990.0,2023-12-02
MERCADOLIBRE,2000007046072838,KLEF0092,MINI VENTILADOR JET,1,19990.0,2023-12-03
MERCADOLIBRE,2000007048984102,KLEF0092,MINI VENTILADOR JET,1,19990.0,2023-12-03
MERCADOLIBRE,2000007152156114,KLEF0092,MINI VENTILADOR JET,1,19990.0,2023-12-14
MERCADOLIBRE,2000007156989668,KLEF0092,MINI VENTILADOR JET,1,19990.0,2023-12-15
MERCADOLIBRE,2000007160581354,KLEF0092,MINI VENTILADOR JET,1,19990.0,2023-12-15
MERCADOLIBRE,2000007160592858,KLEF0092,MINI VENTILADOR JET,1,19990.0,2023-12-15
MERCADOLIBRE,2000007167468924,KLEF0092,MINI VENTILADOR JET,1,19990.0,2023-12-16
MERCADOLIBRE,2000007168617690,KLEF0092,MINI VENTILADOR JET,1,19990.0,2023-12-16
MERCADOLIBRE,2000007172703528,KLEF0092,MINI VENTILADOR JET,1,19990.0,2023-12-16
MERCADOLIBRE,2000007175221200,KLEF0092,MINI VENTILADOR JET,1,19990.0,2023-12-17
MERCADOLIBRE,2000007175833778,KLEF0092,MINI VENTILADOR JET,1,19990.0,2023-12-17
MERCADOLIBRE,2000007177655826,KLEF0092,MINI VENTILADOR JET,1,19990.0,2023-12-17
MERCADOLIBRE,2000007178271880,KLEF0092,MINI VENTILADOR JET,1,19990.0,2023-12-17
MERCADOLIBRE,2000007179887334,KLEF0092,MINI VENTILADOR JET,1,19990.0,2023-12-17
MERCADOLIBRE,2000007180015602,KLEF0092,MINI VENTILADOR JET,1,19990.0,2023-12-17
MERCADOLIBRE,2000007300297077,KLEF0092,MINI VENTILADOR JET,1,19990.0,2025-03-03
MERCADOLIBRE,2000007726502016,KLEF0092,MINI VENTILADOR JET,1,19990.0,2024-03-01
MERCADOLIBRE,2000007730075330,KLEF0092,MINI VENTILADOR JET,1,19990.0,2024-03-02
MERCADOLIBRE,2000007732305790,KLEF0092,MINI VENTILADOR JET,1,19990.0,2024-03-02
MERCADOLIBRE,2000007735173266,KLEF0092,MINI VENTILADOR JET,1,19990.0,2024-03-03
MERCADOLIBRE,2000007736896302,KLEF0092,MINI VENTILADOR JET,1,19990.0,2024-03-03
MERCADOLIBRE,2000007737192350,KLEF0092,MINI VENTILADOR JET,1,19990.0,2024-03-03
MERCADOLIBRE,2000007738245640,KLEF0092,MINI VENTILADOR JET,1,19990.0,2024-03-03
MERCADOLIBRE,2000007823840745,KLEF0092,MINI VENTILADOR JET,1,19990.0,2025-05-08
MERCADOLIBRE,2000008020914127,KLEF0092,MINI VENTILADOR JET,1,19990.0,2025-05-29
MERCADOLIBRE,2000008174599101,KLEF0092,MINI VENTILADOR JET,1,19990.0,2025-06-12
MERCADOLIBRE,2000008177928897,KLEF0092,MINI VENTILADOR JET,1,19990.0,2025-06-13
MERCADOLIBRE,2000008225058809,KLEF0092,MINI VENTILADOR JET,1,19990.0,2025-06-17
MERCADOLIBRE,2000008251490711,KLEF0092,MINI VENTILADOR JET,1,19990.0,2025-06-20
MERCADOLIBRE,2000008754361093,KLEF0092,MINI VENTILADOR JET,1,19990.0,2025-08-06
MERCADOLIBRE,2000008811153905,KLEF0092,MINI VENTILADOR JET,1,19990.0,2025-08-11
MERCADOLIBRE,2000009144198789,KLEF0092,MINI VENTILADOR JET,1,19990.0,2025-09-08
MERCADOLIBRE,2000012953319504,KLEF0092,MINI VENTILADOR JET,1,19990.0,2025-09-07
MERCADOLIBRE,2000012965137682,KLEF0092,MINI VENTILADOR JET,1,19990.0,2025-09-08
PARIS,2748380040,KLES0068,PTC BEE,1,19990.0,2024-10-16
FALABELLA,2678004831,KLEF0092,MINI VENTILADOR JET,2,19980.0,2024-12-21
FALABELLA,2678038706,KLEF0092,MINI VENTILADOR JET,2,19980.0,2024-12-21
FALABELLA,2678499174,KLEF0092,MINI VENTILADOR JET,2,19980.0,2024-12-21
FALABELLA,2678533467,KLEF0092,MINI VENTILADOR JET,2,19980.0,2024-12-21
FALABELLA,2679185383,KLEF0092,MINI VENTILADOR JET,2,19980.0,2024-12-22
FALABELLA,2679213953,KLEF0092,MINI VENTILADOR JET,2,19980.0,2024-12-22
FALABELLA,2679297887,KLEF0092,MINI VENTILADOR JET,2,19980.0,2024-12-22
FALABELLA,2679574486,KLEF0092,MINI VENTILADOR JET,2,19980.0,2024-12-22
FALABELLA,2679730673,KLEF0092,MINI VENTILADOR JET,2,19980.0,2024-12-22
FALABELLA,2680597761,KLEF0092,MINI VENTILADOR JET,2,19980.0,2024-12-23
FALABELLA,2680625601,KLEF0092,MINI VENTILADOR JET,2,19980.0,2024-12-23
FALABELLA,2680637405,KLEF0092,MINI VENTILADOR JET,2,19980.0,2024-12-23
FALABELLA,2681060390,KLEF0092,MINI VENTILADOR JET,2,19980.0,2024-12-23
FALABELLA,2682171126,KLEF0092,MINI VENTILADOR JET,2,19980.0,2024-12-25
FALABELLA,2682695377,KLEF0092,MINI VENTILADOR JET,2,19980.0,2024-12-26
FALABELLA,2682710396,KLEF0092,MINI VENTILADOR JET,2,19980.0,2024-12-26
FALABELLA,2682879468,KLEF0092,MINI VENTILADOR JET,2,19980.0,2024-12-26
FALABELLA,2683556491,KLEF0092,MINI VENTILADOR JET,2,19980.0,2024-12-27
FALABELLA,2683604913,KLEF0092,MINI VENTILADOR JET,2,19980.0,2024-12-27
FALABELLA,2683945121,KLEF0092,MINI VENTILADOR JET,2,19980.0,2024-12-28
FALABELLA,2683995128,KLEF0092,MINI VENTILADOR JET,2,19980.0,2024-12-28
FALABELLA,2684590528,KLEF0092,MINI VENTILADOR JET,2,19980.0,2024-12-29
FALABELLA,2685846531,KLEF0092,MINI VENTILADOR JET,2,19980.0,2024-12-30
PARIS,2762330640,KLEF0092,MINI VENTILADOR JET,2,19980.0,2024-12-12
MERCADOLIBRE,2000007315345555,KLEF0092,MINI VENTILADOR JET,1,19449.0,2025-03-05
MERCADOLIBRE,2000007402580919,KLEF0092,MINI VENTILADOR JET,1,19449.0,2025-03-17
MERCADOLIBRE,2000007408370959,KLEF0092,MINI VENTILADOR JET,1,19449.0,2025-03-18
MERCADOLIBRE,2000010920957168,KLEF0092,MINI VENTILADOR JET,1,19449.0,2025-03-04
MERCADOLIBRE,2000010977251100,KLEF0092,MINI VENTILADOR JET,1,19449.0,2025-03-10
MERCADOLIBRE,2000011048512634,KLEF0092,MINI VENTILADOR JET,1,19449.0,2025-03-17
MERCADOLIBRE,2000011087281054,KLEF0092,MINI VENTILADOR JET,1,19449.0,2025-03-21
MERCADOLIBRE,2000010268922625,KLEF0092,MINI VENTILADOR JET,1,19395.0,2025-11-29
MERCADOLIBRE,2000010271966071,KLEF0092,MINI VENTILADOR JET,1,19395.0,2025-11-29
MERCADOLIBRE,2000010284282231,KLEF0092,MINI VENTILADOR JET,1,19395.0,2025-11-29
MERCADOLIBRE,2000010289342103,KLEF0092,MINI VENTILADOR JET,1,19395.0,2025-11-30
MERCADOLIBRE,2000010289529889,KLEF0092,MINI VENTILADOR JET,1,19395.0,2025-11-30
MERCADOLIBRE,2000014056661450,KLEF0092,MINI VENTILADOR JET,1,19395.0,2025-11-29
MERCADOLIBRE,2000010272930469,KLEF0092,MINI VENTILADOR JET,1,18995.0,2025-11-29
MERCADOLIBRE,2000010460586335,KLEF0092,MINI VENTILADOR JET,1,18995.0,2025-12-09
MERCADOLIBRE,2000014187352940,KLEF0092,MINI VENTILADOR JET,1,18995.0,2025-12-07
MERCADOLIBRE,2000008356557907,KLEF0092,MINI VENTILADOR JET,1,18990.0,2025-07-01
MERCADOLIBRE,2000011388122150,KLEF0092,MINI VENTILADOR JET,1,18990.0,2025-04-22
MERCADOLIBRE,2000010300080245,KLEF0092,MINI VENTILADOR JET,1,18795.0,2025-11-30
MERCADOLIBRE,2000010319427061,KLEF0092,MINI VENTILADOR JET,1,18795.0,2025-12-01
MERCADOLIBRE,2000010326509047,KLEF0092,MINI VENTILADOR JET,1,18795.0,2025-12-01
MERCADOLIBRE,2000010338303145,KLEF0092,MINI VENTILADOR JET,1,18795.0,2025-12-02
MERCADOLIBRE,2000010339058793,KLEF0092,MINI VENTILADOR JET,1,18795.0,2025-12-02
MERCADOLIBRE,2000010340274505,KLEF0092,MINI VENTILADOR JET,1,18795.0,2025-12-02
MERCADOLIBRE,2000010375051063,KLEF0092,MINI VENTILADOR JET,1,18795.0,2025-12-04
MERCADOLIBRE,2000010381677425,KLEF0092,MINI VENTILADOR JET,1,18795.0,2025-12-04
MERCADOLIBRE,2000014078422654,KLEF0092,MINI VENTILADOR JET,1,18795.0,2025-11-30
MERCADOLIBRE,2000014080951848,KLEF0092,MINI VENTILADOR JET,1,18795.0,2025-12-01
MERCADOLIBRE,2000014099780198,KLEF0092,MINI VENTILADOR JET,1,18795.0,2025-12-02
MERCADOLIBRE,2000014108130772,KLEF0092,MINI VENTILADOR JET,1,18795.0,2025-12-02
MERCADOLIBRE,2000014110419986,KLEF0092,MINI VENTILADOR JET,1,18795.0,2025-12-02
MERCADOLIBRE,2000014142952504,KLEF0092,MINI VENTILADOR JET,1,18795.0,2025-12-04
MERCADOLIBRE,2000010478901289,KLEF0092,MINI VENTILADOR JET,1,17996.0,2025-12-10
MERCADOLIBRE,2000010479677699,KLEF0092,MINI VENTILADOR JET,1,17996.0,2025-12-10
MERCADOLIBRE,2000010485861699,KLEF0092,MINI VENTILADOR JET,1,17996.0,2025-12-10
MERCADOLIBRE,2000010487678509,KLEF0092,MINI VENTILADOR JET,1,17996.0,2025-12-10
MERCADOLIBRE,2000010493085111,KLEF0092,MINI VENTILADOR JET,1,17996.0,2025-12-10
MERCADOLIBRE,2000014226360196,KLEF0092,MINI VENTILADOR JET,1,17996.0,2025-12-10
RIPLEY,24133496701,KLEF0092,MINI VENTILADOR JET,1,17990.0,2025-11-20
RIPLEY,24140522401,KLEF0092,MINI VENTILADOR JET,1,17990.0,2025-11-24
MERCADOLIBRE,2000005859091380,KLEF0092,MINI VENTILADOR JET,1,17990.0,2024-06-05
MERCADOLIBRE,2000008431594140,KLEF0092,MINI VENTILADOR JET,1,17990.0,2024-06-03
MERCADOLIBRE,2000008433967430,KLEF0092,MINI VENTILADOR JET,1,17990.0,2024-06-04
MERCADOLIBRE,2000008482942250,KLEF0092,MINI VENTILADOR JET,1,17990.0,2024-06-09
MERCADOLIBRE,2000007474184905,KLEF0092,MINI VENTILADOR JET,1,17791.0,2025-03-27
MERCADOLIBRE,2000005724819130,KLES0068,PTC BEE,1,17580.0,2024-05-06
MERCADOLIBRE,2000005726394450,KLES0068,PTC BEE,1,17580.0,2024-05-06
MERCADOLIBRE,2000005730331750,KLES0068,PTC BEE,1,17580.0,2024-05-07
MERCADOLIBRE,2000005732687410,KLES0068,PTC BEE,1,17580.0,2024-05-07
MERCADOLIBRE,2000005735892670,KLES0068,PTC BEE,1,17580.0,2024-05-08
MERCADOLIBRE,2000005747975220,KLES0068,PTC BEE,1,17580.0,2024-05-11
MERCADOLIBRE,2000005763667060,KLES0068,PTC BEE,1,17580.0,2024-05-15
MERCADOLIBRE,2000005833629020,KLES0068,PTC BEE,1,17580.0,2024-05-31
MERCADOLIBRE,2000008182480890,KLES0068,PTC BEE,1,17580.0,2024-05-03
MERCADOLIBRE,2000008210953510,KLES0068,PTC BEE,1,17580.0,2024-05-07
MERCADOLIBRE,2000008212763310,KLES0068,PTC BEE,1,17580.0,2024-05-07
MERCADOLIBRE,2000008215319510,KLES0068,PTC BEE,1,17580.0,2024-05-07
MERCADOLIBRE,2000008217966990,KLES0068,PTC BEE,1,17580.0,2024-05-08
MERCADOLIBRE,2000008222773470,KLES0068,PTC BEE,1,17580.0,2024-05-08
MERCADOLIBRE,2000008224697990,KLES0068,PTC BEE,1,17580.0,2024-05-08
MERCADOLIBRE,2000008226530080,KLES0068,PTC BEE,1,17580.0,2024-05-08
MERCADOLIBRE,2000008238768370,KLES0068,PTC BEE,1,17580.0,2024-05-10
MERCADOLIBRE,2000008276148160,KLES0068,PTC BEE,1,17580.0,2024-05-15
MERCADOLIBRE,2000008394323090,KLES0068,PTC BEE,1,17580.0,2024-05-29
MERCADOLIBRE,2000011807834396,KLEF0092,MINI VENTILADOR JET,1,17391.0,2025-06-02
MERCADOLIBRE,2000007386151451,KLES0068,PTC BEE,1,16993.0,2025-03-15
FALABELLA,2209085351,KLES0068,PTC BEE,1,16990.0,2024-05-15
FALABELLA,2225329523,KLES0068,PTC BEE,1,16990.0,2024-05-31
FALABELLA,2225810126,KLES0068,PTC BEE,1,16990.0,2024-06-01
FALABELLA,2226401901,KLES0068,PTC BEE,1,16990.0,2024-06-02
MERCADOLIBRE,2000005806620400,KLES0068,PTC BEE,1,16990.0,2024-05-24
MERCADOLIBRE,2000005806996790,KLES0068,PTC BEE,1,16990.0,2024-05-24
MERCADOLIBRE,2000005814801750,KLES0068,PTC BEE,1,16990.0,2024-05-26
MERCADOLIBRE,2000007729077682,KLES0068,PTC BEE,1,16990.0,2024-03-02
MERCADOLIBRE,2000007758767948,KLES0068,PTC BEE,1,16990.0,2024-03-06
MERCADOLIBRE,2000007765166084,KLES0068,PTC BEE,1,16990.0,2024-03-07
MERCADOLIBRE,2000007857487235,KLES0068,PTC BEE,1,16990.0,2025-05-12
MERCADOLIBRE,2000007860979585,KLES0068,PTC BEE,1,16990.0,2025-05-12
MERCADOLIBRE,2000007915540341,KLES0068,PTC BEE,1,16990.0,2025-05-18
MERCADOLIBRE,2000008027698435,KLES0068,PTC BEE,1,16990.0,2025-05-30
MERCADOLIBRE,2000008279532700,KLES0068,PTC BEE,1,16990.0,2024-05-15
MERCADOLIBRE,2000008281110910,KLES0068,PTC BEE,1,16990.0,2024-05-15
MERCADOLIBRE,2000008283634440,KLES0068,PTC BEE,1,16990.0,2024-05-15
MERCADOLIBRE,2000008331166210,KLES0068,PTC BEE,1,16990.0,2024-05-21
MERCADOLIBRE,2000008343356200,KLES0068,PTC BEE,1,16990.0,2024-05-22
MERCADOLIBRE,2000008348149420,KLES0068,PTC BEE,1,16990.0,2024-05-23
MERCADOLIBRE,2000008356077660,KLES0068,PTC BEE,1,16990.0,2024-05-24
MERCADOLIBRE,2000008358646190,KLES0068,PTC BEE,1,16990.0,2024-05-24
MERCADOLIBRE,2000008361394920,KLES0068,PTC BEE,1,16990.0,2024-05-25
MERCADOLIBRE,2000008390131770,KLES0068,PTC BEE,1,16990.0,2024-05-29
MERCADOLIBRE,2000011640552546,KLES0068,PTC BEE,1,16990.0,2025-05-17
MERCADOLIBRE,2000011739009806,KLES0068,PTC BEE,1,16990.0,2025-05-27
MERCADOLIBRE,2000011776170084,KLES0068,PTC BEE,1,16990.0,2025-05-30
MERCADOLIBRE,2000005632702953,KLES0068,PTC BEE,1,15510.0,2024-04-12
MERCADOLIBRE,2000005633922127,KLES0068,PTC BEE,1,15510.0,2024-04-13
MERCADOLIBRE,2000005634725485,KLES0068,PTC BEE,1,15510.0,2024-04-13
MERCADOLIBRE,2000005635167199,KLES0068,PTC BEE,1,15510.0,2024-04-13
MERCADOLIBRE,2000005635285645,KLES0068,PTC BEE,1,15510.0,2024-04-13
MERCADOLIBRE,2000005635549001,KLES0068,PTC BEE,1,15510.0,2024-04-13
MERCADOLIBRE,2000008034573972,KLES0068,PTC BEE,1,15510.0,2024-04-13
MERCADOLIBRE,2000008034642498,KLES0068,PTC BEE,1,15510.0,2024-04-13
MERCADOLIBRE,2000008034666198,KLES0068,PTC BEE,1,15510.0,2024-04-13
MERCADOLIBRE,2000008034879504,KLES0068,PTC BEE,1,15510.0,2024-04-13
MERCADOLIBRE,2000008034907114,KLES0068,PTC BEE,1,15510.0,2024-04-13
MERCADOLIBRE,2000008034961096,KLES0068,PTC BEE,1,15510.0,2024-04-13
MERCADOLIBRE,2000008035172552,KLES0068,PTC BEE,1,15510.0,2024-04-13
MERCADOLIBRE,2000008035220762,KLES0068,PTC BEE,1,15510.0,2024-04-13
MERCADOLIBRE,2000008036185242,KLES0068,PTC BEE,1,15510.0,2024-04-13
MERCADOLIBRE,2000008036185454,KLES0068,PTC BEE,1,15510.0,2024-04-13
MERCADOLIBRE,2000007496911481,KLES0068,PTC BEE,1,15493.0,2025-03-31
MERCADOLIBRE,2000007509006929,KLES0068,PTC BEE,1,15493.0,2025-04-01
MERCADOLIBRE,2000011178008154,KLES0068,PTC BEE,1,15493.0,2025-03-31
MERCADOLIBRE,2000006984764105,KLEF0092,MINI VENTILADOR JET,1,15196.0,2025-01-09
MERCADOLIBRE,2000006985467321,KLEF0092,MINI VENTILADOR JET,1,15196.0,2025-01-09
MERCADOLIBRE,2000006989958209,KLEF0092,MINI VENTILADOR JET,1,15196.0,2025-01-09
MERCADOLIBRE,2000006990033371,KLEF0092,MINI VENTILADOR JET,1,15196.0,2025-01-10
MERCADOLIBRE,2000006991495047,KLEF0092,MINI VENTILADOR JET,1,15196.0,2025-01-10
MERCADOLIBRE,2000006992483189,KLEF0092,MINI VENTILADOR JET,1,15196.0,2025-01-10
MERCADOLIBRE,2000006993415407,KLEF0092,MINI VENTILADOR JET,1,15196.0,2025-01-10
MERCADOLIBRE,2000006994555089,KLEF0092,MINI VENTILADOR JET,1,15196.0,2025-01-10
MERCADOLIBRE,2000006999371035,KLEF0092,MINI VENTILADOR JET,1,15196.0,2025-01-11
MERCADOLIBRE,2000007001724927,KLEF0092,MINI VENTILADOR JET,1,15196.0,2025-01-12
MERCADOLIBRE,2000007002444875,KLEF0092,MINI VENTILADOR JET,1,15196.0,2025-01-12
MERCADOLIBRE,2000007002986041,KLEF0092,MINI VENTILADOR JET,1,15196.0,2025-01-12
MERCADOLIBRE,2000007029352983,KLEF0092,MINI VENTILADOR JET,1,15196.0,2025-01-16
MERCADOLIBRE,2000007030296031,KLEF0092,MINI VENTILADOR JET,1,15196.0,2025-01-16
MERCADOLIBRE,2000007030830963,KLEF0092,MINI VENTILADOR JET,1,15196.0,2025-01-16
MERCADOLIBRE,2000007030965839,KLEF0092,MINI VENTILADOR JET,1,15196.0,2025-01-16
MERCADOLIBRE,2000007031203241,KLEF0092,MINI VENTILADOR JET,1,15196.0,2025-01-16
MERCADOLIBRE,2000007032806375,KLEF0092,MINI VENTILADOR JET,1,15196.0,2025-01-17
MERCADOLIBRE,2000007038997819,KLEF0092,MINI VENTILADOR JET,1,15196.0,2025-01-18
MERCADOLIBRE,2000007046186229,KLEF0092,MINI VENTILADOR JET,1,15196.0,2025-01-19
MERCADOLIBRE,2000007047138615,KLEF0092,MINI VENTILADOR JET,1,15196.0,2025-01-20
MERCADOLIBRE,2000007047318363,KLEF0092,MINI VENTILADOR JET,1,15196.0,2025-01-20
MERCADOLIBRE,2000007071602473,KLEF0092,MINI VENTILADOR JET,1,15196.0,2025-01-23
MERCADOLIBRE,2000007073037789,KLEF0092,MINI VENTILADOR JET,1,15196.0,2025-01-24
MERCADOLIBRE,2000007075701171,KLEF0092,MINI VENTILADOR JET,1,15196.0,2025-01-24
MERCADOLIBRE,2000007080123527,KLEF0092,MINI VENTILADOR JET,1,15196.0,2025-01-25
MERCADOLIBRE,2000007081572693,KLEF0092,MINI VENTILADOR JET,1,15196.0,2025-01-26
MERCADOLIBRE,2000007081811685,KLEF0092,MINI VENTILADOR JET,1,15196.0,2025-01-26
MERCADOLIBRE,2000007082740833,KLEF0092,MINI VENTILADOR JET,1,15196.0,2025-01-26
MERCADOLIBRE,2000007083540751,KLEF0092,MINI VENTILADOR JET,1,15196.0,2025-01-26
MERCADOLIBRE,2000007087013393,KLEF0092,MINI VENTILADOR JET,1,15196.0,2025-01-27
MERCADOLIBRE,2000007087471621,KLEF0092,MINI VENTILADOR JET,1,15196.0,2025-01-27
MERCADOLIBRE,2000010406589146,KLEF0092,MINI VENTILADOR JET,1,15196.0,2025-01-08
MERCADOLIBRE,2000010407810014,KLEF0092,MINI VENTILADOR JET,1,15196.0,2025-01-08
MERCADOLIBRE,2000010408553754,KLEF0092,MINI VENTILADOR JET,1,15196.0,2025-01-09
MERCADOLIBRE,2000010414448522,KLEF0092,MINI VENTILADOR JET,1,15196.0,2025-01-09
MERCADOLIBRE,2000010429398446,KLEF0092,MINI VENTILADOR JET,1,15196.0,2025-01-11
MERCADOLIBRE,2000010431406442,KLEF0092,MINI VENTILADOR JET,1,15196.0,2025-01-11
MERCADOLIBRE,2000010432265800,KLEF0092,MINI VENTILADOR JET,1,15196.0,2025-01-11
MERCADOLIBRE,2000010433461208,KLEF0092,MINI VENTILADOR JET,1,15196.0,2025-01-11
MERCADOLIBRE,2000010436744602,KLEF0092,MINI VENTILADOR JET,1,15196.0,2025-01-12
MERCADOLIBRE,2000010508913890,KLEF0092,MINI VENTILADOR JET,1,15196.0,2025-01-19
MERCADOLIBRE,2000010509093614,KLEF0092,MINI VENTILADOR JET,1,15196.0,2025-01-19
MERCADOLIBRE,2000010522709814,KLEF0092,MINI VENTILADOR JET,1,15196.0,2025-01-21
FALABELLA,2228870145,KLES0068,PTC BEE,1,14990.0,2024-06-03
FALABELLA,2229013338,KLES0068,PTC BEE,1,14990.0,2024-06-03
FALABELLA,2229414437,KLES0068,PTC BEE,1,14990.0,2024-06-03
FALABELLA,2229601310,KLES0068,PTC BEE,1,14990.0,2024-06-03
FALABELLA,2230683312,KLES0068,PTC BEE,1,14990.0,2024-06-03
FALABELLA,2231919049,KLES0068,PTC BEE,1,14990.0,2024-06-03
FALABELLA,2232052923,KLES0068,PTC BEE,1,14990.0,2024-06-03
FALABELLA,2232274910,KLES0068,PTC BEE,1,14990.0,2024-06-03
FALABELLA,2232586339,KLES0068,PTC BEE,1,14990.0,2024-06-03
FALABELLA,2232728330,KLES0068,PTC BEE,1,14990.0,2024-06-03
FALABELLA,2236450338,KLES0068,PTC BEE,1,14990.0,2024-06-04
FALABELLA,2237919515,KLES0068,PTC BEE,1,14990.0,2024-06-04
FALABELLA,2238981918,KLES0068,PTC BEE,1,14990.0,2024-06-04
FALABELLA,2239890343,KLES0068,PTC BEE,1,14990.0,2024-06-05
FALABELLA,2240018363,KLES0068,PTC BEE,1,14990.0,2024-06-05
FALABELLA,2240516669,KLES0068,PTC BEE,1,14990.0,2024-06-05
FALABELLA,2240599990,KLES0068,PTC BEE,1,14990.0,2024-06-05
FALABELLA,2240861737,KLES0068,PTC BEE,1,14990.0,2024-06-05
FALABELLA,2240999216,KLES0068,PTC BEE,1,14990.0,2024-06-05
FALABELLA,2241462679,KLES0068,PTC BEE,1,14990.0,2024-06-05
FALABELLA,2241913729,KLES0068,PTC BEE,1,14990.0,2024-06-05
FALABELLA,2242720436,KLES0068,PTC BEE,1,14990.0,2024-06-05
FALABELLA,2243831093,KLES0068,PTC BEE,1,14990.0,2024-06-05
MERCADOLIBRE,2000005664955181,KLES0068,PTC BEE,1,14990.0,2024-04-21
MERCADOLIBRE,2000005673227429,KLES0068,PTC BEE,1,14990.0,2024-04-23
MERCADOLIBRE,2000005698374483,KLES0068,PTC BEE,1,14990.0,2024-04-29
MERCADOLIBRE,2000005857736420,KLES0068,PTC BEE,1,14990.0,2024-06-05
MERCADOLIBRE,2000008433686760,KLES0068,PTC BEE,1,14990.0,2024-06-03
MERCADOLIBRE,2000005755380490,KLES0068,PTC BEE,1,14840.0,2024-05-13
MERCADOLIBRE,2000005756020540,KLES0068,PTC BEE,1,14840.0,2024-05-13
MERCADOLIBRE,2000005756300250,KLES0068,PTC BEE,1,14840.0,2024-05-13
MERCADOLIBRE,2000005762058570,KLES0068,PTC BEE,1,14840.0,2024-05-14
MERCADOLIBRE,2000008259151590,KLES0068,PTC BEE,1,14840.0,2024-05-13
MERCADOLIBRE,2000008259181460,KLES0068,PTC BEE,1,14840.0,2024-05-13
MERCADOLIBRE,2000008260623590,KLES0068,PTC BEE,1,14840.0,2024-05-13
MERCADOLIBRE,2000008260750550,KLES0068,PTC BEE,1,14840.0,2024-05-13
MERCADOLIBRE,2000008263051500,KLES0068,PTC BEE,1,14840.0,2024-05-13
MERCADOLIBRE,2000008263177750,KLES0068,PTC BEE,1,14840.0,2024-05-13
MERCADOLIBRE,2000008270484680,KLES0068,PTC BEE,1,14840.0,2024-05-14
MERCADOLIBRE,2000008270635420,KLES0068,PTC BEE,1,14840.0,2024-05-14
MERCADOLIBRE,2000008272299170,KLES0068,PTC BEE,1,14840.0,2024-05-14
MERCADOLIBRE,2000008273120790,KLES0068,PTC BEE,1,14840.0,2024-05-14
MERCADOLIBRE,2000008273264140,KLES0068,PTC BEE,1,14840.0,2024-05-14
MERCADOLIBRE,2000012367397260,KLEF0092,MINI VENTILADOR JET,1,12912.0,2025-07-20
MERCADOLIBRE,2000012386701022,KLEF0092,MINI VENTILADOR JET,1,12912.0,2025-07-22
MERCADOLIBRE,2000012421890608,KLEF0092,MINI VENTILADOR JET,1,12912.0,2025-07-25
MERCADOLIBRE,2000006760112489,KLEF0092,MINI VENTILADOR JET,1,11997.0,2024-12-03
MERCADOLIBRE,2000006764741209,KLEF0092,MINI VENTILADOR JET,1,11997.0,2024-12-04
MERCADOLIBRE,2000006773606725,KLEF0092,MINI VENTILADOR JET,1,11997.0,2024-12-05
MERCADOLIBRE,2000006819968799,KLEF0092,MINI VENTILADOR JET,1,11997.0,2024-12-11
MERCADOLIBRE,2000006821103625,KLEF0092,MINI VENTILADOR JET,1,11997.0,2024-12-11
MERCADOLIBRE,2000006834104411,KLEF0092,MINI VENTILADOR JET,1,11997.0,2024-12-13
MERCADOLIBRE,2000006843637739,KLEF0092,MINI VENTILADOR JET,1,11997.0,2024-12-14
MERCADOLIBRE,2000006843890435,KLEF0092,MINI VENTILADOR JET,1,11997.0,2024-12-14
MERCADOLIBRE,2000006847730185,KLEF0092,MINI VENTILADOR JET,1,11997.0,2024-12-15
MERCADOLIBRE,2000006848090451,KLEF0092,MINI VENTILADOR JET,1,11997.0,2024-12-15
MERCADOLIBRE,2000006852523493,KLEF0092,MINI VENTILADOR JET,1,11997.0,2024-12-16
MERCADOLIBRE,2000006853215867,KLEF0092,MINI VENTILADOR JET,1,11997.0,2024-12-16
MERCADOLIBRE,2000006853284725,KLEF0092,MINI VENTILADOR JET,1,11997.0,2024-12-16
MERCADOLIBRE,2000006907371177,KLEF0092,MINI VENTILADOR JET,1,11997.0,2024-12-24
MERCADOLIBRE,2000006910261915,KLEF0092,MINI VENTILADOR JET,1,11997.0,2024-12-25
MERCADOLIBRE,2000006910613615,KLEF0092,MINI VENTILADOR JET,1,11997.0,2024-12-25
MERCADOLIBRE,2000006911062019,KLEF0092,MINI VENTILADOR JET,1,11997.0,2024-12-25
MERCADOLIBRE,2000006931376113,KLEF0092,MINI VENTILADOR JET,1,11997.0,2024-12-30
MERCADOLIBRE,2000006931945509,KLEF0092,MINI VENTILADOR JET,1,11997.0,2024-12-30
MERCADOLIBRE,2000006932160475,KLEF0092,MINI VENTILADOR JET,1,11997.0,2024-12-30
MERCADOLIBRE,2000006933726257,KLEF0092,MINI VENTILADOR JET,1,11997.0,2024-12-30
MERCADOLIBRE,2000006933881719,KLEF0092,MINI VENTILADOR JET,1,11997.0,2024-12-30
MERCADOLIBRE,2000006934375065,KLEF0092,MINI VENTILADOR JET,1,11997.0,2024-12-30
MERCADOLIBRE,2000006934838823,KLEF0092,MINI VENTILADOR JET,1,11997.0,2024-12-30
MERCADOLIBRE,2000009992951066,KLEF0092,MINI VENTILADOR JET,1,11997.0,2024-11-29
MERCADOLIBRE,2000010094609624,KLEF0092,MINI VENTILADOR JET,1,11997.0,2024-12-07
MERCADOLIBRE,2000010106328112,KLEF0092,MINI VENTILADOR JET,1,11997.0,2024-12-09
MERCADOLIBRE,2000010127671338,KLEF0092,MINI VENTILADOR JET,1,11997.0,2024-12-10
MERCADOLIBRE,2000010130938192,KLEF0092,MINI VENTILADOR JET,1,11997.0,2024-12-10
MERCADOLIBRE,2000010134102606,KLEF0092,MINI VENTILADOR JET,1,11997.0,2024-12-11
MERCADOLIBRE,2000010163686534,KLEF0092,MINI VENTILADOR JET,1,11997.0,2024-12-13
MERCADOLIBRE,2000010167632608,KLEF0092,MINI VENTILADOR JET,1,11997.0,2024-12-13
MERCADOLIBRE,2000010171764856,KLEF0092,MINI VENTILADOR JET,1,11997.0,2024-12-14
MERCADOLIBRE,2000010186240720,KLEF0092,MINI VENTILADOR JET,1,11997.0,2024-12-15
MERCADOLIBRE,2000010186709796,KLEF0092,MINI VENTILADOR JET,1,11997.0,2024-12-15
MERCADOLIBRE,2000010189426840,KLEF0092,MINI VENTILADOR JET,1,11997.0,2024-12-16
MERCADOLIBRE,2000010190715838,KLEF0092,MINI VENTILADOR JET,1,11997.0,2024-12-16
MERCADOLIBRE,2000010192269420,KLEF0092,MINI VENTILADOR JET,1,11997.0,2024-12-16
MERCADOLIBRE,2000010195827322,KLEF0092,MINI VENTILADOR JET,1,11997.0,2024-12-16
MERCADOLIBRE,2000010283025546,KLEF0092,MINI VENTILADOR JET,1,11997.0,2024-12-24
MERCADOLIBRE,2000010324188468,KLEF0092,MINI VENTILADOR JET,1,11997.0,2024-12-30
MERCADOLIBRE,2000007524369785,KLES0068,PTC BEE,1,11995.0,2025-04-03
MERCADOLIBRE,2000008508321603,KLEF0092,MINI VENTILADOR JET,1,11994.0,2025-07-14
MERCADOLIBRE,2000005858647150,KLES0068,PTC BEE,1,11990.0,2024-06-05
MERCADOLIBRE,2000005859512240,KLES0068,PTC BEE,1,11990.0,2024-06-05
MERCADOLIBRE,2000005859586210,KLES0068,PTC BEE,1,11990.0,2024-06-05
MERCADOLIBRE,2000005859796950,KLES0068,PTC BEE,1,11990.0,2024-06-06
MERCADOLIBRE,2000008452126050,KLES0068,PTC BEE,1,11990.0,2024-06-05
MERCADOLIBRE,2000008052273751,KLES0068,PTC BEE,1,11245.0,2025-06-02
MERCADOLIBRE,2000011241642746,KLES0068,PTC BEE,1,10995.0,2025-04-06
PARIS,3004383840,KLES0068,PTC BEE,1,10990.0,2025-04-11
PARIS,3004428222,KLES0068,PTC BEE,1,10990.0,2025-04-11
PARIS,3004814561,KLES0068,PTC BEE,1,10990.0,2025-04-13
MERCADOLIBRE,2000007612201327,KLES0068,PTC BEE,1,10990.0,2025-04-12
MERCADOLIBRE,2000007652308329,KLES0068,PTC BEE,1,10990.0,2025-04-17
MERCADOLIBRE,2000007670043233,KLES0068,PTC BEE,1,10990.0,2025-04-20
MERCADOLIBRE,2000007678245025,KLES0068,PTC BEE,1,10990.0,2025-04-21
MERCADOLIBRE,2000007707382925,KLES0068,PTC BEE,1,10990.0,2025-04-24
MERCADOLIBRE,2000007708969243,KLES0068,PTC BEE,1,10990.0,2025-04-24
MERCADOLIBRE,2000007709141517,KLES0068,PTC BEE,1,10990.0,2025-04-24
MERCADOLIBRE,2000007712634755,KLES0068,PTC BEE,1,10990.0,2025-04-25
MERCADOLIBRE,2000007734517899,KLES0068,PTC BEE,1,10990.0,2025-04-28
MERCADOLIBRE,2000011303825894,KLES0068,PTC BEE,1,10990.0,2025-04-12
MERCADOLIBRE,2000011323915204,KLES0068,PTC BEE,1,10990.0,2025-04-14
MERCADOLIBRE,2000011356175500,KLES0068,PTC BEE,1,10990.0,2025-04-17
MERCADOLIBRE,2000011405488732,KLES0068,PTC BEE,1,10990.0,2025-04-23
MERCADOLIBRE,2000011468297692,KLES0068,PTC BEE,1,10990.0,2025-04-30
MERCADOLIBRE,2000008083072321,KLES0068,PTC BEE,1,9996.0,2025-06-04
MERCADOLIBRE,2000008084439415,KLES0068,PTC BEE,1,9996.0,2025-06-04
MERCADOLIBRE,2000008086148985,KLES0068,PTC BEE,1,9996.0,2025-06-04
MERCADOLIBRE,2000008088454761,KLES0068,PTC BEE,1,9996.0,2025-06-05
MERCADOLIBRE,2000008115987045,KLES0068,PTC BEE,1,9996.0,2025-06-07
MERCADOLIBRE,2000011819680468,KLES0068,PTC BEE,1,9996.0,2025-06-03
MERCADOLIBRE,2000011823566906,KLES0068,PTC BEE,1,9996.0,2025-06-03
MERCADOLIBRE,2000011827017020,KLES0068,PTC BEE,1,9996.0,2025-06-03
MERCADOLIBRE,2000011837249930,KLES0068,PTC BEE,1,9996.0,2025-06-04
MERCADOLIBRE,2000011875788072,KLES0068,PTC BEE,1,9996.0,2025-06-07
MERCADOLIBRE,2000011880942320,KLES0068,PTC BEE,1,9996.0,2025-06-08
MERCADOLIBRE,2000011884227332,KLES0068,PTC BEE,1,9996.0,2025-06-08
FALABELLA,2679876775,KLEF0092,MINI VENTILADOR JET,1,9990.0,2024-12-22
FALABELLA,2679928974,KLEF0092,MINI VENTILADOR JET,1,9990.0,2024-12-22
FALABELLA,2680005012,KLEF0092,MINI VENTILADOR JET,1,9990.0,2024-12-22
FALABELLA,2680028771,KLEF0092,MINI VENTILADOR JET,1,9990.0,2024-12-23
FALABELLA,2680052483,KLEF0092,MINI VENTILADOR JET,1,9990.0,2024-12-23
FALABELLA,2680074702,KLEF0092,MINI VENTILADOR JET,1,9990.0,2024-12-23
FALABELLA,2680261035,KLEF0092,MINI VENTILADOR JET,1,9990.0,2024-12-23
FALABELLA,2680479732,KLEF0092,MINI VENTILADOR JET,1,9990.0,2024-12-23
FALABELLA,2681266988,KLEF0092,MINI VENTILADOR JET,1,9990.0,2024-12-24
FALABELLA,2681331459,KLEF0092,MINI VENTILADOR JET,1,9990.0,2024-12-25
FALABELLA,2681512112,KLEF0092,MINI VENTILADOR JET,1,9990.0,2024-12-24
FALABELLA,2681902493,KLEF0092,MINI VENTILADOR JET,1,9990.0,2024-12-25
FALABELLA,2682024004,KLEF0092,MINI VENTILADOR JET,1,9990.0,2024-12-25
FALABELLA,2682095496,KLEF0092,MINI VENTILADOR JET,1,9990.0,2024-12-25
FALABELLA,2682224226,KLEF0092,MINI VENTILADOR JET,1,9990.0,2024-12-26
FALABELLA,2682509926,KLEF0092,MINI VENTILADOR JET,1,9990.0,2024-12-26
FALABELLA,2682573929,KLEF0092,MINI VENTILADOR JET,1,9990.0,2024-12-26
FALABELLA,2683355042,KLEF0092,MINI VENTILADOR JET,1,9990.0,2024-12-27
FALABELLA,2684391277,KLEF0092,MINI VENTILADOR JET,1,9990.0,2024-12-28
FALABELLA,2684764225,KLEF0092,MINI VENTILADOR JET,1,9990.0,2024-12-29
FALABELLA,2684799825,KLEF0092,MINI VENTILADOR JET,1,9990.0,2024-12-29
FALABELLA,2684897316,KLEF0092,MINI VENTILADOR JET,1,9990.0,2024-12-29
FALABELLA,2684927188,KLEF0092,MINI VENTILADOR JET,1,9990.0,2024-12-29
FALABELLA,2685724778,KLEF0092,MINI VENTILADOR JET,1,9990.0,2024-12-30
FALABELLA,2685757019,KLEF0092,MINI VENTILADOR JET,1,9990.0,2024-12-30
FALABELLA,2685804101,KLEF0092,MINI VENTILADOR JET,1,9990.0,2024-12-30
PARIS,2754299020,KLEF0092,MINI VENTILADOR JET,1,9990.0,2024-11-25
PARIS,2754413820,KLEF0092,MINI VENTILADOR JET,1,9990.0,2024-11-26
PARIS,2754594980,KLEF0092,MINI VENTILADOR JET,1,9990.0,2024-11-27
PARIS,2757468370,KLEF0092,MINI VENTILADOR JET,1,9990.0,2024-12-01
PARIS,2758576350,KLEF0092,MINI VENTILADOR JET,1,9990.0,2024-12-02
PARIS,2758858540,KLEF0092,MINI VENTILADOR JET,1,9990.0,2024-12-02
PARIS,2760237930,KLEF0092,MINI VENTILADOR JET,1,9990.0,2024-12-06
PARIS,2760550113,KLEF0092,MINI VENTILADOR JET,1,9990.0,2024-12-07
PARIS,2761957220,KLEF0092,MINI VENTILADOR JET,1,9990.0,2024-12-11
PARIS,2762234870,KLEF0092,MINI VENTILADOR JET,1,9990.0,2024-12-12
PARIS,2763637270,KLEF0092,MINI VENTILADOR JET,1,9990.0,2024-12-16
PARIS,2763750550,KLEF0092,MINI VENTILADOR JET,1,9990.0,2024-12-16
PARIS,2763843620,KLEF0092,MINI VENTILADOR JET,1,9990.0,2024-12-16
PARIS,2764666090,KLEF0092,MINI VENTILADOR JET,1,9990.0,2024-12-18
MERCADOLIBRE,2000008105901915,KLES0070,PTC LIFE 2,1,,2025-06-06
